[INFO] Scanning for projects...
[WARNING] 
[WARNING] Some problems were encountered while building the effective model for com.app.confeitaria:docelivery:jar:0.0.1-SNAPSHOT
[WARNING] 'dependencies.dependency.(groupId:artifactId:type:classifier)' must be unique: org.projectlombok:lombok:jar -> duplicate declaration of version (?) @ line 89, column 21
[WARNING] 
[WARNING] It is highly recommended to fix these problems because they threaten the stability of your build.
[WARNING] 
[WARNING] For this reason, future Maven versions might no longer support building such malformed projects.
[WARNING] 
[INFO] 
[INFO] -------------------< com.app.confeitaria:docelivery >-------------------
[INFO] Building docelivery 0.0.1-SNAPSHOT
[INFO]   from pom.xml
[INFO] --------------------------------[ jar ]---------------------------------
[INFO] 
[INFO] >>> spring-boot:4.0.3:run (default-cli) > test-compile @ docelivery >>>
[INFO] 
[INFO] --- resources:3.3.1:resources (default-resources) @ docelivery ---
[INFO] Copying 1 resource from src\main\resources to target\classes
[INFO] Copying 0 resource from src\main\resources to target\classes
[INFO] 
[INFO] --- compiler:3.14.1:compile (default-compile) @ docelivery ---
[INFO] Nothing to compile - all classes are up to date.
[INFO] 
[INFO] --- resources:3.3.1:testResources (default-testResources) @ docelivery ---
[INFO] skip non existing resourceDirectory C:\Docelivery\API\src\test\resources
[INFO] 
[INFO] --- compiler:3.14.1:testCompile (default-testCompile) @ docelivery ---
[INFO] Nothing to compile - all classes are up to date.
[INFO] 
[INFO] <<< spring-boot:4.0.3:run (default-cli) < test-compile @ docelivery <<<
[INFO] 
[INFO] 
[INFO] --- spring-boot:4.0.3:run (default-cli) @ docelivery ---
[INFO] Attaching agents: []

  .   ____          _            __ _ _
 /\\ / ___'_ __ _ _(_)_ __  __ _ \ \ \ \
( ( )\___ | '_ | '_| | '_ \/ _` | \ \ \ \
 \\/  ___)| |_)| | | | | || (_| |  ) ) ) )
  '  |____| .__|_| |_|_| |_\__, | / / / /
 =========|_|==============|___/=/_/_/_/

 :: Spring Boot ::                (v4.0.3)

2026-06-16T13:37:17.398-03:00  INFO 8456 --- [docelivery] [  restartedMain] c.a.c.docelivery.DoceliveryApplication   : Starting DoceliveryApplication using Java 21.0.11 with PID 8456 (C:\Docelivery\API\target\classes started by bia in C:\Docelivery\API)
2026-06-16T13:37:17.401-03:00  INFO 8456 --- [docelivery] [  restartedMain] c.a.c.docelivery.DoceliveryApplication   : No active profile set, falling back to 1 default profile: "default"
2026-06-16T13:37:17.457-03:00  INFO 8456 --- [docelivery] [  restartedMain] .e.DevToolsPropertyDefaultsPostProcessor : Devtools property defaults active! Set 'spring.devtools.add-properties' to 'false' to disable
2026-06-16T13:37:17.457-03:00  INFO 8456 --- [docelivery] [  restartedMain] .e.DevToolsPropertyDefaultsPostProcessor : For additional web related logging consider setting the 'logging.level.web' property to 'DEBUG'
2026-06-16T13:37:18.159-03:00  INFO 8456 --- [docelivery] [  restartedMain] .s.d.r.c.RepositoryConfigurationDelegate : Bootstrapping Spring Data JPA repositories in DEFAULT mode.
2026-06-16T13:37:18.259-03:00  INFO 8456 --- [docelivery] [  restartedMain] .s.d.r.c.RepositoryConfigurationDelegate : Finished Spring Data repository scanning in 91 ms. Found 14 JPA repository interfaces.
2026-06-16T13:37:18.855-03:00  INFO 8456 --- [docelivery] [  restartedMain] o.s.boot.tomcat.TomcatWebServer          : Tomcat initialized with port 8080 (http)
2026-06-16T13:37:18.868-03:00  INFO 8456 --- [docelivery] [  restartedMain] o.apache.catalina.core.StandardService   : Starting service [Tomcat]
2026-06-16T13:37:18.868-03:00  INFO 8456 --- [docelivery] [  restartedMain] o.apache.catalina.core.StandardEngine    : Starting Servlet engine: [Apache Tomcat/11.0.18]
2026-06-16T13:37:18.915-03:00  INFO 8456 --- [docelivery] [  restartedMain] b.w.c.s.WebApplicationContextInitializer : Root WebApplicationContext: initialization completed in 1456 ms
2026-06-16T13:37:19.104-03:00  INFO 8456 --- [docelivery] [  restartedMain] org.hibernate.orm.jpa                    : HHH008540: Processing PersistenceUnitInfo [name: default]
2026-06-16T13:37:19.179-03:00  INFO 8456 --- [docelivery] [  restartedMain] org.hibernate.orm.core                   : HHH000001: Hibernate ORM core version 7.2.4.Final
2026-06-16T13:37:19.787-03:00  INFO 8456 --- [docelivery] [  restartedMain] o.s.o.j.p.SpringPersistenceUnitInfo      : No LoadTimeWeaver setup: ignoring JPA class transformer
2026-06-16T13:37:19.860-03:00  INFO 8456 --- [docelivery] [  restartedMain] com.zaxxer.hikari.HikariDataSource       : HikariPool-1 - Starting...
2026-06-16T13:37:20.233-03:00  INFO 8456 --- [docelivery] [  restartedMain] com.zaxxer.hikari.pool.HikariPool        : HikariPool-1 - Added connection ConnectionID:1 ClientConnectionId: 3290c037-bade-4fc0-bbb4-4dc4cad4b5fc
2026-06-16T13:37:20.235-03:00  INFO 8456 --- [docelivery] [  restartedMain] com.zaxxer.hikari.HikariDataSource       : HikariPool-1 - Start completed.
2026-06-16T13:37:20.341-03:00  INFO 8456 --- [docelivery] [  restartedMain] org.hibernate.orm.connections.pooling    : HHH10001005: Database info:
	Database JDBC URL [jdbc:sqlserver://localhost:1433;concatNullYieldsNull=ON;quotedIdentifier=ON;connectRetryInterval=10;connectRetryCount=1;maxResultBuffer=-1;sendTemporalDataTypesAsStringForBulkCopy=true;delayLoadingLobs=true;useFmtOnly=false;vectorTypeSupport=v1;cacheBulkCopyMetadata=false;bulkCopyForBatchInsertAllowEncryptedValueModifications=false;bulkCopyForBatchInsertTableLock=false;bulkCopyForBatchInsertKeepNulls=false;bulkCopyForBatchInsertKeepIdentity=false;bulkCopyForBatchInsertFireTriggers=false;bulkCopyForBatchInsertCheckConstraints=false;bulkCopyForBatchInsertBatchSize=0;useBulkCopyForBatchInsert=false;cancelQueryTimeout=-1;sslProtocol=TLS;calcBigDecimalPrecision=false;useDefaultJaasConfig=false;jaasConfigurationName=SQLJDBCDriver;statementPoolingCacheSize=0;serverPreparedStatementDiscardThreshold=10;enablePrepareOnFirstPreparedStatementCall=false;fips=false;socketTimeout=0;authentication=NotSpecified;authenticationScheme=nativeAuthentication;xopenStates=false;datetimeParameterType=datetime2;sendTimeAsDatetime=true;replication=false;trustStoreType=JKS;trustServerCertificate=true;TransparentNetworkIPResolution=true;iPAddressPreference=IPv4First;serverNameAsACE=false;sendStringParametersAsUnicode=true;selectMethod=direct;responseBuffering=adaptive;queryTimeout=-1;packetSize=8000;multiSubnetFailover=false;loginTimeout=30;lockTimeout=-1;lastUpdateCount=true;useDefaultGSSCredential=false;prepareMethod=prepexec;encrypt=true;disableStatementPooling=true;databaseName=docelivery;columnEncryptionSetting=Disabled;applicationName=Microsoft JDBC Driver for SQL Server;applicationIntent=readwrite;]
	Database driver: Microsoft JDBC Driver 13.2 for SQL Server
	Database dialect: SQLServerDialect
	Database version: 16.0
	Default catalog/schema: docelivery/dbo
	Autocommit mode: undefined/unknown
	Isolation level: READ_COMMITTED [default READ_COMMITTED]
	JDBC fetch size: 128
	Pool: DataSourceConnectionProvider
	Minimum pool size: undefined/unknown
	Maximum pool size: undefined/unknown
2026-06-16T13:37:21.954-03:00  INFO 8456 --- [docelivery] [  restartedMain] org.hibernate.orm.core                   : HHH000489: No JTA platform available (set 'hibernate.transaction.jta.platform' to enable JTA platform integration)
Hibernate: 
    alter table foto_produto 
       alter column dados_binarios VARBINARY(MAX)
Hibernate: 
    alter table usuario 
       alter column preferencias NVARCHAR(MAX)
Hibernate: 
    alter table usuario 
       alter column restricoes NVARCHAR(MAX)
2026-06-16T13:37:30.386-03:00  INFO 8456 --- [docelivery] [  restartedMain] j.LocalContainerEntityManagerFactoryBean : Initialized JPA EntityManagerFactory for persistence unit 'default'
2026-06-16T13:37:30.467-03:00  INFO 8456 --- [docelivery] [  restartedMain] o.s.d.j.r.query.QueryEnhancerFactories   : Hibernate is in classpath; If applicable, HQL parser will be used.
LOG DOCELIVERY: Servindo arquivos de: file:///C:/docelivery-storage
LOG DOCELIVERY: Servindo fotos de: file:///C:/docelivery-storage/fotos
2026-06-16T13:37:32.078-03:00  WARN 8456 --- [docelivery] [  restartedMain] o.s.w.s.resource.ResourceHandlerUtils    : Appended trailing slash to static resource location: file:///C:/docelivery-storage/
2026-06-16T13:37:32.078-03:00  WARN 8456 --- [docelivery] [  restartedMain] o.s.w.s.resource.ResourceHandlerUtils    : Appended trailing slash to static resource location: file:///C:/docelivery-storage/
2026-06-16T13:37:32.078-03:00  WARN 8456 --- [docelivery] [  restartedMain] o.s.w.s.resource.ResourceHandlerUtils    : Appended trailing slash to static resource location: file:///C:/docelivery-storage/fotos/
2026-06-16T13:37:32.261-03:00  INFO 8456 --- [docelivery] [  restartedMain] o.s.m.s.b.SimpleBrokerMessageHandler     : Starting...
2026-06-16T13:37:32.261-03:00  INFO 8456 --- [docelivery] [  restartedMain] o.s.m.s.b.SimpleBrokerMessageHandler     : BrokerAvailabilityEvent[available=true, SimpleBrokerMessageHandler [org.springframework.messaging.simp.broker.DefaultSubscriptionRegistry@5c424a22]]
2026-06-16T13:37:32.262-03:00  INFO 8456 --- [docelivery] [  restartedMain] o.s.m.s.b.SimpleBrokerMessageHandler     : Started.
2026-06-16T13:37:32.289-03:00  INFO 8456 --- [docelivery] [  restartedMain] o.s.boot.tomcat.TomcatWebServer          : Tomcat started on port 8080 (http) with context path '/'
2026-06-16T13:37:32.295-03:00  INFO 8456 --- [docelivery] [  restartedMain] c.a.c.docelivery.DoceliveryApplication   : Started DoceliveryApplication in 15.273 seconds (process running for 15.744)
Hibernate: 
    select
        p1_0.id,
        p1_0.agendado,
        p1_0.cliente_id,
        p1_0.cod_status,
        p1_0.confeiteiro_id,
        p1_0.data_entrega_agendada,
        p1_0.data_hora_pedido,
        p1_0.entregador_id,
        p1_0.loja_id,
        p1_0.numero_pedido,
        p1_0.status,
        p1_0.valor_pedido 
    from
        pedido p1_0 
    where
        p1_0.status=? 
        and p1_0.data_entrega_agendada<?
2026-06-16T13:38:32.274-03:00  INFO 8456 --- [docelivery] [MessageBroker-2] o.s.w.s.c.WebSocketMessageBrokerStats    : WebSocketSession[0 current WS(0)-HttpStream(0)-HttpPoll(0), 0 total, 0 closed abnormally (0 connect failure, 0 send limit, 0 transport error)], stompSubProtocol[processed CONNECT(0)-CONNECTED(0)-DISCONNECT(0)], stompBrokerRelay[null], inboundChannel[pool size = 0, active threads = 0, queued tasks = 0, completed tasks = 0], outboundChannel[pool size = 0, active threads = 0, queued tasks = 0, completed tasks = 0], sockJsScheduler[pool size = 3, active threads = 1, queued tasks = 1, completed tasks = 1]
2026-06-16T13:46:10.335-03:00  INFO 8456 --- [docelivery] [nio-8080-exec-1] o.a.c.c.C.[Tomcat].[localhost].[/]       : Initializing Spring DispatcherServlet 'dispatcherServlet'
2026-06-16T13:46:10.347-03:00  INFO 8456 --- [docelivery] [nio-8080-exec-1] o.s.web.servlet.DispatcherServlet        : Initializing Servlet 'dispatcherServlet'
2026-06-16T13:46:10.443-03:00  INFO 8456 --- [docelivery] [nio-8080-exec-1] o.s.web.servlet.DispatcherServlet        : Completed initialization in 96 ms
Hibernate: 
    select
        u1_0.id,
        u1_0.tipo_usuario,
        u1_0.bairro,
        u1_0.cep,
        u1_0.cidade,
        u1_0.cod_status,
        u1_0.complemento,
        u1_0.cpf,
        u1_0.data_nascimento,
        u1_0.email,
        u1_0.endereco,
        u1_0.foto_perfil,
        u1_0.nome,
        u1_0.numero,
        u1_0.preferencias,
        u1_0.restricoes,
        u1_0.senha,
        u1_0.telefone,
        u1_0.tipo_usuario,
        u1_0.uf,
        u1_0.nivel_acesso,
        u1_0.apelido,
        u1_0.categoria,
        u1_0.promocao,
        u1_0.proprietario,
        u1_0.cnh,
        u1_0.placa_veiculo,
        u1_0.veiculo 
    from
        usuario u1_0 
    where
        u1_0.email=?
Hibernate: 
    select
        l1_0.id,
        l1_0.cnpj,
        c1_0.id,
        c1_0.bairro,
        c1_0.cep,
        c1_0.cidade,
        c1_0.cod_status,
        c1_0.complemento,
        c1_0.cpf,
        c1_0.data_nascimento,
        c1_0.email,
        c1_0.endereco,
        c1_0.foto_perfil,
        c1_0.nome,
        c1_0.numero,
        c1_0.preferencias,
        c1_0.restricoes,
        c1_0.senha,
        c1_0.telefone,
        c1_0.tipo_usuario,
        c1_0.uf,
        c1_0.categoria,
        c1_0.promocao,
        c1_0.proprietario,
        l1_0.data_cadastro,
        l1_0.descricao,
        l1_0.endereco,
        l1_0.foto_url,
        l1_0.nome_fantasia,
        l1_0.status,
        l1_0.telefone 
    from
        loja l1_0 
    left join
        (select
            * from usuario t 
        where
            t.tipo_usuario='CONFEITEIRO') c1_0 
            on c1_0.id=l1_0.confeiteiro_id 
    where
        l1_0.confeiteiro_id=?
Hibernate: 
    select
        c1_0.id,
        c1_0.bairro,
        c1_0.cep,
        c1_0.cidade,
        c1_0.cod_status,
        c1_0.complemento,
        c1_0.cpf,
        c1_0.data_nascimento,
        c1_0.email,
        c1_0.endereco,
        c1_0.foto_perfil,
        c1_0.nome,
        c1_0.numero,
        c1_0.preferencias,
        c1_0.restricoes,
        c1_0.senha,
        c1_0.telefone,
        c1_0.tipo_usuario,
        c1_0.uf,
        c1_0.categoria,
        c1_0.promocao,
        c1_0.proprietario 
    from
        usuario c1_0 
    where
        c1_0.tipo_usuario='CONFEITEIRO'
Hibernate: 
    select
        c1_0.id,
        c1_0.bairro,
        c1_0.cep,
        c1_0.cidade,
        c1_0.cod_status,
        c1_0.complemento,
        c1_0.cpf,
        c1_0.data_nascimento,
        c1_0.email,
        c1_0.endereco,
        c1_0.foto_perfil,
        c1_0.nome,
        c1_0.numero,
        c1_0.preferencias,
        c1_0.restricoes,
        c1_0.senha,
        c1_0.telefone,
        c1_0.tipo_usuario,
        c1_0.uf,
        c1_0.categoria,
        c1_0.promocao,
        c1_0.proprietario 
    from
        usuario c1_0 
    where
        c1_0.tipo_usuario='CONFEITEIRO'
Hibernate: 
    select
        l1_0.id,
        l1_0.cnpj,
        c1_0.id,
        c1_0.bairro,
        c1_0.cep,
        c1_0.cidade,
        c1_0.cod_status,
        c1_0.complemento,
        c1_0.cpf,
        c1_0.data_nascimento,
        c1_0.email,
        c1_0.endereco,
        c1_0.foto_perfil,
        c1_0.nome,
        c1_0.numero,
        c1_0.preferencias,
        c1_0.restricoes,
        c1_0.senha,
        c1_0.telefone,
        c1_0.tipo_usuario,
        c1_0.uf,
        c1_0.categoria,
        c1_0.promocao,
        c1_0.proprietario,
        l1_0.data_cadastro,
        l1_0.descricao,
        l1_0.endereco,
        l1_0.foto_url,
        l1_0.nome_fantasia,
        l1_0.status,
        l1_0.telefone 
    from
        loja l1_0 
    left join
        (select
            * from usuario t 
        where
            t.tipo_usuario='CONFEITEIRO') c1_0 
            on c1_0.id=l1_0.confeiteiro_id 
    where
        l1_0.confeiteiro_id=?
Hibernate: 
    select
        l1_0.id,
        l1_0.cnpj,
        c1_0.id,
        c1_0.bairro,
        c1_0.cep,
        c1_0.cidade,
        c1_0.cod_status,
        c1_0.complemento,
        c1_0.cpf,
        c1_0.data_nascimento,
        c1_0.email,
        c1_0.endereco,
        c1_0.foto_perfil,
        c1_0.nome,
        c1_0.numero,
        c1_0.preferencias,
        c1_0.restricoes,
        c1_0.senha,
        c1_0.telefone,
        c1_0.tipo_usuario,
        c1_0.uf,
        c1_0.categoria,
        c1_0.promocao,
        c1_0.proprietario,
        l1_0.data_cadastro,
        l1_0.descricao,
        l1_0.endereco,
        l1_0.foto_url,
        l1_0.nome_fantasia,
        l1_0.status,
        l1_0.telefone 
    from
        loja l1_0 
    left join
        (select
            * from usuario t 
        where
            t.tipo_usuario='CONFEITEIRO') c1_0 
            on c1_0.id=l1_0.confeiteiro_id 
    where
        l1_0.confeiteiro_id=?
Hibernate: 
    select
        u1_0.id,
        u1_0.tipo_usuario,
        u1_0.bairro,
        u1_0.cep,
        u1_0.cidade,
        u1_0.cod_status,
        u1_0.complemento,
        u1_0.cpf,
        u1_0.data_nascimento,
        u1_0.email,
        u1_0.endereco,
        u1_0.foto_perfil,
        u1_0.nome,
        u1_0.numero,
        u1_0.preferencias,
        u1_0.restricoes,
        u1_0.senha,
        u1_0.telefone,
        u1_0.tipo_usuario,
        u1_0.uf,
        u1_0.nivel_acesso,
        u1_0.apelido,
        u1_0.categoria,
        u1_0.promocao,
        u1_0.proprietario,
        u1_0.cnh,
        u1_0.placa_veiculo,
        u1_0.veiculo 
    from
        usuario u1_0 
    where
        u1_0.email=?
Hibernate: 
    select
        l1_0.id,
        l1_0.cnpj,
        c1_0.id,
        c1_0.bairro,
        c1_0.cep,
        c1_0.cidade,
        c1_0.cod_status,
        c1_0.complemento,
        c1_0.cpf,
        c1_0.data_nascimento,
        c1_0.email,
        c1_0.endereco,
        c1_0.foto_perfil,
        c1_0.nome,
        c1_0.numero,
        c1_0.preferencias,
        c1_0.restricoes,
        c1_0.senha,
        c1_0.telefone,
        c1_0.tipo_usuario,
        c1_0.uf,
        c1_0.categoria,
        c1_0.promocao,
        c1_0.proprietario,
        l1_0.data_cadastro,
        l1_0.descricao,
        l1_0.endereco,
        l1_0.foto_url,
        l1_0.nome_fantasia,
        l1_0.status,
        l1_0.telefone 
    from
        loja l1_0 
    left join
        (select
            * from usuario t 
        where
            t.tipo_usuario='CONFEITEIRO') c1_0 
            on c1_0.id=l1_0.confeiteiro_id 
    where
        l1_0.confeiteiro_id=?
DEBUG: Filtro processado com sucesso para: bia@gmail.com | Permissões: [ROLE_CLIENTE]
LOG PERFIL: GET /api/cliente/perfil chamado
LOG PERFIL: Usuário autenticado: bia@gmail.com | Role: [ROLE_CLIENTE] | Tipo: CLIENTE
Hibernate: 
    select
        c1_0.id,
        c1_0.bairro,
        c1_0.cep,
        c1_0.cidade,
        c1_0.cod_status,
        c1_0.complemento,
        c1_0.cpf,
        c1_0.data_nascimento,
        c1_0.email,
        c1_0.endereco,
        c1_0.foto_perfil,
        l1_0.id,
        l1_0.cnpj,
        l1_0.confeiteiro_id,
        l1_0.data_cadastro,
        l1_0.descricao,
        l1_0.endereco,
        l1_0.foto_url,
        l1_0.nome_fantasia,
        l1_0.status,
        l1_0.telefone,
        c1_0.nome,
        c1_0.numero,
        c1_0.preferencias,
        c1_0.restricoes,
        c1_0.senha,
        c1_0.telefone,
        c1_0.tipo_usuario,
        c1_0.uf,
        c1_0.apelido 
    from
        usuario c1_0 
    left join
        loja l1_0 
            on c1_0.id=l1_0.confeiteiro_id 
    where
        c1_0.tipo_usuario='CLIENTE' 
        and c1_0.id=?
LOG CPF       : 19199467349
LOG DATA_NASC : 2007-07-19
LOG APELIDO   : null
LOG FOTO      : null
LOG PREF      : null
LOG DTO CPF   : 19199467349
LOG DTO DATA  : 2007-07-19
LOG DTO JSON  : {"id":2,"nome":"Marina Gonçalves de Brito","apelido":null,"cpf":"19199467349","dataNascimento":"2007-07-19","email":"bia@gmail.com","telefone":"97675537678","cep":null,"logradouro":null,"numero":null,"complemento":null,"bairro":null,"cidade":null,"estado":null,"fotoPerfil":null,"preferencias":[],"restricoes":[]}
Hibernate: 
    select
        c1_0.id,
        c1_0.bairro,
        c1_0.cep,
        c1_0.cidade,
        c1_0.cod_status,
        c1_0.complemento,
        c1_0.cpf,
        c1_0.data_nascimento,
        c1_0.email,
        c1_0.endereco,
        c1_0.foto_perfil,
        c1_0.nome,
        c1_0.numero,
        c1_0.preferencias,
        c1_0.restricoes,
        c1_0.senha,
        c1_0.telefone,
        c1_0.tipo_usuario,
        c1_0.uf,
        c1_0.categoria,
        c1_0.promocao,
        c1_0.proprietario 
    from
        usuario c1_0 
    where
        c1_0.tipo_usuario='CONFEITEIRO'
Hibernate: 
    select
        c1_0.id,
        c1_0.bairro,
        c1_0.cep,
        c1_0.cidade,
        c1_0.cod_status,
        c1_0.complemento,
        c1_0.cpf,
        c1_0.data_nascimento,
        c1_0.email,
        c1_0.endereco,
        c1_0.foto_perfil,
        c1_0.nome,
        c1_0.numero,
        c1_0.preferencias,
        c1_0.restricoes,
        c1_0.senha,
        c1_0.telefone,
        c1_0.tipo_usuario,
        c1_0.uf,
        c1_0.categoria,
        c1_0.promocao,
        c1_0.proprietario 
    from
        usuario c1_0 
    where
        c1_0.tipo_usuario='CONFEITEIRO'
Hibernate: 
    select
        l1_0.id,
        l1_0.cnpj,
        c1_0.id,
        c1_0.bairro,
        c1_0.cep,
        c1_0.cidade,
        c1_0.cod_status,
        c1_0.complemento,
        c1_0.cpf,
        c1_0.data_nascimento,
        c1_0.email,
        c1_0.endereco,
        c1_0.foto_perfil,
        c1_0.nome,
        c1_0.numero,
        c1_0.preferencias,
        c1_0.restricoes,
        c1_0.senha,
        c1_0.telefone,
        c1_0.tipo_usuario,
        c1_0.uf,
        c1_0.categoria,
        c1_0.promocao,
        c1_0.proprietario,
        l1_0.data_cadastro,
        l1_0.descricao,
        l1_0.endereco,
        l1_0.foto_url,
        l1_0.nome_fantasia,
        l1_0.status,
        l1_0.telefone 
    from
        loja l1_0 
    left join
        (select
            * from usuario t 
        where
            t.tipo_usuario='CONFEITEIRO') c1_0 
            on c1_0.id=l1_0.confeiteiro_id 
    where
        l1_0.confeiteiro_id=?
Hibernate: 
    select
        l1_0.id,
        l1_0.cnpj,
        c1_0.id,
        c1_0.bairro,
        c1_0.cep,
        c1_0.cidade,
        c1_0.cod_status,
        c1_0.complemento,
        c1_0.cpf,
        c1_0.data_nascimento,
        c1_0.email,
        c1_0.endereco,
        c1_0.foto_perfil,
        c1_0.nome,
        c1_0.numero,
        c1_0.preferencias,
        c1_0.restricoes,
        c1_0.senha,
        c1_0.telefone,
        c1_0.tipo_usuario,
        c1_0.uf,
        c1_0.categoria,
        c1_0.promocao,
        c1_0.proprietario,
        l1_0.data_cadastro,
        l1_0.descricao,
        l1_0.endereco,
        l1_0.foto_url,
        l1_0.nome_fantasia,
        l1_0.status,
        l1_0.telefone 
    from
        loja l1_0 
    left join
        (select
            * from usuario t 
        where
            t.tipo_usuario='CONFEITEIRO') c1_0 
            on c1_0.id=l1_0.confeiteiro_id 
    where
        l1_0.confeiteiro_id=?
Hibernate: 
    select
        u1_0.id,
        u1_0.tipo_usuario,
        u1_0.bairro,
        u1_0.cep,
        u1_0.cidade,
        u1_0.cod_status,
        u1_0.complemento,
        u1_0.cpf,
        u1_0.data_nascimento,
        u1_0.email,
        u1_0.endereco,
        u1_0.foto_perfil,
        u1_0.nome,
        u1_0.numero,
        u1_0.preferencias,
        u1_0.restricoes,
        u1_0.senha,
        u1_0.telefone,
        u1_0.tipo_usuario,
        u1_0.uf,
        u1_0.nivel_acesso,
        u1_0.apelido,
        u1_0.categoria,
        u1_0.promocao,
        u1_0.proprietario,
        u1_0.cnh,
        u1_0.placa_veiculo,
        u1_0.veiculo 
    from
        usuario u1_0 
    where
        u1_0.email=?
Hibernate: 
    select
        l1_0.id,
        l1_0.cnpj,
        c1_0.id,
        c1_0.bairro,
        c1_0.cep,
        c1_0.cidade,
        c1_0.cod_status,
        c1_0.complemento,
        c1_0.cpf,
        c1_0.data_nascimento,
        c1_0.email,
        c1_0.endereco,
        c1_0.foto_perfil,
        c1_0.nome,
        c1_0.numero,
        c1_0.preferencias,
        c1_0.restricoes,
        c1_0.senha,
        c1_0.telefone,
        c1_0.tipo_usuario,
        c1_0.uf,
        c1_0.categoria,
        c1_0.promocao,
        c1_0.proprietario,
        l1_0.data_cadastro,
        l1_0.descricao,
        l1_0.endereco,
        l1_0.foto_url,
        l1_0.nome_fantasia,
        l1_0.status,
        l1_0.telefone 
    from
        loja l1_0 
    left join
        (select
            * from usuario t 
        where
            t.tipo_usuario='CONFEITEIRO') c1_0 
            on c1_0.id=l1_0.confeiteiro_id 
    where
        l1_0.confeiteiro_id=?
DEBUG: Filtro processado com sucesso para: bia@gmail.com | Permissões: [ROLE_CLIENTE]
LOG PERFIL: GET /api/cliente/perfil chamado
LOG PERFIL: Usuário autenticado: bia@gmail.com | Role: [ROLE_CLIENTE] | Tipo: CLIENTE
Hibernate: 
    select
        c1_0.id,
        c1_0.bairro,
        c1_0.cep,
        c1_0.cidade,
        c1_0.cod_status,
        c1_0.complemento,
        c1_0.cpf,
        c1_0.data_nascimento,
        c1_0.email,
        c1_0.endereco,
        c1_0.foto_perfil,
        l1_0.id,
        l1_0.cnpj,
        l1_0.confeiteiro_id,
        l1_0.data_cadastro,
        l1_0.descricao,
        l1_0.endereco,
        l1_0.foto_url,
        l1_0.nome_fantasia,
        l1_0.status,
        l1_0.telefone,
        c1_0.nome,
        c1_0.numero,
        c1_0.preferencias,
        c1_0.restricoes,
        c1_0.senha,
        c1_0.telefone,
        c1_0.tipo_usuario,
        c1_0.uf,
        c1_0.apelido 
    from
        usuario c1_0 
    left join
        loja l1_0 
            on c1_0.id=l1_0.confeiteiro_id 
    where
        c1_0.tipo_usuario='CLIENTE' 
        and c1_0.id=?
LOG CPF       : 19199467349
LOG DATA_NASC : 2007-07-19
LOG APELIDO   : null
LOG FOTO      : null
LOG PREF      : null
LOG DTO CPF   : 19199467349
LOG DTO DATA  : 2007-07-19
LOG DTO JSON  : {"id":2,"nome":"Marina Gonçalves de Brito","apelido":null,"cpf":"19199467349","dataNascimento":"2007-07-19","email":"bia@gmail.com","telefone":"97675537678","cep":null,"logradouro":null,"numero":null,"complemento":null,"bairro":null,"cidade":null,"estado":null,"fotoPerfil":null,"preferencias":[],"restricoes":[]}
Hibernate: 
    select
        u1_0.id,
        u1_0.tipo_usuario,
        u1_0.bairro,
        u1_0.cep,
        u1_0.cidade,
        u1_0.cod_status,
        u1_0.complemento,
        u1_0.cpf,
        u1_0.data_nascimento,
        u1_0.email,
        u1_0.endereco,
        u1_0.foto_perfil,
        u1_0.nome,
        u1_0.numero,
        u1_0.preferencias,
        u1_0.restricoes,
        u1_0.senha,
        u1_0.telefone,
        u1_0.tipo_usuario,
        u1_0.uf,
        u1_0.nivel_acesso,
        u1_0.apelido,
        u1_0.categoria,
        u1_0.promocao,
        u1_0.proprietario,
        u1_0.cnh,
        u1_0.placa_veiculo,
        u1_0.veiculo 
    from
        usuario u1_0 
    where
        u1_0.email=?
Hibernate: 
    select
        l1_0.id,
        l1_0.cnpj,
        c1_0.id,
        c1_0.bairro,
        c1_0.cep,
        c1_0.cidade,
        c1_0.cod_status,
        c1_0.complemento,
        c1_0.cpf,
        c1_0.data_nascimento,
        c1_0.email,
        c1_0.endereco,
        c1_0.foto_perfil,
        c1_0.nome,
        c1_0.numero,
        c1_0.preferencias,
        c1_0.restricoes,
        c1_0.senha,
        c1_0.telefone,
        c1_0.tipo_usuario,
        c1_0.uf,
        c1_0.categoria,
        c1_0.promocao,
        c1_0.proprietario,
        l1_0.data_cadastro,
        l1_0.descricao,
        l1_0.endereco,
        l1_0.foto_url,
        l1_0.nome_fantasia,
        l1_0.status,
        l1_0.telefone 
    from
        loja l1_0 
    left join
        (select
            * from usuario t 
        where
            t.tipo_usuario='CONFEITEIRO') c1_0 
            on c1_0.id=l1_0.confeiteiro_id 
    where
        l1_0.confeiteiro_id=?
DEBUG: Filtro processado com sucesso para: bia@gmail.com | Permissões: [ROLE_CLIENTE]
LOG PERFIL: PUT /api/cliente/perfil chamado
LOG PERFIL: Usuário autenticado: bia@gmail.com | Role: [ROLE_CLIENTE] | Tipo: CLIENTE
Hibernate: 
    select
        c1_0.id,
        c1_0.bairro,
        c1_0.cep,
        c1_0.cidade,
        c1_0.cod_status,
        c1_0.complemento,
        c1_0.cpf,
        c1_0.data_nascimento,
        c1_0.email,
        c1_0.endereco,
        c1_0.foto_perfil,
        l1_0.id,
        l1_0.cnpj,
        l1_0.confeiteiro_id,
        l1_0.data_cadastro,
        l1_0.descricao,
        l1_0.endereco,
        l1_0.foto_url,
        l1_0.nome_fantasia,
        l1_0.status,
        l1_0.telefone,
        c1_0.nome,
        c1_0.numero,
        c1_0.preferencias,
        c1_0.restricoes,
        c1_0.senha,
        c1_0.telefone,
        c1_0.tipo_usuario,
        c1_0.uf,
        c1_0.apelido 
    from
        usuario c1_0 
    left join
        loja l1_0 
            on c1_0.id=l1_0.confeiteiro_id 
    where
        c1_0.tipo_usuario='CLIENTE' 
        and c1_0.id=?
LOG PERFIL: Perfil salvo com sucesso para: bia@gmail.com
Hibernate: 
    update
        usuario 
    set
        bairro=?,
        cep=?,
        cidade=?,
        cod_status=?,
        complemento=?,
        cpf=?,
        data_nascimento=?,
        email=?,
        endereco=?,
        foto_perfil=?,
        nome=?,
        numero=?,
        preferencias=?,
        restricoes=?,
        senha=?,
        telefone=?,
        uf=?,
        apelido=? 
    where
        id=?
Hibernate: 
    select
        u1_0.id,
        u1_0.tipo_usuario,
        u1_0.bairro,
        u1_0.cep,
        u1_0.cidade,
        u1_0.cod_status,
        u1_0.complemento,
        u1_0.cpf,
        u1_0.data_nascimento,
        u1_0.email,
        u1_0.endereco,
        u1_0.foto_perfil,
        u1_0.nome,
        u1_0.numero,
        u1_0.preferencias,
        u1_0.restricoes,
        u1_0.senha,
        u1_0.telefone,
        u1_0.tipo_usuario,
        u1_0.uf,
        u1_0.nivel_acesso,
        u1_0.apelido,
        u1_0.categoria,
        u1_0.promocao,
        u1_0.proprietario,
        u1_0.cnh,
        u1_0.placa_veiculo,
        u1_0.veiculo 
    from
        usuario u1_0 
    where
        u1_0.email=?
Hibernate: 
    select
        l1_0.id,
        l1_0.cnpj,
        c1_0.id,
        c1_0.bairro,
        c1_0.cep,
        c1_0.cidade,
        c1_0.cod_status,
        c1_0.complemento,
        c1_0.cpf,
        c1_0.data_nascimento,
        c1_0.email,
        c1_0.endereco,
        c1_0.foto_perfil,
        c1_0.nome,
        c1_0.numero,
        c1_0.preferencias,
        c1_0.restricoes,
        c1_0.senha,
        c1_0.telefone,
        c1_0.tipo_usuario,
        c1_0.uf,
        c1_0.categoria,
        c1_0.promocao,
        c1_0.proprietario,
        l1_0.data_cadastro,
        l1_0.descricao,
        l1_0.endereco,
        l1_0.foto_url,
        l1_0.nome_fantasia,
        l1_0.status,
        l1_0.telefone 
    from
        loja l1_0 
    left join
        (select
            * from usuario t 
        where
            t.tipo_usuario='CONFEITEIRO') c1_0 
            on c1_0.id=l1_0.confeiteiro_id 
    where
        l1_0.confeiteiro_id=?
DEBUG: Filtro processado com sucesso para: bia@gmail.com | Permissões: [ROLE_CLIENTE]
LOG PERFIL: PUT /api/cliente/perfil chamado
LOG PERFIL: Usuário autenticado: bia@gmail.com | Role: [ROLE_CLIENTE] | Tipo: CLIENTE
Hibernate: 
    select
        c1_0.id,
        c1_0.bairro,
        c1_0.cep,
        c1_0.cidade,
        c1_0.cod_status,
        c1_0.complemento,
        c1_0.cpf,
        c1_0.data_nascimento,
        c1_0.email,
        c1_0.endereco,
        c1_0.foto_perfil,
        l1_0.id,
        l1_0.cnpj,
        l1_0.confeiteiro_id,
        l1_0.data_cadastro,
        l1_0.descricao,
        l1_0.endereco,
        l1_0.foto_url,
        l1_0.nome_fantasia,
        l1_0.status,
        l1_0.telefone,
        c1_0.nome,
        c1_0.numero,
        c1_0.preferencias,
        c1_0.restricoes,
        c1_0.senha,
        c1_0.telefone,
        c1_0.tipo_usuario,
        c1_0.uf,
        c1_0.apelido 
    from
        usuario c1_0 
    left join
        loja l1_0 
            on c1_0.id=l1_0.confeiteiro_id 
    where
        c1_0.tipo_usuario='CLIENTE' 
        and c1_0.id=?
LOG PERFIL: Perfil salvo com sucesso para: bia@gmail.com
Hibernate: 
    update
        usuario 
    set
        bairro=?,
        cep=?,
        cidade=?,
        cod_status=?,
        complemento=?,
        cpf=?,
        data_nascimento=?,
        email=?,
        endereco=?,
        foto_perfil=?,
        nome=?,
        numero=?,
        preferencias=?,
        restricoes=?,
        senha=?,
        telefone=?,
        uf=?,
        apelido=? 
    where
        id=?
Hibernate: 
    select
        u1_0.id,
        u1_0.tipo_usuario,
        u1_0.bairro,
        u1_0.cep,
        u1_0.cidade,
        u1_0.cod_status,
        u1_0.complemento,
        u1_0.cpf,
        u1_0.data_nascimento,
        u1_0.email,
        u1_0.endereco,
        u1_0.foto_perfil,
        u1_0.nome,
        u1_0.numero,
        u1_0.preferencias,
        u1_0.restricoes,
        u1_0.senha,
        u1_0.telefone,
        u1_0.tipo_usuario,
        u1_0.uf,
        u1_0.nivel_acesso,
        u1_0.apelido,
        u1_0.categoria,
        u1_0.promocao,
        u1_0.proprietario,
        u1_0.cnh,
        u1_0.placa_veiculo,
        u1_0.veiculo 
    from
        usuario u1_0 
    where
        u1_0.email=?
Hibernate: 
    select
        l1_0.id,
        l1_0.cnpj,
        c1_0.id,
        c1_0.bairro,
        c1_0.cep,
        c1_0.cidade,
        c1_0.cod_status,
        c1_0.complemento,
        c1_0.cpf,
        c1_0.data_nascimento,
        c1_0.email,
        c1_0.endereco,
        c1_0.foto_perfil,
        c1_0.nome,
        c1_0.numero,
        c1_0.preferencias,
        c1_0.restricoes,
        c1_0.senha,
        c1_0.telefone,
        c1_0.tipo_usuario,
        c1_0.uf,
        c1_0.categoria,
        c1_0.promocao,
        c1_0.proprietario,
        l1_0.data_cadastro,
        l1_0.descricao,
        l1_0.endereco,
        l1_0.foto_url,
        l1_0.nome_fantasia,
        l1_0.status,
        l1_0.telefone 
    from
        loja l1_0 
    left join
        (select
            * from usuario t 
        where
            t.tipo_usuario='CONFEITEIRO') c1_0 
            on c1_0.id=l1_0.confeiteiro_id 
    where
        l1_0.confeiteiro_id=?
DEBUG: Filtro processado com sucesso para: bia@gmail.com | Permissões: [ROLE_CLIENTE]
LOG PERFIL: PUT /api/cliente/perfil chamado
LOG PERFIL: Usuário autenticado: bia@gmail.com | Role: [ROLE_CLIENTE] | Tipo: CLIENTE
Hibernate: 
    select
        c1_0.id,
        c1_0.bairro,
        c1_0.cep,
        c1_0.cidade,
        c1_0.cod_status,
        c1_0.complemento,
        c1_0.cpf,
        c1_0.data_nascimento,
        c1_0.email,
        c1_0.endereco,
        c1_0.foto_perfil,
        l1_0.id,
        l1_0.cnpj,
        l1_0.confeiteiro_id,
        l1_0.data_cadastro,
        l1_0.descricao,
        l1_0.endereco,
        l1_0.foto_url,
        l1_0.nome_fantasia,
        l1_0.status,
        l1_0.telefone,
        c1_0.nome,
        c1_0.numero,
        c1_0.preferencias,
        c1_0.restricoes,
        c1_0.senha,
        c1_0.telefone,
        c1_0.tipo_usuario,
        c1_0.uf,
        c1_0.apelido 
    from
        usuario c1_0 
    left join
        loja l1_0 
            on c1_0.id=l1_0.confeiteiro_id 
    where
        c1_0.tipo_usuario='CLIENTE' 
        and c1_0.id=?
LOG PERFIL: Perfil salvo com sucesso para: bia@gmail.com
Hibernate: 
    update
        usuario 
    set
        bairro=?,
        cep=?,
        cidade=?,
        cod_status=?,
        complemento=?,
        cpf=?,
        data_nascimento=?,
        email=?,
        endereco=?,
        foto_perfil=?,
        nome=?,
        numero=?,
        preferencias=?,
        restricoes=?,
        senha=?,
        telefone=?,
        uf=?,
        apelido=? 
    where
        id=?
Hibernate: 
    select
        u1_0.id,
        u1_0.tipo_usuario,
        u1_0.bairro,
        u1_0.cep,
        u1_0.cidade,
        u1_0.cod_status,
        u1_0.complemento,
        u1_0.cpf,
        u1_0.data_nascimento,
        u1_0.email,
        u1_0.endereco,
        u1_0.foto_perfil,
        u1_0.nome,
        u1_0.numero,
        u1_0.preferencias,
        u1_0.restricoes,
        u1_0.senha,
        u1_0.telefone,
        u1_0.tipo_usuario,
        u1_0.uf,
        u1_0.nivel_acesso,
        u1_0.apelido,
        u1_0.categoria,
        u1_0.promocao,
        u1_0.proprietario,
        u1_0.cnh,
        u1_0.placa_veiculo,
        u1_0.veiculo 
    from
        usuario u1_0 
    where
        u1_0.email=?
Hibernate: 
    select
        l1_0.id,
        l1_0.cnpj,
        c1_0.id,
        c1_0.bairro,
        c1_0.cep,
        c1_0.cidade,
        c1_0.cod_status,
        c1_0.complemento,
        c1_0.cpf,
        c1_0.data_nascimento,
        c1_0.email,
        c1_0.endereco,
        c1_0.foto_perfil,
        c1_0.nome,
        c1_0.numero,
        c1_0.preferencias,
        c1_0.restricoes,
        c1_0.senha,
        c1_0.telefone,
        c1_0.tipo_usuario,
        c1_0.uf,
        c1_0.categoria,
        c1_0.promocao,
        c1_0.proprietario,
        l1_0.data_cadastro,
        l1_0.descricao,
        l1_0.endereco,
        l1_0.foto_url,
        l1_0.nome_fantasia,
        l1_0.status,
        l1_0.telefone 
    from
        loja l1_0 
    left join
        (select
            * from usuario t 
        where
            t.tipo_usuario='CONFEITEIRO') c1_0 
            on c1_0.id=l1_0.confeiteiro_id 
    where
        l1_0.confeiteiro_id=?
DEBUG: Filtro processado com sucesso para: bia@gmail.com | Permissões: [ROLE_CLIENTE]
LOG PERFIL: PUT /api/cliente/perfil chamado
LOG PERFIL: Usuário autenticado: bia@gmail.com | Role: [ROLE_CLIENTE] | Tipo: CLIENTE
Hibernate: 
    select
        c1_0.id,
        c1_0.bairro,
        c1_0.cep,
        c1_0.cidade,
        c1_0.cod_status,
        c1_0.complemento,
        c1_0.cpf,
        c1_0.data_nascimento,
        c1_0.email,
        c1_0.endereco,
        c1_0.foto_perfil,
        l1_0.id,
        l1_0.cnpj,
        l1_0.confeiteiro_id,
        l1_0.data_cadastro,
        l1_0.descricao,
        l1_0.endereco,
        l1_0.foto_url,
        l1_0.nome_fantasia,
        l1_0.status,
        l1_0.telefone,
        c1_0.nome,
        c1_0.numero,
        c1_0.preferencias,
        c1_0.restricoes,
        c1_0.senha,
        c1_0.telefone,
        c1_0.tipo_usuario,
        c1_0.uf,
        c1_0.apelido 
    from
        usuario c1_0 
    left join
        loja l1_0 
            on c1_0.id=l1_0.confeiteiro_id 
    where
        c1_0.tipo_usuario='CLIENTE' 
        and c1_0.id=?
LOG PERFIL: Perfil salvo com sucesso para: bia@gmail.com
Hibernate: 
    update
        usuario 
    set
        bairro=?,
        cep=?,
        cidade=?,
        cod_status=?,
        complemento=?,
        cpf=?,
        data_nascimento=?,
        email=?,
        endereco=?,
        foto_perfil=?,
        nome=?,
        numero=?,
        preferencias=?,
        restricoes=?,
        senha=?,
        telefone=?,
        uf=?,
        apelido=? 
    where
        id=?
Hibernate: 
    select
        u1_0.id,
        u1_0.tipo_usuario,
        u1_0.bairro,
        u1_0.cep,
        u1_0.cidade,
        u1_0.cod_status,
        u1_0.complemento,
        u1_0.cpf,
        u1_0.data_nascimento,
        u1_0.email,
        u1_0.endereco,
        u1_0.foto_perfil,
        u1_0.nome,
        u1_0.numero,
        u1_0.preferencias,
        u1_0.restricoes,
        u1_0.senha,
        u1_0.telefone,
        u1_0.tipo_usuario,
        u1_0.uf,
        u1_0.nivel_acesso,
        u1_0.apelido,
        u1_0.categoria,
        u1_0.promocao,
        u1_0.proprietario,
        u1_0.cnh,
        u1_0.placa_veiculo,
        u1_0.veiculo 
    from
        usuario u1_0 
    where
        u1_0.email=?
Hibernate: 
    select
        l1_0.id,
        l1_0.cnpj,
        c1_0.id,
        c1_0.bairro,
        c1_0.cep,
        c1_0.cidade,
        c1_0.cod_status,
        c1_0.complemento,
        c1_0.cpf,
        c1_0.data_nascimento,
        c1_0.email,
        c1_0.endereco,
        c1_0.foto_perfil,
        c1_0.nome,
        c1_0.numero,
        c1_0.preferencias,
        c1_0.restricoes,
        c1_0.senha,
        c1_0.telefone,
        c1_0.tipo_usuario,
        c1_0.uf,
        c1_0.categoria,
        c1_0.promocao,
        c1_0.proprietario,
        l1_0.data_cadastro,
        l1_0.descricao,
        l1_0.endereco,
        l1_0.foto_url,
        l1_0.nome_fantasia,
        l1_0.status,
        l1_0.telefone 
    from
        loja l1_0 
    left join
        (select
            * from usuario t 
        where
            t.tipo_usuario='CONFEITEIRO') c1_0 
            on c1_0.id=l1_0.confeiteiro_id 
    where
        l1_0.confeiteiro_id=?
DEBUG: Filtro processado com sucesso para: bia@gmail.com | Permissões: [ROLE_CLIENTE]
LOG PERFIL: PUT /api/cliente/perfil chamado
LOG PERFIL: Usuário autenticado: bia@gmail.com | Role: [ROLE_CLIENTE] | Tipo: CLIENTE
Hibernate: 
    select
        c1_0.id,
        c1_0.bairro,
        c1_0.cep,
        c1_0.cidade,
        c1_0.cod_status,
        c1_0.complemento,
        c1_0.cpf,
        c1_0.data_nascimento,
        c1_0.email,
        c1_0.endereco,
        c1_0.foto_perfil,
        l1_0.id,
        l1_0.cnpj,
        l1_0.confeiteiro_id,
        l1_0.data_cadastro,
        l1_0.descricao,
        l1_0.endereco,
        l1_0.foto_url,
        l1_0.nome_fantasia,
        l1_0.status,
        l1_0.telefone,
        c1_0.nome,
        c1_0.numero,
        c1_0.preferencias,
        c1_0.restricoes,
        c1_0.senha,
        c1_0.telefone,
        c1_0.tipo_usuario,
        c1_0.uf,
        c1_0.apelido 
    from
        usuario c1_0 
    left join
        loja l1_0 
            on c1_0.id=l1_0.confeiteiro_id 
    where
        c1_0.tipo_usuario='CLIENTE' 
        and c1_0.id=?
LOG PERFIL: Perfil salvo com sucesso para: bia@gmail.com
Hibernate: 
    update
        usuario 
    set
        bairro=?,
        cep=?,
        cidade=?,
        cod_status=?,
        complemento=?,
        cpf=?,
        data_nascimento=?,
        email=?,
        endereco=?,
        foto_perfil=?,
        nome=?,
        numero=?,
        preferencias=?,
        restricoes=?,
        senha=?,
        telefone=?,
        uf=?,
        apelido=? 
    where
        id=?
Hibernate: 
    select
        u1_0.id,
        u1_0.tipo_usuario,
        u1_0.bairro,
        u1_0.cep,
        u1_0.cidade,
        u1_0.cod_status,
        u1_0.complemento,
        u1_0.cpf,
        u1_0.data_nascimento,
        u1_0.email,
        u1_0.endereco,
        u1_0.foto_perfil,
        u1_0.nome,
        u1_0.numero,
        u1_0.preferencias,
        u1_0.restricoes,
        u1_0.senha,
        u1_0.telefone,
        u1_0.tipo_usuario,
        u1_0.uf,
        u1_0.nivel_acesso,
        u1_0.apelido,
        u1_0.categoria,
        u1_0.promocao,
        u1_0.proprietario,
        u1_0.cnh,
        u1_0.placa_veiculo,
        u1_0.veiculo 
    from
        usuario u1_0 
    where
        u1_0.email=?
Hibernate: 
    select
        l1_0.id,
        l1_0.cnpj,
        c1_0.id,
        c1_0.bairro,
        c1_0.cep,
        c1_0.cidade,
        c1_0.cod_status,
        c1_0.complemento,
        c1_0.cpf,
        c1_0.data_nascimento,
        c1_0.email,
        c1_0.endereco,
        c1_0.foto_perfil,
        c1_0.nome,
        c1_0.numero,
        c1_0.preferencias,
        c1_0.restricoes,
        c1_0.senha,
        c1_0.telefone,
        c1_0.tipo_usuario,
        c1_0.uf,
        c1_0.categoria,
        c1_0.promocao,
        c1_0.proprietario,
        l1_0.data_cadastro,
        l1_0.descricao,
        l1_0.endereco,
        l1_0.foto_url,
        l1_0.nome_fantasia,
        l1_0.status,
        l1_0.telefone 
    from
        loja l1_0 
    left join
        (select
            * from usuario t 
        where
            t.tipo_usuario='CONFEITEIRO') c1_0 
            on c1_0.id=l1_0.confeiteiro_id 
    where
        l1_0.confeiteiro_id=?
DEBUG: Filtro processado com sucesso para: bia@gmail.com | Permissões: [ROLE_CLIENTE]
LOG PERFIL: POST /api/cliente/foto chamado
LOG PERFIL: Usuário autenticado: bia@gmail.com | Role: [ROLE_CLIENTE] | Tipo: CLIENTE
Hibernate: 
    select
        c1_0.id,
        c1_0.bairro,
        c1_0.cep,
        c1_0.cidade,
        c1_0.cod_status,
        c1_0.complemento,
        c1_0.cpf,
        c1_0.data_nascimento,
        c1_0.email,
        c1_0.endereco,
        c1_0.foto_perfil,
        l1_0.id,
        l1_0.cnpj,
        l1_0.confeiteiro_id,
        l1_0.data_cadastro,
        l1_0.descricao,
        l1_0.endereco,
        l1_0.foto_url,
        l1_0.nome_fantasia,
        l1_0.status,
        l1_0.telefone,
        c1_0.nome,
        c1_0.numero,
        c1_0.preferencias,
        c1_0.restricoes,
        c1_0.senha,
        c1_0.telefone,
        c1_0.tipo_usuario,
        c1_0.uf,
        c1_0.apelido 
    from
        usuario c1_0 
    left join
        loja l1_0 
            on c1_0.id=l1_0.confeiteiro_id 
    where
        c1_0.tipo_usuario='CLIENTE' 
        and c1_0.id=?
LOG PERFIL: Foto salva em: C:\docelivery-storage\fotos\perfil_2_1781628538392.jpg | URL: http://10.0.2.2:8080/uploads/fotos/perfil_2_1781628538392.jpg
Hibernate: 
    update
        usuario 
    set
        bairro=?,
        cep=?,
        cidade=?,
        cod_status=?,
        complemento=?,
        cpf=?,
        data_nascimento=?,
        email=?,
        endereco=?,
        foto_perfil=?,
        nome=?,
        numero=?,
        preferencias=?,
        restricoes=?,
        senha=?,
        telefone=?,
        uf=?,
        apelido=? 
    where
        id=?
Hibernate: 
    select
        u1_0.id,
        u1_0.tipo_usuario,
        u1_0.bairro,
        u1_0.cep,
        u1_0.cidade,
        u1_0.cod_status,
        u1_0.complemento,
        u1_0.cpf,
        u1_0.data_nascimento,
        u1_0.email,
        u1_0.endereco,
        u1_0.foto_perfil,
        u1_0.nome,
        u1_0.numero,
        u1_0.preferencias,
        u1_0.restricoes,
        u1_0.senha,
        u1_0.telefone,
        u1_0.tipo_usuario,
        u1_0.uf,
        u1_0.nivel_acesso,
        u1_0.apelido,
        u1_0.categoria,
        u1_0.promocao,
        u1_0.proprietario,
        u1_0.cnh,
        u1_0.placa_veiculo,
        u1_0.veiculo 
    from
        usuario u1_0 
    where
        u1_0.email=?
Hibernate: 
    select
        l1_0.id,
        l1_0.cnpj,
        c1_0.id,
        c1_0.bairro,
        c1_0.cep,
        c1_0.cidade,
        c1_0.cod_status,
        c1_0.complemento,
        c1_0.cpf,
        c1_0.data_nascimento,
        c1_0.email,
        c1_0.endereco,
        c1_0.foto_perfil,
        c1_0.nome,
        c1_0.numero,
        c1_0.preferencias,
        c1_0.restricoes,
        c1_0.senha,
        c1_0.telefone,
        c1_0.tipo_usuario,
        c1_0.uf,
        c1_0.categoria,
        c1_0.promocao,
        c1_0.proprietario,
        l1_0.data_cadastro,
        l1_0.descricao,
        l1_0.endereco,
        l1_0.foto_url,
        l1_0.nome_fantasia,
        l1_0.status,
        l1_0.telefone 
    from
        loja l1_0 
    left join
        (select
            * from usuario t 
        where
            t.tipo_usuario='CONFEITEIRO') c1_0 
            on c1_0.id=l1_0.confeiteiro_id 
    where
        l1_0.confeiteiro_id=?
DEBUG: Filtro processado com sucesso para: bia@gmail.com | Permissões: [ROLE_CLIENTE]
LOG PERFIL: PUT /api/cliente/perfil chamado
LOG PERFIL: Usuário autenticado: bia@gmail.com | Role: [ROLE_CLIENTE] | Tipo: CLIENTE
Hibernate: 
    select
        c1_0.id,
        c1_0.bairro,
        c1_0.cep,
        c1_0.cidade,
        c1_0.cod_status,
        c1_0.complemento,
        c1_0.cpf,
        c1_0.data_nascimento,
        c1_0.email,
        c1_0.endereco,
        c1_0.foto_perfil,
        l1_0.id,
        l1_0.cnpj,
        l1_0.confeiteiro_id,
        l1_0.data_cadastro,
        l1_0.descricao,
        l1_0.endereco,
        l1_0.foto_url,
        l1_0.nome_fantasia,
        l1_0.status,
        l1_0.telefone,
        c1_0.nome,
        c1_0.numero,
        c1_0.preferencias,
        c1_0.restricoes,
        c1_0.senha,
        c1_0.telefone,
        c1_0.tipo_usuario,
        c1_0.uf,
        c1_0.apelido 
    from
        usuario c1_0 
    left join
        loja l1_0 
            on c1_0.id=l1_0.confeiteiro_id 
    where
        c1_0.tipo_usuario='CLIENTE' 
        and c1_0.id=?
LOG PERFIL: Perfil salvo com sucesso para: bia@gmail.com
Hibernate: 
    select
        u1_0.id,
        u1_0.tipo_usuario,
        u1_0.bairro,
        u1_0.cep,
        u1_0.cidade,
        u1_0.cod_status,
        u1_0.complemento,
        u1_0.cpf,
        u1_0.data_nascimento,
        u1_0.email,
        u1_0.endereco,
        u1_0.foto_perfil,
        u1_0.nome,
        u1_0.numero,
        u1_0.preferencias,
        u1_0.restricoes,
        u1_0.senha,
        u1_0.telefone,
        u1_0.tipo_usuario,
        u1_0.uf,
        u1_0.nivel_acesso,
        u1_0.apelido,
        u1_0.categoria,
        u1_0.promocao,
        u1_0.proprietario,
        u1_0.cnh,
        u1_0.placa_veiculo,
        u1_0.veiculo 
    from
        usuario u1_0 
    where
        u1_0.email=?
Hibernate: 
    select
        l1_0.id,
        l1_0.cnpj,
        c1_0.id,
        c1_0.bairro,
        c1_0.cep,
        c1_0.cidade,
        c1_0.cod_status,
        c1_0.complemento,
        c1_0.cpf,
        c1_0.data_nascimento,
        c1_0.email,
        c1_0.endereco,
        c1_0.foto_perfil,
        c1_0.nome,
        c1_0.numero,
        c1_0.preferencias,
        c1_0.restricoes,
        c1_0.senha,
        c1_0.telefone,
        c1_0.tipo_usuario,
        c1_0.uf,
        c1_0.categoria,
        c1_0.promocao,
        c1_0.proprietario,
        l1_0.data_cadastro,
        l1_0.descricao,
        l1_0.endereco,
        l1_0.foto_url,
        l1_0.nome_fantasia,
        l1_0.status,
        l1_0.telefone 
    from
        loja l1_0 
    left join
        (select
            * from usuario t 
        where
            t.tipo_usuario='CONFEITEIRO') c1_0 
            on c1_0.id=l1_0.confeiteiro_id 
    where
        l1_0.confeiteiro_id=?
DEBUG: Filtro processado com sucesso para: bia@gmail.com | Permissões: [ROLE_CLIENTE]
LOG PERFIL: GET /api/cliente/perfil chamado
LOG PERFIL: Usuário autenticado: bia@gmail.com | Role: [ROLE_CLIENTE] | Tipo: CLIENTE
Hibernate: 
    select
        c1_0.id,
        c1_0.bairro,
        c1_0.cep,
        c1_0.cidade,
        c1_0.cod_status,
        c1_0.complemento,
        c1_0.cpf,
        c1_0.data_nascimento,
        c1_0.email,
        c1_0.endereco,
        c1_0.foto_perfil,
        l1_0.id,
        l1_0.cnpj,
        l1_0.confeiteiro_id,
        l1_0.data_cadastro,
        l1_0.descricao,
        l1_0.endereco,
        l1_0.foto_url,
        l1_0.nome_fantasia,
        l1_0.status,
        l1_0.telefone,
        c1_0.nome,
        c1_0.numero,
        c1_0.preferencias,
        c1_0.restricoes,
        c1_0.senha,
        c1_0.telefone,
        c1_0.tipo_usuario,
        c1_0.uf,
        c1_0.apelido 
    from
        usuario c1_0 
    left join
        loja l1_0 
            on c1_0.id=l1_0.confeiteiro_id 
    where
        c1_0.tipo_usuario='CLIENTE' 
        and c1_0.id=?
LOG CPF       : 19199467349
LOG DATA_NASC : 2007-07-19
LOG APELIDO   : Mari
LOG FOTO      : http://10.0.2.2:8080/uploads/fotos/perfil_2_1781628538392.jpg
LOG PREF      : ["Bolos","Cupcakes"]
LOG DTO CPF   : 19199467349
LOG DTO DATA  : 2007-07-19
LOG DTO JSON  : {"id":2,"nome":"Marina Gonçalves de Brito","apelido":"Mari","cpf":"19199467349","dataNascimento":"2007-07-19","email":"bia@gmail.com","telefone":"97675537678","cep":"06660485","logradouro":"Rua Francana","numero":"0","complemento":null,"bairro":"Vila Santa Rita","cidade":"Itapevi","estado":"SP","fotoPerfil":"http://10.0.2.2:8080/uploads/fotos/perfil_2_1781628538392.jpg","preferencias":["Bolos","Cupcakes"],"restricoes":["Sem Glúten","Sem Lactose"]}
Hibernate: 
    select
        u1_0.id,
        u1_0.tipo_usuario,
        u1_0.bairro,
        u1_0.cep,
        u1_0.cidade,
        u1_0.cod_status,
        u1_0.complemento,
        u1_0.cpf,
        u1_0.data_nascimento,
        u1_0.email,
        u1_0.endereco,
        u1_0.foto_perfil,
        u1_0.nome,
        u1_0.numero,
        u1_0.preferencias,
        u1_0.restricoes,
        u1_0.senha,
        u1_0.telefone,
        u1_0.tipo_usuario,
        u1_0.uf,
        u1_0.nivel_acesso,
        u1_0.apelido,
        u1_0.categoria,
        u1_0.promocao,
        u1_0.proprietario,
        u1_0.cnh,
        u1_0.placa_veiculo,
        u1_0.veiculo 
    from
        usuario u1_0 
    where
        u1_0.email=?
Hibernate: 
    select
        l1_0.id,
        l1_0.cnpj,
        c1_0.id,
        c1_0.bairro,
        c1_0.cep,
        c1_0.cidade,
        c1_0.cod_status,
        c1_0.complemento,
        c1_0.cpf,
        c1_0.data_nascimento,
        c1_0.email,
        c1_0.endereco,
        c1_0.foto_perfil,
        c1_0.nome,
        c1_0.numero,
        c1_0.preferencias,
        c1_0.restricoes,
        c1_0.senha,
        c1_0.telefone,
        c1_0.tipo_usuario,
        c1_0.uf,
        c1_0.categoria,
        c1_0.promocao,
        c1_0.proprietario,
        l1_0.data_cadastro,
        l1_0.descricao,
        l1_0.endereco,
        l1_0.foto_url,
        l1_0.nome_fantasia,
        l1_0.status,
        l1_0.telefone 
    from
        loja l1_0 
    left join
        (select
            * from usuario t 
        where
            t.tipo_usuario='CONFEITEIRO') c1_0 
            on c1_0.id=l1_0.confeiteiro_id 
    where
        l1_0.confeiteiro_id=?
DEBUG: Filtro processado com sucesso para: bia@gmail.com | Permissões: [ROLE_CLIENTE]
LOG PERFIL: POST /api/cliente/foto chamado
LOG PERFIL: Usuário autenticado: bia@gmail.com | Role: [ROLE_CLIENTE] | Tipo: CLIENTE
Hibernate: 
    select
        c1_0.id,
        c1_0.bairro,
        c1_0.cep,
        c1_0.cidade,
        c1_0.cod_status,
        c1_0.complemento,
        c1_0.cpf,
        c1_0.data_nascimento,
        c1_0.email,
        c1_0.endereco,
        c1_0.foto_perfil,
        l1_0.id,
        l1_0.cnpj,
        l1_0.confeiteiro_id,
        l1_0.data_cadastro,
        l1_0.descricao,
        l1_0.endereco,
        l1_0.foto_url,
        l1_0.nome_fantasia,
        l1_0.status,
        l1_0.telefone,
        c1_0.nome,
        c1_0.numero,
        c1_0.preferencias,
        c1_0.restricoes,
        c1_0.senha,
        c1_0.telefone,
        c1_0.tipo_usuario,
        c1_0.uf,
        c1_0.apelido 
    from
        usuario c1_0 
    left join
        loja l1_0 
            on c1_0.id=l1_0.confeiteiro_id 
    where
        c1_0.tipo_usuario='CLIENTE' 
        and c1_0.id=?
LOG PERFIL: Foto salva em: C:\docelivery-storage\fotos\perfil_2_1781628594396.jpg | URL: http://10.0.2.2:8080/uploads/fotos/perfil_2_1781628594396.jpg
Hibernate: 
    update
        usuario 
    set
        bairro=?,
        cep=?,
        cidade=?,
        cod_status=?,
        complemento=?,
        cpf=?,
        data_nascimento=?,
        email=?,
        endereco=?,
        foto_perfil=?,
        nome=?,
        numero=?,
        preferencias=?,
        restricoes=?,
        senha=?,
        telefone=?,
        uf=?,
        apelido=? 
    where
        id=?
Hibernate: 
    select
        u1_0.id,
        u1_0.tipo_usuario,
        u1_0.bairro,
        u1_0.cep,
        u1_0.cidade,
        u1_0.cod_status,
        u1_0.complemento,
        u1_0.cpf,
        u1_0.data_nascimento,
        u1_0.email,
        u1_0.endereco,
        u1_0.foto_perfil,
        u1_0.nome,
        u1_0.numero,
        u1_0.preferencias,
        u1_0.restricoes,
        u1_0.senha,
        u1_0.telefone,
        u1_0.tipo_usuario,
        u1_0.uf,
        u1_0.nivel_acesso,
        u1_0.apelido,
        u1_0.categoria,
        u1_0.promocao,
        u1_0.proprietario,
        u1_0.cnh,
        u1_0.placa_veiculo,
        u1_0.veiculo 
    from
        usuario u1_0 
    where
        u1_0.email=?
Hibernate: 
    select
        l1_0.id,
        l1_0.cnpj,
        c1_0.id,
        c1_0.bairro,
        c1_0.cep,
        c1_0.cidade,
        c1_0.cod_status,
        c1_0.complemento,
        c1_0.cpf,
        c1_0.data_nascimento,
        c1_0.email,
        c1_0.endereco,
        c1_0.foto_perfil,
        c1_0.nome,
        c1_0.numero,
        c1_0.preferencias,
        c1_0.restricoes,
        c1_0.senha,
        c1_0.telefone,
        c1_0.tipo_usuario,
        c1_0.uf,
        c1_0.categoria,
        c1_0.promocao,
        c1_0.proprietario,
        l1_0.data_cadastro,
        l1_0.descricao,
        l1_0.endereco,
        l1_0.foto_url,
        l1_0.nome_fantasia,
        l1_0.status,
        l1_0.telefone 
    from
        loja l1_0 
    left join
        (select
            * from usuario t 
        where
            t.tipo_usuario='CONFEITEIRO') c1_0 
            on c1_0.id=l1_0.confeiteiro_id 
    where
        l1_0.confeiteiro_id=?
DEBUG: Filtro processado com sucesso para: bia@gmail.com | Permissões: [ROLE_CLIENTE]
LOG PERFIL: PUT /api/cliente/perfil chamado
LOG PERFIL: Usuário autenticado: bia@gmail.com | Role: [ROLE_CLIENTE] | Tipo: CLIENTE
Hibernate: 
    select
        c1_0.id,
        c1_0.bairro,
        c1_0.cep,
        c1_0.cidade,
        c1_0.cod_status,
        c1_0.complemento,
        c1_0.cpf,
        c1_0.data_nascimento,
        c1_0.email,
        c1_0.endereco,
        c1_0.foto_perfil,
        l1_0.id,
        l1_0.cnpj,
        l1_0.confeiteiro_id,
        l1_0.data_cadastro,
        l1_0.descricao,
        l1_0.endereco,
        l1_0.foto_url,
        l1_0.nome_fantasia,
        l1_0.status,
        l1_0.telefone,
        c1_0.nome,
        c1_0.numero,
        c1_0.preferencias,
        c1_0.restricoes,
        c1_0.senha,
        c1_0.telefone,
        c1_0.tipo_usuario,
        c1_0.uf,
        c1_0.apelido 
    from
        usuario c1_0 
    left join
        loja l1_0 
            on c1_0.id=l1_0.confeiteiro_id 
    where
        c1_0.tipo_usuario='CLIENTE' 
        and c1_0.id=?
LOG PERFIL: Perfil salvo com sucesso para: bia@gmail.com
Hibernate: 
    select
        u1_0.id,
        u1_0.tipo_usuario,
        u1_0.bairro,
        u1_0.cep,
        u1_0.cidade,
        u1_0.cod_status,
        u1_0.complemento,
        u1_0.cpf,
        u1_0.data_nascimento,
        u1_0.email,
        u1_0.endereco,
        u1_0.foto_perfil,
        u1_0.nome,
        u1_0.numero,
        u1_0.preferencias,
        u1_0.restricoes,
        u1_0.senha,
        u1_0.telefone,
        u1_0.tipo_usuario,
        u1_0.uf,
        u1_0.nivel_acesso,
        u1_0.apelido,
        u1_0.categoria,
        u1_0.promocao,
        u1_0.proprietario,
        u1_0.cnh,
        u1_0.placa_veiculo,
        u1_0.veiculo 
    from
        usuario u1_0 
    where
        u1_0.email=?
Hibernate: 
    select
        l1_0.id,
        l1_0.cnpj,
        c1_0.id,
        c1_0.bairro,
        c1_0.cep,
        c1_0.cidade,
        c1_0.cod_status,
        c1_0.complemento,
        c1_0.cpf,
        c1_0.data_nascimento,
        c1_0.email,
        c1_0.endereco,
        c1_0.foto_perfil,
        c1_0.nome,
        c1_0.numero,
        c1_0.preferencias,
        c1_0.restricoes,
        c1_0.senha,
        c1_0.telefone,
        c1_0.tipo_usuario,
        c1_0.uf,
        c1_0.categoria,
        c1_0.promocao,
        c1_0.proprietario,
        l1_0.data_cadastro,
        l1_0.descricao,
        l1_0.endereco,
        l1_0.foto_url,
        l1_0.nome_fantasia,
        l1_0.status,
        l1_0.telefone 
    from
        loja l1_0 
    left join
        (select
            * from usuario t 
        where
            t.tipo_usuario='CONFEITEIRO') c1_0 
            on c1_0.id=l1_0.confeiteiro_id 
    where
        l1_0.confeiteiro_id=?
Hibernate: 
    select
        c1_0.id,
        c1_0.bairro,
        c1_0.cep,
        c1_0.cidade,
        c1_0.cod_status,
        c1_0.complemento,
        c1_0.cpf,
        c1_0.data_nascimento,
        c1_0.email,
        c1_0.endereco,
        c1_0.foto_perfil,
        l1_0.id,
        l1_0.cnpj,
        l1_0.data_cadastro,
        l1_0.descricao,
        l1_0.endereco,
        l1_0.foto_url,
        l1_0.nome_fantasia,
        l1_0.status,
        l1_0.telefone,
        c1_0.nome,
        c1_0.numero,
        c1_0.preferencias,
        c1_0.restricoes,
        c1_0.senha,
        c1_0.telefone,
        c1_0.tipo_usuario,
        c1_0.uf,
        c1_0.categoria,
        c1_0.promocao,
        c1_0.proprietario 
    from
        usuario c1_0 
    left join
        loja l1_0 
            on c1_0.id=l1_0.confeiteiro_id 
    where
        c1_0.tipo_usuario='CONFEITEIRO' 
        and c1_0.id=?
Hibernate: 
    select
        u1_0.id,
        u1_0.tipo_usuario,
        u1_0.bairro,
        u1_0.cep,
        u1_0.cidade,
        u1_0.cod_status,
        u1_0.complemento,
        u1_0.cpf,
        u1_0.data_nascimento,
        u1_0.email,
        u1_0.endereco,
        u1_0.foto_perfil,
        u1_0.nome,
        u1_0.numero,
        u1_0.preferencias,
        u1_0.restricoes,
        u1_0.senha,
        u1_0.telefone,
        u1_0.tipo_usuario,
        u1_0.uf,
        u1_0.nivel_acesso,
        u1_0.apelido,
        u1_0.categoria,
        u1_0.promocao,
        u1_0.proprietario,
        u1_0.cnh,
        u1_0.placa_veiculo,
        u1_0.veiculo 
    from
        usuario u1_0 
    where
        u1_0.email=?
Hibernate: 
    select
        l1_0.id,
        l1_0.cnpj,
        c1_0.id,
        c1_0.bairro,
        c1_0.cep,
        c1_0.cidade,
        c1_0.cod_status,
        c1_0.complemento,
        c1_0.cpf,
        c1_0.data_nascimento,
        c1_0.email,
        c1_0.endereco,
        c1_0.foto_perfil,
        c1_0.nome,
        c1_0.numero,
        c1_0.preferencias,
        c1_0.restricoes,
        c1_0.senha,
        c1_0.telefone,
        c1_0.tipo_usuario,
        c1_0.uf,
        c1_0.categoria,
        c1_0.promocao,
        c1_0.proprietario,
        l1_0.data_cadastro,
        l1_0.descricao,
        l1_0.endereco,
        l1_0.foto_url,
        l1_0.nome_fantasia,
        l1_0.status,
        l1_0.telefone 
    from
        loja l1_0 
    left join
        (select
            * from usuario t 
        where
            t.tipo_usuario='CONFEITEIRO') c1_0 
            on c1_0.id=l1_0.confeiteiro_id 
    where
        l1_0.confeiteiro_id=?
Hibernate: 
    select
        c1_0.id,
        c1_0.bairro,
        c1_0.cep,
        c1_0.cidade,
        c1_0.cod_status,
        c1_0.complemento,
        c1_0.cpf,
        c1_0.data_nascimento,
        c1_0.email,
        c1_0.endereco,
        c1_0.foto_perfil,
        c1_0.nome,
        c1_0.numero,
        c1_0.preferencias,
        c1_0.restricoes,
        c1_0.senha,
        c1_0.telefone,
        c1_0.tipo_usuario,
        c1_0.uf,
        c1_0.categoria,
        c1_0.promocao,
        c1_0.proprietario 
    from
        usuario c1_0 
    where
        c1_0.tipo_usuario='CONFEITEIRO'
Hibernate: 
    select
        l1_0.id,
        l1_0.cnpj,
        c1_0.id,
        c1_0.bairro,
        c1_0.cep,
        c1_0.cidade,
        c1_0.cod_status,
        c1_0.complemento,
        c1_0.cpf,
        c1_0.data_nascimento,
        c1_0.email,
        c1_0.endereco,
        c1_0.foto_perfil,
        c1_0.nome,
        c1_0.numero,
        c1_0.preferencias,
        c1_0.restricoes,
        c1_0.senha,
        c1_0.telefone,
        c1_0.tipo_usuario,
        c1_0.uf,
        c1_0.categoria,
        c1_0.promocao,
        c1_0.proprietario,
        l1_0.data_cadastro,
        l1_0.descricao,
        l1_0.endereco,
        l1_0.foto_url,
        l1_0.nome_fantasia,
        l1_0.status,
        l1_0.telefone 
    from
        loja l1_0 
    left join
        (select
            * from usuario t 
        where
            t.tipo_usuario='CONFEITEIRO') c1_0 
            on c1_0.id=l1_0.confeiteiro_id 
    where
        l1_0.confeiteiro_id=?
Hibernate: 
    select
        c1_0.id,
        c1_0.bairro,
        c1_0.cep,
        c1_0.cidade,
        c1_0.cod_status,
        c1_0.complemento,
        c1_0.cpf,
        c1_0.data_nascimento,
        c1_0.email,
        c1_0.endereco,
        c1_0.foto_perfil,
        c1_0.nome,
        c1_0.numero,
        c1_0.preferencias,
        c1_0.restricoes,
        c1_0.senha,
        c1_0.telefone,
        c1_0.tipo_usuario,
        c1_0.uf,
        c1_0.categoria,
        c1_0.promocao,
        c1_0.proprietario 
    from
        usuario c1_0 
    where
        c1_0.tipo_usuario='CONFEITEIRO'
Hibernate: 
    select
        l1_0.id,
        l1_0.cnpj,
        c1_0.id,
        c1_0.bairro,
        c1_0.cep,
        c1_0.cidade,
        c1_0.cod_status,
        c1_0.complemento,
        c1_0.cpf,
        c1_0.data_nascimento,
        c1_0.email,
        c1_0.endereco,
        c1_0.foto_perfil,
        c1_0.nome,
        c1_0.numero,
        c1_0.preferencias,
        c1_0.restricoes,
        c1_0.senha,
        c1_0.telefone,
        c1_0.tipo_usuario,
        c1_0.uf,
        c1_0.categoria,
        c1_0.promocao,
        c1_0.proprietario,
        l1_0.data_cadastro,
        l1_0.descricao,
        l1_0.endereco,
        l1_0.foto_url,
        l1_0.nome_fantasia,
        l1_0.status,
        l1_0.telefone 
    from
        loja l1_0 
    left join
        (select
            * from usuario t 
        where
            t.tipo_usuario='CONFEITEIRO') c1_0 
            on c1_0.id=l1_0.confeiteiro_id 
    where
        l1_0.confeiteiro_id=?
Hibernate: 
    select
        u1_0.id,
        u1_0.tipo_usuario,
        u1_0.bairro,
        u1_0.cep,
        u1_0.cidade,
        u1_0.cod_status,
        u1_0.complemento,
        u1_0.cpf,
        u1_0.data_nascimento,
        u1_0.email,
        u1_0.endereco,
        u1_0.foto_perfil,
        u1_0.nome,
        u1_0.numero,
        u1_0.preferencias,
        u1_0.restricoes,
        u1_0.senha,
        u1_0.telefone,
        u1_0.tipo_usuario,
        u1_0.uf,
        u1_0.nivel_acesso,
        u1_0.apelido,
        u1_0.categoria,
        u1_0.promocao,
        u1_0.proprietario,
        u1_0.cnh,
        u1_0.placa_veiculo,
        u1_0.veiculo 
    from
        usuario u1_0 
    where
        u1_0.email=?
Hibernate: 
    select
        l1_0.id,
        l1_0.cnpj,
        c1_0.id,
        c1_0.bairro,
        c1_0.cep,
        c1_0.cidade,
        c1_0.cod_status,
        c1_0.complemento,
        c1_0.cpf,
        c1_0.data_nascimento,
        c1_0.email,
        c1_0.endereco,
        c1_0.foto_perfil,
        c1_0.nome,
        c1_0.numero,
        c1_0.preferencias,
        c1_0.restricoes,
        c1_0.senha,
        c1_0.telefone,
        c1_0.tipo_usuario,
        c1_0.uf,
        c1_0.categoria,
        c1_0.promocao,
        c1_0.proprietario,
        l1_0.data_cadastro,
        l1_0.descricao,
        l1_0.endereco,
        l1_0.foto_url,
        l1_0.nome_fantasia,
        l1_0.status,
        l1_0.telefone 
    from
        loja l1_0 
    left join
        (select
            * from usuario t 
        where
            t.tipo_usuario='CONFEITEIRO') c1_0 
            on c1_0.id=l1_0.confeiteiro_id 
    where
        l1_0.confeiteiro_id=?
DEBUG: Filtro processado com sucesso para: bia@gmail.com | Permissões: [ROLE_CLIENTE]
LOG PERFIL: GET /api/cliente/perfil chamado
LOG PERFIL: Usuário autenticado: bia@gmail.com | Role: [ROLE_CLIENTE] | Tipo: CLIENTE
Hibernate: 
    select
        c1_0.id,
        c1_0.bairro,
        c1_0.cep,
        c1_0.cidade,
        c1_0.cod_status,
        c1_0.complemento,
        c1_0.cpf,
        c1_0.data_nascimento,
        c1_0.email,
        c1_0.endereco,
        c1_0.foto_perfil,
        l1_0.id,
        l1_0.cnpj,
        l1_0.confeiteiro_id,
        l1_0.data_cadastro,
        l1_0.descricao,
        l1_0.endereco,
        l1_0.foto_url,
        l1_0.nome_fantasia,
        l1_0.status,
        l1_0.telefone,
        c1_0.nome,
        c1_0.numero,
        c1_0.preferencias,
        c1_0.restricoes,
        c1_0.senha,
        c1_0.telefone,
        c1_0.tipo_usuario,
        c1_0.uf,
        c1_0.apelido 
    from
        usuario c1_0 
    left join
        loja l1_0 
            on c1_0.id=l1_0.confeiteiro_id 
    where
        c1_0.tipo_usuario='CLIENTE' 
        and c1_0.id=?
LOG CPF       : 19199467349
LOG DATA_NASC : 2007-07-19
LOG APELIDO   : Mari
LOG FOTO      : http://10.0.2.2:8080/uploads/fotos/perfil_2_1781628594396.jpg
LOG PREF      : ["Bolos","Cupcakes"]
LOG DTO CPF   : 19199467349
LOG DTO DATA  : 2007-07-19
LOG DTO JSON  : {"id":2,"nome":"Marina Gonçalves de Brito","apelido":"Mari","cpf":"19199467349","dataNascimento":"2007-07-19","email":"bia@gmail.com","telefone":"97675537678","cep":"06660485","logradouro":"Rua Francana","numero":"0","complemento":null,"bairro":"Vila Santa Rita","cidade":"Itapevi","estado":"SP","fotoPerfil":"http://10.0.2.2:8080/uploads/fotos/perfil_2_1781628594396.jpg","preferencias":["Bolos","Cupcakes"],"restricoes":["Sem Glúten","Sem Lactose"]}
Hibernate: 
    select
        c1_0.id,
        c1_0.bairro,
        c1_0.cep,
        c1_0.cidade,
        c1_0.cod_status,
        c1_0.complemento,
        c1_0.cpf,
        c1_0.data_nascimento,
        c1_0.email,
        c1_0.endereco,
        c1_0.foto_perfil,
        c1_0.nome,
        c1_0.numero,
        c1_0.preferencias,
        c1_0.restricoes,
        c1_0.senha,
        c1_0.telefone,
        c1_0.tipo_usuario,
        c1_0.uf,
        c1_0.categoria,
        c1_0.promocao,
        c1_0.proprietario 
    from
        usuario c1_0 
    where
        c1_0.tipo_usuario='CONFEITEIRO'
Hibernate: 
    select
        c1_0.id,
        c1_0.bairro,
        c1_0.cep,
        c1_0.cidade,
        c1_0.cod_status,
        c1_0.complemento,
        c1_0.cpf,
        c1_0.data_nascimento,
        c1_0.email,
        c1_0.endereco,
        c1_0.foto_perfil,
        c1_0.nome,
        c1_0.numero,
        c1_0.preferencias,
        c1_0.restricoes,
        c1_0.senha,
        c1_0.telefone,
        c1_0.tipo_usuario,
        c1_0.uf,
        c1_0.categoria,
        c1_0.promocao,
        c1_0.proprietario 
    from
        usuario c1_0 
    where
        c1_0.tipo_usuario='CONFEITEIRO'
Hibernate: 
    select
        l1_0.id,
        l1_0.cnpj,
        c1_0.id,
        c1_0.bairro,
        c1_0.cep,
        c1_0.cidade,
        c1_0.cod_status,
        c1_0.complemento,
        c1_0.cpf,
        c1_0.data_nascimento,
        c1_0.email,
        c1_0.endereco,
        c1_0.foto_perfil,
        c1_0.nome,
        c1_0.numero,
        c1_0.preferencias,
        c1_0.restricoes,
        c1_0.senha,
        c1_0.telefone,
        c1_0.tipo_usuario,
        c1_0.uf,
        c1_0.categoria,
        c1_0.promocao,
        c1_0.proprietario,
        l1_0.data_cadastro,
        l1_0.descricao,
        l1_0.endereco,
        l1_0.foto_url,
        l1_0.nome_fantasia,
        l1_0.status,
        l1_0.telefone 
    from
        loja l1_0 
    left join
        (select
            * from usuario t 
        where
            t.tipo_usuario='CONFEITEIRO') c1_0 
            on c1_0.id=l1_0.confeiteiro_id 
    where
        l1_0.confeiteiro_id=?
Hibernate: 
    select
        l1_0.id,
        l1_0.cnpj,
        c1_0.id,
        c1_0.bairro,
        c1_0.cep,
        c1_0.cidade,
        c1_0.cod_status,
        c1_0.complemento,
        c1_0.cpf,
        c1_0.data_nascimento,
        c1_0.email,
        c1_0.endereco,
        c1_0.foto_perfil,
        c1_0.nome,
        c1_0.numero,
        c1_0.preferencias,
        c1_0.restricoes,
        c1_0.senha,
        c1_0.telefone,
        c1_0.tipo_usuario,
        c1_0.uf,
        c1_0.categoria,
        c1_0.promocao,
        c1_0.proprietario,
        l1_0.data_cadastro,
        l1_0.descricao,
        l1_0.endereco,
        l1_0.foto_url,
        l1_0.nome_fantasia,
        l1_0.status,
        l1_0.telefone 
    from
        loja l1_0 
    left join
        (select
            * from usuario t 
        where
            t.tipo_usuario='CONFEITEIRO') c1_0 
            on c1_0.id=l1_0.confeiteiro_id 
    where
        l1_0.confeiteiro_id=?
Hibernate: 
    select
        u1_0.id,
        u1_0.tipo_usuario,
        u1_0.bairro,
        u1_0.cep,
        u1_0.cidade,
        u1_0.cod_status,
        u1_0.complemento,
        u1_0.cpf,
        u1_0.data_nascimento,
        u1_0.email,
        u1_0.endereco,
        u1_0.foto_perfil,
        u1_0.nome,
        u1_0.numero,
        u1_0.preferencias,
        u1_0.restricoes,
        u1_0.senha,
        u1_0.telefone,
        u1_0.tipo_usuario,
        u1_0.uf,
        u1_0.nivel_acesso,
        u1_0.apelido,
        u1_0.categoria,
        u1_0.promocao,
        u1_0.proprietario,
        u1_0.cnh,
        u1_0.placa_veiculo,
        u1_0.veiculo 
    from
        usuario u1_0 
    where
        u1_0.email=?
Hibernate: 
    select
        l1_0.id,
        l1_0.cnpj,
        c1_0.id,
        c1_0.bairro,
        c1_0.cep,
        c1_0.cidade,
        c1_0.cod_status,
        c1_0.complemento,
        c1_0.cpf,
        c1_0.data_nascimento,
        c1_0.email,
        c1_0.endereco,
        c1_0.foto_perfil,
        c1_0.nome,
        c1_0.numero,
        c1_0.preferencias,
        c1_0.restricoes,
        c1_0.senha,
        c1_0.telefone,
        c1_0.tipo_usuario,
        c1_0.uf,
        c1_0.categoria,
        c1_0.promocao,
        c1_0.proprietario,
        l1_0.data_cadastro,
        l1_0.descricao,
        l1_0.endereco,
        l1_0.foto_url,
        l1_0.nome_fantasia,
        l1_0.status,
        l1_0.telefone 
    from
        loja l1_0 
    left join
        (select
            * from usuario t 
        where
            t.tipo_usuario='CONFEITEIRO') c1_0 
            on c1_0.id=l1_0.confeiteiro_id 
    where
        l1_0.confeiteiro_id=?
DEBUG: Filtro processado com sucesso para: bia@gmail.com | Permissões: [ROLE_CLIENTE]
LOG PERFIL: GET /api/cliente/perfil chamado
LOG PERFIL: Usuário autenticado: bia@gmail.com | Role: [ROLE_CLIENTE] | Tipo: CLIENTE
Hibernate: 
    select
        c1_0.id,
        c1_0.bairro,
        c1_0.cep,
        c1_0.cidade,
        c1_0.cod_status,
        c1_0.complemento,
        c1_0.cpf,
        c1_0.data_nascimento,
        c1_0.email,
        c1_0.endereco,
        c1_0.foto_perfil,
        l1_0.id,
        l1_0.cnpj,
        l1_0.confeiteiro_id,
        l1_0.data_cadastro,
        l1_0.descricao,
        l1_0.endereco,
        l1_0.foto_url,
        l1_0.nome_fantasia,
        l1_0.status,
        l1_0.telefone,
        c1_0.nome,
        c1_0.numero,
        c1_0.preferencias,
        c1_0.restricoes,
        c1_0.senha,
        c1_0.telefone,
        c1_0.tipo_usuario,
        c1_0.uf,
        c1_0.apelido 
    from
        usuario c1_0 
    left join
        loja l1_0 
            on c1_0.id=l1_0.confeiteiro_id 
    where
        c1_0.tipo_usuario='CLIENTE' 
        and c1_0.id=?
LOG CPF       : 19199467349
LOG DATA_NASC : 2007-07-19
LOG APELIDO   : Mari
LOG FOTO      : http://10.0.2.2:8080/uploads/fotos/perfil_2_1781628594396.jpg
LOG PREF      : ["Bolos","Cupcakes"]
LOG DTO CPF   : 19199467349
LOG DTO DATA  : 2007-07-19
LOG DTO JSON  : {"id":2,"nome":"Marina Gonçalves de Brito","apelido":"Mari","cpf":"19199467349","dataNascimento":"2007-07-19","email":"bia@gmail.com","telefone":"97675537678","cep":"06660485","logradouro":"Rua Francana","numero":"0","complemento":null,"bairro":"Vila Santa Rita","cidade":"Itapevi","estado":"SP","fotoPerfil":"http://10.0.2.2:8080/uploads/fotos/perfil_2_1781628594396.jpg","preferencias":["Bolos","Cupcakes"],"restricoes":["Sem Glúten","Sem Lactose"]}
2026-06-16T13:56:03.821-03:00  WARN 8456 --- [docelivery] [nio-8080-exec-4] .m.m.a.ExceptionHandlerExceptionResolver : Resolved [org.springframework.web.servlet.resource.NoResourceFoundException: No static resource  for request '/uploads/fotos/'.]
2026-06-16T14:05:54.249-03:00  INFO 8456 --- [docelivery] [   File Watcher] rtingClassPathChangeChangedEventListener : Restarting due to 2 class path changes (0 additions, 1 deletion, 1 modification)
2026-06-16T14:05:54.775-03:00  INFO 8456 --- [docelivery] [       Thread-1] o.s.boot.tomcat.GracefulShutdown         : Commencing graceful shutdown. Waiting for active requests to complete
2026-06-16T14:05:54.888-03:00  INFO 8456 --- [docelivery] [tomcat-shutdown] o.s.boot.tomcat.GracefulShutdown         : Graceful shutdown complete
2026-06-16T14:05:54.950-03:00  INFO 8456 --- [docelivery] [       Thread-1] o.s.m.s.b.SimpleBrokerMessageHandler     : Stopping...
2026-06-16T14:05:54.952-03:00  INFO 8456 --- [docelivery] [       Thread-1] o.s.m.s.b.SimpleBrokerMessageHandler     : BrokerAvailabilityEvent[available=false, SimpleBrokerMessageHandler [org.springframework.messaging.simp.broker.DefaultSubscriptionRegistry@5c424a22]]
2026-06-16T14:05:54.953-03:00  INFO 8456 --- [docelivery] [       Thread-1] o.s.m.s.b.SimpleBrokerMessageHandler     : Stopped.
2026-06-16T14:05:55.045-03:00  INFO 8456 --- [docelivery] [       Thread-1] j.LocalContainerEntityManagerFactoryBean : Closing JPA EntityManagerFactory for persistence unit 'default'
2026-06-16T14:05:55.376-03:00  INFO 8456 --- [docelivery] [       Thread-1] com.zaxxer.hikari.HikariDataSource       : HikariPool-1 - Shutdown initiated...
2026-06-16T14:05:55.422-03:00  INFO 8456 --- [docelivery] [       Thread-1] com.zaxxer.hikari.HikariDataSource       : HikariPool-1 - Shutdown completed.

  .   ____          _            __ _ _
 /\\ / ___'_ __ _ _(_)_ __  __ _ \ \ \ \
( ( )\___ | '_ | '_| | '_ \/ _` | \ \ \ \
 \\/  ___)| |_)| | | | | || (_| |  ) ) ) )
  '  |____| .__|_| |_|_| |_\__, | / / / /
 =========|_|==============|___/=/_/_/_/

 :: Spring Boot ::                (v4.0.3)

2026-06-16T14:05:56.610-03:00  INFO 8456 --- [docelivery] [  restartedMain] c.a.c.docelivery.DoceliveryApplication   : Starting DoceliveryApplication using Java 21.0.11 with PID 8456 (C:\Docelivery\API\target\classes started by bia in C:\Docelivery\API)
2026-06-16T14:05:56.610-03:00  INFO 8456 --- [docelivery] [  restartedMain] c.a.c.docelivery.DoceliveryApplication   : No active profile set, falling back to 1 default profile: "default"
2026-06-16T14:05:57.767-03:00  INFO 8456 --- [docelivery] [  restartedMain] .s.d.r.c.RepositoryConfigurationDelegate : Bootstrapping Spring Data JPA repositories in DEFAULT mode.
2026-06-16T14:05:57.869-03:00  INFO 8456 --- [docelivery] [  restartedMain] .s.d.r.c.RepositoryConfigurationDelegate : Finished Spring Data repository scanning in 95 ms. Found 14 JPA repository interfaces.
2026-06-16T14:05:58.588-03:00  INFO 8456 --- [docelivery] [  restartedMain] o.s.boot.tomcat.TomcatWebServer          : Tomcat initialized with port 8080 (http)
2026-06-16T14:05:58.607-03:00  INFO 8456 --- [docelivery] [  restartedMain] o.apache.catalina.core.StandardService   : Starting service [Tomcat]
2026-06-16T14:05:58.609-03:00  INFO 8456 --- [docelivery] [  restartedMain] o.apache.catalina.core.StandardEngine    : Starting Servlet engine: [Apache Tomcat/11.0.18]
2026-06-16T14:05:58.755-03:00  INFO 8456 --- [docelivery] [  restartedMain] b.w.c.s.WebApplicationContextInitializer : Root WebApplicationContext: initialization completed in 2131 ms
2026-06-16T14:05:59.002-03:00  INFO 8456 --- [docelivery] [  restartedMain] org.hibernate.orm.jpa                    : HHH008540: Processing PersistenceUnitInfo [name: default]
2026-06-16T14:05:59.089-03:00  INFO 8456 --- [docelivery] [  restartedMain] o.s.o.j.p.SpringPersistenceUnitInfo      : No LoadTimeWeaver setup: ignoring JPA class transformer
2026-06-16T14:05:59.091-03:00  INFO 8456 --- [docelivery] [  restartedMain] com.zaxxer.hikari.HikariDataSource       : HikariPool-2 - Starting...
2026-06-16T14:05:59.132-03:00  INFO 8456 --- [docelivery] [  restartedMain] com.zaxxer.hikari.pool.HikariPool        : HikariPool-2 - Added connection ConnectionID:21 ClientConnectionId: f091663d-ae90-4a6d-abad-f0a7a0e1c279
2026-06-16T14:05:59.132-03:00  INFO 8456 --- [docelivery] [  restartedMain] com.zaxxer.hikari.HikariDataSource       : HikariPool-2 - Start completed.
2026-06-16T14:05:59.720-03:00  INFO 8456 --- [docelivery] [  restartedMain] org.hibernate.orm.connections.pooling    : HHH10001005: Database info:
	Database JDBC URL [jdbc:sqlserver://localhost:1433;concatNullYieldsNull=ON;quotedIdentifier=ON;connectRetryInterval=10;connectRetryCount=1;maxResultBuffer=-1;sendTemporalDataTypesAsStringForBulkCopy=true;delayLoadingLobs=true;useFmtOnly=false;vectorTypeSupport=v1;cacheBulkCopyMetadata=false;bulkCopyForBatchInsertAllowEncryptedValueModifications=false;bulkCopyForBatchInsertTableLock=false;bulkCopyForBatchInsertKeepNulls=false;bulkCopyForBatchInsertKeepIdentity=false;bulkCopyForBatchInsertFireTriggers=false;bulkCopyForBatchInsertCheckConstraints=false;bulkCopyForBatchInsertBatchSize=0;useBulkCopyForBatchInsert=false;cancelQueryTimeout=-1;sslProtocol=TLS;calcBigDecimalPrecision=false;useDefaultJaasConfig=false;jaasConfigurationName=SQLJDBCDriver;statementPoolingCacheSize=0;serverPreparedStatementDiscardThreshold=10;enablePrepareOnFirstPreparedStatementCall=false;fips=false;socketTimeout=0;authentication=NotSpecified;authenticationScheme=nativeAuthentication;xopenStates=false;datetimeParameterType=datetime2;sendTimeAsDatetime=true;replication=false;trustStoreType=JKS;trustServerCertificate=true;TransparentNetworkIPResolution=true;iPAddressPreference=IPv4First;serverNameAsACE=false;sendStringParametersAsUnicode=true;selectMethod=direct;responseBuffering=adaptive;queryTimeout=-1;packetSize=8000;multiSubnetFailover=false;loginTimeout=30;lockTimeout=-1;lastUpdateCount=true;useDefaultGSSCredential=false;prepareMethod=prepexec;encrypt=true;disableStatementPooling=true;databaseName=docelivery;columnEncryptionSetting=Disabled;applicationName=Microsoft JDBC Driver for SQL Server;applicationIntent=readwrite;]
	Database driver: Microsoft JDBC Driver 13.2 for SQL Server
	Database dialect: SQLServerDialect
	Database version: 16.0
	Default catalog/schema: docelivery/dbo
	Autocommit mode: undefined/unknown
	Isolation level: READ_COMMITTED [default READ_COMMITTED]
	JDBC fetch size: 128
	Pool: DataSourceConnectionProvider
	Minimum pool size: undefined/unknown
	Maximum pool size: undefined/unknown
2026-06-16T14:06:00.417-03:00  INFO 8456 --- [docelivery] [  restartedMain] org.hibernate.orm.core                   : HHH000489: No JTA platform available (set 'hibernate.transaction.jta.platform' to enable JTA platform integration)
Hibernate: 
    alter table foto_produto 
       alter column dados_binarios VARBINARY(MAX)
Hibernate: 
    alter table usuario 
       alter column preferencias NVARCHAR(MAX)
Hibernate: 
    alter table usuario 
       alter column restricoes NVARCHAR(MAX)
2026-06-16T14:06:03.414-03:00  INFO 8456 --- [docelivery] [  restartedMain] j.LocalContainerEntityManagerFactoryBean : Initialized JPA EntityManagerFactory for persistence unit 'default'
LOG DOCELIVERY: Servindo arquivos de: file:///C:/docelivery-storage/
LOG DOCELIVERY: Servindo fotos de: file:///C:/docelivery-storage/fotos/
2026-06-16T14:06:04.406-03:00  INFO 8456 --- [docelivery] [  restartedMain] o.s.m.s.b.SimpleBrokerMessageHandler     : Starting...
2026-06-16T14:06:04.406-03:00  INFO 8456 --- [docelivery] [  restartedMain] o.s.m.s.b.SimpleBrokerMessageHandler     : BrokerAvailabilityEvent[available=true, SimpleBrokerMessageHandler [org.springframework.messaging.simp.broker.DefaultSubscriptionRegistry@2b42f5cd]]
2026-06-16T14:06:04.407-03:00  INFO 8456 --- [docelivery] [  restartedMain] o.s.m.s.b.SimpleBrokerMessageHandler     : Started.
2026-06-16T14:06:04.413-03:00  INFO 8456 --- [docelivery] [  restartedMain] o.s.boot.tomcat.TomcatWebServer          : Tomcat started on port 8080 (http) with context path '/'
2026-06-16T14:06:04.422-03:00  INFO 8456 --- [docelivery] [  restartedMain] c.a.c.docelivery.DoceliveryApplication   : Started DoceliveryApplication in 7.953 seconds (process running for 1727.871)
2026-06-16T14:06:04.425-03:00  INFO 8456 --- [docelivery] [  restartedMain] .ConditionEvaluationDeltaLoggingListener : Condition evaluation unchanged
Hibernate: 
    select
        p1_0.id,
        p1_0.agendado,
        p1_0.cliente_id,
        p1_0.cod_status,
        p1_0.confeiteiro_id,
        p1_0.data_entrega_agendada,
        p1_0.data_hora_pedido,
        p1_0.entregador_id,
        p1_0.loja_id,
        p1_0.numero_pedido,
        p1_0.status,
        p1_0.valor_pedido 
    from
        pedido p1_0 
    where
        p1_0.status=? 
        and p1_0.data_entrega_agendada<?
2026-06-16T14:06:05.845-03:00  INFO 8456 --- [docelivery] [   File Watcher] rtingClassPathChangeChangedEventListener : Restarting due to 1 class path change (1 addition, 0 deletions, 0 modifications)
2026-06-16T14:06:05.845-03:00  INFO 8456 --- [docelivery] [       Thread-5] o.s.boot.tomcat.GracefulShutdown         : Commencing graceful shutdown. Waiting for active requests to complete
2026-06-16T14:06:05.861-03:00  INFO 8456 --- [docelivery] [tomcat-shutdown] o.s.boot.tomcat.GracefulShutdown         : Graceful shutdown complete
2026-06-16T14:06:05.862-03:00  INFO 8456 --- [docelivery] [       Thread-5] o.s.m.s.b.SimpleBrokerMessageHandler     : Stopping...
2026-06-16T14:06:05.862-03:00  INFO 8456 --- [docelivery] [       Thread-5] o.s.m.s.b.SimpleBrokerMessageHandler     : BrokerAvailabilityEvent[available=false, SimpleBrokerMessageHandler [org.springframework.messaging.simp.broker.DefaultSubscriptionRegistry@2b42f5cd]]
2026-06-16T14:06:05.862-03:00  INFO 8456 --- [docelivery] [       Thread-5] o.s.m.s.b.SimpleBrokerMessageHandler     : Stopped.
2026-06-16T14:06:05.864-03:00  INFO 8456 --- [docelivery] [       Thread-5] j.LocalContainerEntityManagerFactoryBean : Closing JPA EntityManagerFactory for persistence unit 'default'
2026-06-16T14:06:05.864-03:00  INFO 8456 --- [docelivery] [       Thread-5] com.zaxxer.hikari.HikariDataSource       : HikariPool-2 - Shutdown initiated...
2026-06-16T14:06:05.864-03:00  INFO 8456 --- [docelivery] [       Thread-5] com.zaxxer.hikari.HikariDataSource       : HikariPool-2 - Shutdown completed.

  .   ____          _            __ _ _
 /\\ / ___'_ __ _ _(_)_ __  __ _ \ \ \ \
( ( )\___ | '_ | '_| | '_ \/ _` | \ \ \ \
 \\/  ___)| |_)| | | | | || (_| |  ) ) ) )
  '  |____| .__|_| |_|_| |_\__, | / / / /
 =========|_|==============|___/=/_/_/_/

 :: Spring Boot ::                (v4.0.3)

2026-06-16T14:06:05.993-03:00  INFO 8456 --- [docelivery] [  restartedMain] c.a.c.docelivery.DoceliveryApplication   : Starting DoceliveryApplication using Java 21.0.11 with PID 8456 (C:\Docelivery\API\target\classes started by bia in C:\Docelivery\API)
2026-06-16T14:06:05.995-03:00  INFO 8456 --- [docelivery] [  restartedMain] c.a.c.docelivery.DoceliveryApplication   : No active profile set, falling back to 1 default profile: "default"
2026-06-16T14:06:06.390-03:00  INFO 8456 --- [docelivery] [  restartedMain] .s.d.r.c.RepositoryConfigurationDelegate : Bootstrapping Spring Data JPA repositories in DEFAULT mode.
2026-06-16T14:06:06.465-03:00  INFO 8456 --- [docelivery] [  restartedMain] .s.d.r.c.RepositoryConfigurationDelegate : Finished Spring Data repository scanning in 72 ms. Found 14 JPA repository interfaces.
2026-06-16T14:06:06.744-03:00  INFO 8456 --- [docelivery] [  restartedMain] o.s.boot.tomcat.TomcatWebServer          : Tomcat initialized with port 8080 (http)
2026-06-16T14:06:06.745-03:00  INFO 8456 --- [docelivery] [  restartedMain] o.apache.catalina.core.StandardService   : Starting service [Tomcat]
2026-06-16T14:06:06.745-03:00  INFO 8456 --- [docelivery] [  restartedMain] o.apache.catalina.core.StandardEngine    : Starting Servlet engine: [Apache Tomcat/11.0.18]
2026-06-16T14:06:06.781-03:00  INFO 8456 --- [docelivery] [  restartedMain] b.w.c.s.WebApplicationContextInitializer : Root WebApplicationContext: initialization completed in 784 ms
2026-06-16T14:06:06.882-03:00  INFO 8456 --- [docelivery] [  restartedMain] org.hibernate.orm.jpa                    : HHH008540: Processing PersistenceUnitInfo [name: default]
2026-06-16T14:06:06.959-03:00  INFO 8456 --- [docelivery] [  restartedMain] o.s.o.j.p.SpringPersistenceUnitInfo      : No LoadTimeWeaver setup: ignoring JPA class transformer
2026-06-16T14:06:06.959-03:00  INFO 8456 --- [docelivery] [  restartedMain] com.zaxxer.hikari.HikariDataSource       : HikariPool-3 - Starting...
2026-06-16T14:06:07.030-03:00  INFO 8456 --- [docelivery] [  restartedMain] com.zaxxer.hikari.pool.HikariPool        : HikariPool-3 - Added connection ConnectionID:27 ClientConnectionId: 25222347-b4d5-4e44-ac3c-57a44f93559e
2026-06-16T14:06:07.030-03:00  INFO 8456 --- [docelivery] [  restartedMain] com.zaxxer.hikari.HikariDataSource       : HikariPool-3 - Start completed.
2026-06-16T14:06:07.296-03:00  INFO 8456 --- [docelivery] [  restartedMain] org.hibernate.orm.connections.pooling    : HHH10001005: Database info:
	Database JDBC URL [jdbc:sqlserver://localhost:1433;concatNullYieldsNull=ON;quotedIdentifier=ON;connectRetryInterval=10;connectRetryCount=1;maxResultBuffer=-1;sendTemporalDataTypesAsStringForBulkCopy=true;delayLoadingLobs=true;useFmtOnly=false;vectorTypeSupport=v1;cacheBulkCopyMetadata=false;bulkCopyForBatchInsertAllowEncryptedValueModifications=false;bulkCopyForBatchInsertTableLock=false;bulkCopyForBatchInsertKeepNulls=false;bulkCopyForBatchInsertKeepIdentity=false;bulkCopyForBatchInsertFireTriggers=false;bulkCopyForBatchInsertCheckConstraints=false;bulkCopyForBatchInsertBatchSize=0;useBulkCopyForBatchInsert=false;cancelQueryTimeout=-1;sslProtocol=TLS;calcBigDecimalPrecision=false;useDefaultJaasConfig=false;jaasConfigurationName=SQLJDBCDriver;statementPoolingCacheSize=0;serverPreparedStatementDiscardThreshold=10;enablePrepareOnFirstPreparedStatementCall=false;fips=false;socketTimeout=0;authentication=NotSpecified;authenticationScheme=nativeAuthentication;xopenStates=false;datetimeParameterType=datetime2;sendTimeAsDatetime=true;replication=false;trustStoreType=JKS;trustServerCertificate=true;TransparentNetworkIPResolution=true;iPAddressPreference=IPv4First;serverNameAsACE=false;sendStringParametersAsUnicode=true;selectMethod=direct;responseBuffering=adaptive;queryTimeout=-1;packetSize=8000;multiSubnetFailover=false;loginTimeout=30;lockTimeout=-1;lastUpdateCount=true;useDefaultGSSCredential=false;prepareMethod=prepexec;encrypt=true;disableStatementPooling=true;databaseName=docelivery;columnEncryptionSetting=Disabled;applicationName=Microsoft JDBC Driver for SQL Server;applicationIntent=readwrite;]
	Database driver: Microsoft JDBC Driver 13.2 for SQL Server
	Database dialect: SQLServerDialect
	Database version: 16.0
	Default catalog/schema: docelivery/dbo
	Autocommit mode: undefined/unknown
	Isolation level: READ_COMMITTED [default READ_COMMITTED]
	JDBC fetch size: 128
	Pool: DataSourceConnectionProvider
	Minimum pool size: undefined/unknown
	Maximum pool size: undefined/unknown
2026-06-16T14:06:07.731-03:00  INFO 8456 --- [docelivery] [  restartedMain] org.hibernate.orm.core                   : HHH000489: No JTA platform available (set 'hibernate.transaction.jta.platform' to enable JTA platform integration)
Hibernate: 
    alter table foto_produto 
       alter column dados_binarios VARBINARY(MAX)
Hibernate: 
    alter table usuario 
       alter column preferencias NVARCHAR(MAX)
Hibernate: 
    alter table usuario 
       alter column restricoes NVARCHAR(MAX)
2026-06-16T14:06:10.919-03:00  INFO 8456 --- [docelivery] [  restartedMain] j.LocalContainerEntityManagerFactoryBean : Initialized JPA EntityManagerFactory for persistence unit 'default'
LOG DOCELIVERY: Servindo arquivos de: file:///C:/docelivery-storage/
LOG DOCELIVERY: Servindo fotos de: file:///C:/docelivery-storage/fotos/
2026-06-16T14:06:11.673-03:00  INFO 8456 --- [docelivery] [  restartedMain] o.s.m.s.b.SimpleBrokerMessageHandler     : Starting...
2026-06-16T14:06:11.674-03:00  INFO 8456 --- [docelivery] [  restartedMain] o.s.m.s.b.SimpleBrokerMessageHandler     : BrokerAvailabilityEvent[available=true, SimpleBrokerMessageHandler [org.springframework.messaging.simp.broker.DefaultSubscriptionRegistry@428dcc68]]
2026-06-16T14:06:11.674-03:00  INFO 8456 --- [docelivery] [  restartedMain] o.s.m.s.b.SimpleBrokerMessageHandler     : Started.
2026-06-16T14:06:11.678-03:00  INFO 8456 --- [docelivery] [  restartedMain] o.s.boot.tomcat.TomcatWebServer          : Tomcat started on port 8080 (http) with context path '/'
2026-06-16T14:06:11.681-03:00  INFO 8456 --- [docelivery] [  restartedMain] c.a.c.docelivery.DoceliveryApplication   : Started DoceliveryApplication in 5.735 seconds (process running for 1735.13)
2026-06-16T14:06:11.683-03:00  INFO 8456 --- [docelivery] [  restartedMain] .ConditionEvaluationDeltaLoggingListener : Condition evaluation unchanged
Hibernate: 
    select
        p1_0.id,
        p1_0.agendado,
        p1_0.cliente_id,
        p1_0.cod_status,
        p1_0.confeiteiro_id,
        p1_0.data_entrega_agendada,
        p1_0.data_hora_pedido,
        p1_0.entregador_id,
        p1_0.loja_id,
        p1_0.numero_pedido,
        p1_0.status,
        p1_0.valor_pedido 
    from
        pedido p1_0 
    where
        p1_0.status=? 
        and p1_0.data_entrega_agendada<?
2026-06-16T14:07:11.677-03:00  INFO 8456 --- [docelivery] [MessageBroker-2] o.s.w.s.c.WebSocketMessageBrokerStats    : WebSocketSession[0 current WS(0)-HttpStream(0)-HttpPoll(0), 0 total, 0 closed abnormally (0 connect failure, 0 send limit, 0 transport error)], stompSubProtocol[processed CONNECT(0)-CONNECTED(0)-DISCONNECT(0)], stompBrokerRelay[null], inboundChannel[pool size = 0, active threads = 0, queued tasks = 0, completed tasks = 0], outboundChannel[pool size = 0, active threads = 0, queued tasks = 0, completed tasks = 0], sockJsScheduler[pool size = 3, active threads = 1, queued tasks = 1, completed tasks = 1]
2026-06-16T14:07:36.455-03:00  INFO 8456 --- [docelivery] [nio-8080-exec-1] o.a.c.c.C.[Tomcat].[localhost].[/]       : Initializing Spring DispatcherServlet 'dispatcherServlet'
2026-06-16T14:07:36.456-03:00  INFO 8456 --- [docelivery] [nio-8080-exec-1] o.s.web.servlet.DispatcherServlet        : Initializing Servlet 'dispatcherServlet'
2026-06-16T14:07:36.464-03:00  INFO 8456 --- [docelivery] [nio-8080-exec-1] o.s.web.servlet.DispatcherServlet        : Completed initialization in 8 ms
Hibernate: 
    select
        u1_0.id,
        u1_0.tipo_usuario,
        u1_0.bairro,
        u1_0.cep,
        u1_0.cidade,
        u1_0.cod_status,
        u1_0.complemento,
        u1_0.cpf,
        u1_0.data_nascimento,
        u1_0.email,
        u1_0.endereco,
        u1_0.foto_perfil,
        u1_0.nome,
        u1_0.numero,
        u1_0.preferencias,
        u1_0.restricoes,
        u1_0.senha,
        u1_0.telefone,
        u1_0.tipo_usuario,
        u1_0.uf,
        u1_0.nivel_acesso,
        u1_0.apelido,
        u1_0.categoria,
        u1_0.promocao,
        u1_0.proprietario,
        u1_0.cnh,
        u1_0.placa_veiculo,
        u1_0.veiculo 
    from
        usuario u1_0 
    where
        u1_0.email=?
Hibernate: 
    select
        l1_0.id,
        l1_0.cnpj,
        c1_0.id,
        c1_0.bairro,
        c1_0.cep,
        c1_0.cidade,
        c1_0.cod_status,
        c1_0.complemento,
        c1_0.cpf,
        c1_0.data_nascimento,
        c1_0.email,
        c1_0.endereco,
        c1_0.foto_perfil,
        c1_0.nome,
        c1_0.numero,
        c1_0.preferencias,
        c1_0.restricoes,
        c1_0.senha,
        c1_0.telefone,
        c1_0.tipo_usuario,
        c1_0.uf,
        c1_0.categoria,
        c1_0.promocao,
        c1_0.proprietario,
        l1_0.data_cadastro,
        l1_0.descricao,
        l1_0.endereco,
        l1_0.foto_url,
        l1_0.nome_fantasia,
        l1_0.status,
        l1_0.telefone 
    from
        loja l1_0 
    left join
        (select
            * from usuario t 
        where
            t.tipo_usuario='CONFEITEIRO') c1_0 
            on c1_0.id=l1_0.confeiteiro_id 
    where
        l1_0.confeiteiro_id=?
DEBUG: Filtro processado com sucesso para: bia@gmail.com | Permissões: [ROLE_CLIENTE]
LOG PERFIL: POST /api/cliente/foto chamado
LOG PERFIL: Usuário autenticado: bia@gmail.com | Role: [ROLE_CLIENTE] | Tipo: CLIENTE
Hibernate: 
    select
        c1_0.id,
        c1_0.bairro,
        c1_0.cep,
        c1_0.cidade,
        c1_0.cod_status,
        c1_0.complemento,
        c1_0.cpf,
        c1_0.data_nascimento,
        c1_0.email,
        c1_0.endereco,
        c1_0.foto_perfil,
        l1_0.id,
        l1_0.cnpj,
        l1_0.confeiteiro_id,
        l1_0.data_cadastro,
        l1_0.descricao,
        l1_0.endereco,
        l1_0.foto_url,
        l1_0.nome_fantasia,
        l1_0.status,
        l1_0.telefone,
        c1_0.nome,
        c1_0.numero,
        c1_0.preferencias,
        c1_0.restricoes,
        c1_0.senha,
        c1_0.telefone,
        c1_0.tipo_usuario,
        c1_0.uf,
        c1_0.apelido 
    from
        usuario c1_0 
    left join
        loja l1_0 
            on c1_0.id=l1_0.confeiteiro_id 
    where
        c1_0.tipo_usuario='CLIENTE' 
        and c1_0.id=?
LOG PERFIL: Foto salva em: C:\docelivery-storage\fotos\perfil_2_1781629656670.jpg | URL: http://192.168.1.102:8080/uploads/fotos/perfil_2_1781629656670.jpg
Hibernate: 
    update
        usuario 
    set
        bairro=?,
        cep=?,
        cidade=?,
        cod_status=?,
        complemento=?,
        cpf=?,
        data_nascimento=?,
        email=?,
        endereco=?,
        foto_perfil=?,
        nome=?,
        numero=?,
        preferencias=?,
        restricoes=?,
        senha=?,
        telefone=?,
        uf=?,
        apelido=? 
    where
        id=?
Hibernate: 
    select
        u1_0.id,
        u1_0.tipo_usuario,
        u1_0.bairro,
        u1_0.cep,
        u1_0.cidade,
        u1_0.cod_status,
        u1_0.complemento,
        u1_0.cpf,
        u1_0.data_nascimento,
        u1_0.email,
        u1_0.endereco,
        u1_0.foto_perfil,
        u1_0.nome,
        u1_0.numero,
        u1_0.preferencias,
        u1_0.restricoes,
        u1_0.senha,
        u1_0.telefone,
        u1_0.tipo_usuario,
        u1_0.uf,
        u1_0.nivel_acesso,
        u1_0.apelido,
        u1_0.categoria,
        u1_0.promocao,
        u1_0.proprietario,
        u1_0.cnh,
        u1_0.placa_veiculo,
        u1_0.veiculo 
    from
        usuario u1_0 
    where
        u1_0.email=?
Hibernate: 
    select
        l1_0.id,
        l1_0.cnpj,
        c1_0.id,
        c1_0.bairro,
        c1_0.cep,
        c1_0.cidade,
        c1_0.cod_status,
        c1_0.complemento,
        c1_0.cpf,
        c1_0.data_nascimento,
        c1_0.email,
        c1_0.endereco,
        c1_0.foto_perfil,
        c1_0.nome,
        c1_0.numero,
        c1_0.preferencias,
        c1_0.restricoes,
        c1_0.senha,
        c1_0.telefone,
        c1_0.tipo_usuario,
        c1_0.uf,
        c1_0.categoria,
        c1_0.promocao,
        c1_0.proprietario,
        l1_0.data_cadastro,
        l1_0.descricao,
        l1_0.endereco,
        l1_0.foto_url,
        l1_0.nome_fantasia,
        l1_0.status,
        l1_0.telefone 
    from
        loja l1_0 
    left join
        (select
            * from usuario t 
        where
            t.tipo_usuario='CONFEITEIRO') c1_0 
            on c1_0.id=l1_0.confeiteiro_id 
    where
        l1_0.confeiteiro_id=?
DEBUG: Filtro processado com sucesso para: bia@gmail.com | Permissões: [ROLE_CLIENTE]
LOG PERFIL: PUT /api/cliente/perfil chamado
LOG PERFIL: Usuário autenticado: bia@gmail.com | Role: [ROLE_CLIENTE] | Tipo: CLIENTE
Hibernate: 
    select
        c1_0.id,
        c1_0.bairro,
        c1_0.cep,
        c1_0.cidade,
        c1_0.cod_status,
        c1_0.complemento,
        c1_0.cpf,
        c1_0.data_nascimento,
        c1_0.email,
        c1_0.endereco,
        c1_0.foto_perfil,
        l1_0.id,
        l1_0.cnpj,
        l1_0.confeiteiro_id,
        l1_0.data_cadastro,
        l1_0.descricao,
        l1_0.endereco,
        l1_0.foto_url,
        l1_0.nome_fantasia,
        l1_0.status,
        l1_0.telefone,
        c1_0.nome,
        c1_0.numero,
        c1_0.preferencias,
        c1_0.restricoes,
        c1_0.senha,
        c1_0.telefone,
        c1_0.tipo_usuario,
        c1_0.uf,
        c1_0.apelido 
    from
        usuario c1_0 
    left join
        loja l1_0 
            on c1_0.id=l1_0.confeiteiro_id 
    where
        c1_0.tipo_usuario='CLIENTE' 
        and c1_0.id=?
LOG PERFIL: Perfil salvo com sucesso para: bia@gmail.com
Hibernate: 
    select
        u1_0.id,
        u1_0.tipo_usuario,
        u1_0.bairro,
        u1_0.cep,
        u1_0.cidade,
        u1_0.cod_status,
        u1_0.complemento,
        u1_0.cpf,
        u1_0.data_nascimento,
        u1_0.email,
        u1_0.endereco,
        u1_0.foto_perfil,
        u1_0.nome,
        u1_0.numero,
        u1_0.preferencias,
        u1_0.restricoes,
        u1_0.senha,
        u1_0.telefone,
        u1_0.tipo_usuario,
        u1_0.uf,
        u1_0.nivel_acesso,
        u1_0.apelido,
        u1_0.categoria,
        u1_0.promocao,
        u1_0.proprietario,
        u1_0.cnh,
        u1_0.placa_veiculo,
        u1_0.veiculo 
    from
        usuario u1_0 
    where
        u1_0.email=?
Hibernate: 
    select
        l1_0.id,
        l1_0.cnpj,
        c1_0.id,
        c1_0.bairro,
        c1_0.cep,
        c1_0.cidade,
        c1_0.cod_status,
        c1_0.complemento,
        c1_0.cpf,
        c1_0.data_nascimento,
        c1_0.email,
        c1_0.endereco,
        c1_0.foto_perfil,
        c1_0.nome,
        c1_0.numero,
        c1_0.preferencias,
        c1_0.restricoes,
        c1_0.senha,
        c1_0.telefone,
        c1_0.tipo_usuario,
        c1_0.uf,
        c1_0.categoria,
        c1_0.promocao,
        c1_0.proprietario,
        l1_0.data_cadastro,
        l1_0.descricao,
        l1_0.endereco,
        l1_0.foto_url,
        l1_0.nome_fantasia,
        l1_0.status,
        l1_0.telefone 
    from
        loja l1_0 
    left join
        (select
            * from usuario t 
        where
            t.tipo_usuario='CONFEITEIRO') c1_0 
            on c1_0.id=l1_0.confeiteiro_id 
    where
        l1_0.confeiteiro_id=?
DEBUG: Filtro processado com sucesso para: bia@gmail.com | Permissões: [ROLE_CLIENTE]
LOG PERFIL: GET /api/cliente/perfil chamado
LOG PERFIL: Usuário autenticado: bia@gmail.com | Role: [ROLE_CLIENTE] | Tipo: CLIENTE
Hibernate: 
    select
        c1_0.id,
        c1_0.bairro,
        c1_0.cep,
        c1_0.cidade,
        c1_0.cod_status,
        c1_0.complemento,
        c1_0.cpf,
        c1_0.data_nascimento,
        c1_0.email,
        c1_0.endereco,
        c1_0.foto_perfil,
        l1_0.id,
        l1_0.cnpj,
        l1_0.confeiteiro_id,
        l1_0.data_cadastro,
        l1_0.descricao,
        l1_0.endereco,
        l1_0.foto_url,
        l1_0.nome_fantasia,
        l1_0.status,
        l1_0.telefone,
        c1_0.nome,
        c1_0.numero,
        c1_0.preferencias,
        c1_0.restricoes,
        c1_0.senha,
        c1_0.telefone,
        c1_0.tipo_usuario,
        c1_0.uf,
        c1_0.apelido 
    from
        usuario c1_0 
    left join
        loja l1_0 
            on c1_0.id=l1_0.confeiteiro_id 
    where
        c1_0.tipo_usuario='CLIENTE' 
        and c1_0.id=?
LOG CPF       : 19199467349
LOG DATA_NASC : 2007-07-19
LOG APELIDO   : Mari
LOG FOTO      : http://192.168.1.102:8080/uploads/fotos/perfil_2_1781629656670.jpg
LOG PREF      : ["Bolos","Cupcakes"]
LOG DTO CPF   : 19199467349
LOG DTO DATA  : 2007-07-19
LOG DTO JSON  : {"id":2,"nome":"Marina Gonçalves de Brito","apelido":"Mari","cpf":"19199467349","dataNascimento":"2007-07-19","email":"bia@gmail.com","telefone":"97675537678","cep":"06660485","logradouro":"Rua Francana","numero":"0","complemento":null,"bairro":"Vila Santa Rita","cidade":"Itapevi","estado":"SP","fotoPerfil":"http://192.168.1.102:8080/uploads/fotos/perfil_2_1781629656670.jpg","preferencias":["Bolos","Cupcakes"],"restricoes":["Sem Glúten","Sem Lactose"]}
Hibernate: 
    select
        u1_0.id,
        u1_0.tipo_usuario,
        u1_0.bairro,
        u1_0.cep,
        u1_0.cidade,
        u1_0.cod_status,
        u1_0.complemento,
        u1_0.cpf,
        u1_0.data_nascimento,
        u1_0.email,
        u1_0.endereco,
        u1_0.foto_perfil,
        u1_0.nome,
        u1_0.numero,
        u1_0.preferencias,
        u1_0.restricoes,
        u1_0.senha,
        u1_0.telefone,
        u1_0.tipo_usuario,
        u1_0.uf,
        u1_0.nivel_acesso,
        u1_0.apelido,
        u1_0.categoria,
        u1_0.promocao,
        u1_0.proprietario,
        u1_0.cnh,
        u1_0.placa_veiculo,
        u1_0.veiculo 
    from
        usuario u1_0 
    where
        u1_0.email=?
Hibernate: 
    select
        l1_0.id,
        l1_0.cnpj,
        c1_0.id,
        c1_0.bairro,
        c1_0.cep,
        c1_0.cidade,
        c1_0.cod_status,
        c1_0.complemento,
        c1_0.cpf,
        c1_0.data_nascimento,
        c1_0.email,
        c1_0.endereco,
        c1_0.foto_perfil,
        c1_0.nome,
        c1_0.numero,
        c1_0.preferencias,
        c1_0.restricoes,
        c1_0.senha,
        c1_0.telefone,
        c1_0.tipo_usuario,
        c1_0.uf,
        c1_0.categoria,
        c1_0.promocao,
        c1_0.proprietario,
        l1_0.data_cadastro,
        l1_0.descricao,
        l1_0.endereco,
        l1_0.foto_url,
        l1_0.nome_fantasia,
        l1_0.status,
        l1_0.telefone 
    from
        loja l1_0 
    left join
        (select
            * from usuario t 
        where
            t.tipo_usuario='CONFEITEIRO') c1_0 
            on c1_0.id=l1_0.confeiteiro_id 
    where
        l1_0.confeiteiro_id=?
DEBUG: Filtro processado com sucesso para: bia@gmail.com | Permissões: [ROLE_CLIENTE]
LOG PERFIL: GET /api/cliente/perfil chamado
LOG PERFIL: Usuário autenticado: bia@gmail.com | Role: [ROLE_CLIENTE] | Tipo: CLIENTE
Hibernate: 
    select
        c1_0.id,
        c1_0.bairro,
        c1_0.cep,
        c1_0.cidade,
        c1_0.cod_status,
        c1_0.complemento,
        c1_0.cpf,
        c1_0.data_nascimento,
        c1_0.email,
        c1_0.endereco,
        c1_0.foto_perfil,
        l1_0.id,
        l1_0.cnpj,
        l1_0.confeiteiro_id,
        l1_0.data_cadastro,
        l1_0.descricao,
        l1_0.endereco,
        l1_0.foto_url,
        l1_0.nome_fantasia,
        l1_0.status,
        l1_0.telefone,
        c1_0.nome,
        c1_0.numero,
        c1_0.preferencias,
        c1_0.restricoes,
        c1_0.senha,
        c1_0.telefone,
        c1_0.tipo_usuario,
        c1_0.uf,
        c1_0.apelido 
    from
        usuario c1_0 
    left join
        loja l1_0 
            on c1_0.id=l1_0.confeiteiro_id 
    where
        c1_0.tipo_usuario='CLIENTE' 
        and c1_0.id=?
LOG CPF       : 19199467349
LOG DATA_NASC : 2007-07-19
LOG APELIDO   : Mari
LOG FOTO      : http://192.168.1.102:8080/uploads/fotos/perfil_2_1781629656670.jpg
LOG PREF      : ["Bolos","Cupcakes"]
LOG DTO CPF   : 19199467349
LOG DTO DATA  : 2007-07-19
LOG DTO JSON  : {"id":2,"nome":"Marina Gonçalves de Brito","apelido":"Mari","cpf":"19199467349","dataNascimento":"2007-07-19","email":"bia@gmail.com","telefone":"97675537678","cep":"06660485","logradouro":"Rua Francana","numero":"0","complemento":null,"bairro":"Vila Santa Rita","cidade":"Itapevi","estado":"SP","fotoPerfil":"http://192.168.1.102:8080/uploads/fotos/perfil_2_1781629656670.jpg","preferencias":["Bolos","Cupcakes"],"restricoes":["Sem Glúten","Sem Lactose"]}
Hibernate: 
    select
        u1_0.id,
        u1_0.tipo_usuario,
        u1_0.bairro,
        u1_0.cep,
        u1_0.cidade,
        u1_0.cod_status,
        u1_0.complemento,
        u1_0.cpf,
        u1_0.data_nascimento,
        u1_0.email,
        u1_0.endereco,
        u1_0.foto_perfil,
        u1_0.nome,
        u1_0.numero,
        u1_0.preferencias,
        u1_0.restricoes,
        u1_0.senha,
        u1_0.telefone,
        u1_0.tipo_usuario,
        u1_0.uf,
        u1_0.nivel_acesso,
        u1_0.apelido,
        u1_0.categoria,
        u1_0.promocao,
        u1_0.proprietario,
        u1_0.cnh,
        u1_0.placa_veiculo,
        u1_0.veiculo 
    from
        usuario u1_0 
    where
        u1_0.email=?
Hibernate: 
    select
        u1_0.id,
        u1_0.tipo_usuario,
        u1_0.bairro,
        u1_0.cep,
        u1_0.cidade,
        u1_0.cod_status,
        u1_0.complemento,
        u1_0.cpf,
        u1_0.data_nascimento,
        u1_0.email,
        u1_0.endereco,
        u1_0.foto_perfil,
        u1_0.nome,
        u1_0.numero,
        u1_0.preferencias,
        u1_0.restricoes,
        u1_0.senha,
        u1_0.telefone,
        u1_0.tipo_usuario,
        u1_0.uf,
        u1_0.nivel_acesso,
        u1_0.apelido,
        u1_0.categoria,
        u1_0.promocao,
        u1_0.proprietario,
        u1_0.cnh,
        u1_0.placa_veiculo,
        u1_0.veiculo 
    from
        usuario u1_0 
    where
        u1_0.email=?
Hibernate: 
    select
        l1_0.id,
        l1_0.cnpj,
        c1_0.id,
        c1_0.bairro,
        c1_0.cep,
        c1_0.cidade,
        c1_0.cod_status,
        c1_0.complemento,
        c1_0.cpf,
        c1_0.data_nascimento,
        c1_0.email,
        c1_0.endereco,
        c1_0.foto_perfil,
        c1_0.nome,
        c1_0.numero,
        c1_0.preferencias,
        c1_0.restricoes,
        c1_0.senha,
        c1_0.telefone,
        c1_0.tipo_usuario,
        c1_0.uf,
        c1_0.categoria,
        c1_0.promocao,
        c1_0.proprietario,
        l1_0.data_cadastro,
        l1_0.descricao,
        l1_0.endereco,
        l1_0.foto_url,
        l1_0.nome_fantasia,
        l1_0.status,
        l1_0.telefone 
    from
        loja l1_0 
    left join
        (select
            * from usuario t 
        where
            t.tipo_usuario='CONFEITEIRO') c1_0 
            on c1_0.id=l1_0.confeiteiro_id 
    where
        l1_0.confeiteiro_id=?
Hibernate: 
    select
        l1_0.id,
        l1_0.cnpj,
        c1_0.id,
        c1_0.bairro,
        c1_0.cep,
        c1_0.cidade,
        c1_0.cod_status,
        c1_0.complemento,
        c1_0.cpf,
        c1_0.data_nascimento,
        c1_0.email,
        c1_0.endereco,
        c1_0.foto_perfil,
        c1_0.nome,
        c1_0.numero,
        c1_0.preferencias,
        c1_0.restricoes,
        c1_0.senha,
        c1_0.telefone,
        c1_0.tipo_usuario,
        c1_0.uf,
        c1_0.categoria,
        c1_0.promocao,
        c1_0.proprietario,
        l1_0.data_cadastro,
        l1_0.descricao,
        l1_0.endereco,
        l1_0.foto_url,
        l1_0.nome_fantasia,
        l1_0.status,
        l1_0.telefone 
    from
        loja l1_0 
    left join
        (select
            * from usuario t 
        where
            t.tipo_usuario='CONFEITEIRO') c1_0 
            on c1_0.id=l1_0.confeiteiro_id 
    where
        l1_0.confeiteiro_id=?
DEBUG: Filtro processado com sucesso para: bia@gmail.com | Permissões: [ROLE_CLIENTE]
DEBUG: Filtro processado com sucesso para: bia@gmail.com | Permissões: [ROLE_CLIENTE]
2026-06-16T14:09:37.276-03:00  WARN 8456 --- [docelivery] [nio-8080-exec-9] .m.m.a.ExceptionHandlerExceptionResolver : Resolved [org.springframework.web.servlet.resource.NoResourceFoundException: No static resource api/favoritos/produtos for request '/api/favoritos/produtos'.]
2026-06-16T14:09:37.276-03:00  WARN 8456 --- [docelivery] [nio-8080-exec-8] .m.m.a.ExceptionHandlerExceptionResolver : Resolved [org.springframework.web.servlet.resource.NoResourceFoundException: No static resource api/favoritos/lojas for request '/api/favoritos/lojas'.]
Hibernate: 
    select
        u1_0.id,
        u1_0.tipo_usuario,
        u1_0.bairro,
        u1_0.cep,
        u1_0.cidade,
        u1_0.cod_status,
        u1_0.complemento,
        u1_0.cpf,
        u1_0.data_nascimento,
        u1_0.email,
        u1_0.endereco,
        u1_0.foto_perfil,
        u1_0.nome,
        u1_0.numero,
        u1_0.preferencias,
        u1_0.restricoes,
        u1_0.senha,
        u1_0.telefone,
        u1_0.tipo_usuario,
        u1_0.uf,
        u1_0.nivel_acesso,
        u1_0.apelido,
        u1_0.categoria,
        u1_0.promocao,
        u1_0.proprietario,
        u1_0.cnh,
        u1_0.placa_veiculo,
        u1_0.veiculo 
    from
        usuario u1_0 
    where
        u1_0.email=?
Hibernate: 
    select
        u1_0.id,
        u1_0.tipo_usuario,
        u1_0.bairro,
        u1_0.cep,
        u1_0.cidade,
        u1_0.cod_status,
        u1_0.complemento,
        u1_0.cpf,
        u1_0.data_nascimento,
        u1_0.email,
        u1_0.endereco,
        u1_0.foto_perfil,
        u1_0.nome,
        u1_0.numero,
        u1_0.preferencias,
        u1_0.restricoes,
        u1_0.senha,
        u1_0.telefone,
        u1_0.tipo_usuario,
        u1_0.uf,
        u1_0.nivel_acesso,
        u1_0.apelido,
        u1_0.categoria,
        u1_0.promocao,
        u1_0.proprietario,
        u1_0.cnh,
        u1_0.placa_veiculo,
        u1_0.veiculo 
    from
        usuario u1_0 
    where
        u1_0.email=?
Hibernate: 
    select
        l1_0.id,
        l1_0.cnpj,
        c1_0.id,
        c1_0.bairro,
        c1_0.cep,
        c1_0.cidade,
        c1_0.cod_status,
        c1_0.complemento,
        c1_0.cpf,
        c1_0.data_nascimento,
        c1_0.email,
        c1_0.endereco,
        c1_0.foto_perfil,
        c1_0.nome,
        c1_0.numero,
        c1_0.preferencias,
        c1_0.restricoes,
        c1_0.senha,
        c1_0.telefone,
        c1_0.tipo_usuario,
        c1_0.uf,
        c1_0.categoria,
        c1_0.promocao,
        c1_0.proprietario,
        l1_0.data_cadastro,
        l1_0.descricao,
        l1_0.endereco,
        l1_0.foto_url,
        l1_0.nome_fantasia,
        l1_0.status,
        l1_0.telefone 
    from
        loja l1_0 
    left join
        (select
            * from usuario t 
        where
            t.tipo_usuario='CONFEITEIRO') c1_0 
            on c1_0.id=l1_0.confeiteiro_id 
    where
        l1_0.confeiteiro_id=?
Hibernate: 
    select
        l1_0.id,
        l1_0.cnpj,
        c1_0.id,
        c1_0.bairro,
        c1_0.cep,
        c1_0.cidade,
        c1_0.cod_status,
        c1_0.complemento,
        c1_0.cpf,
        c1_0.data_nascimento,
        c1_0.email,
        c1_0.endereco,
        c1_0.foto_perfil,
        c1_0.nome,
        c1_0.numero,
        c1_0.preferencias,
        c1_0.restricoes,
        c1_0.senha,
        c1_0.telefone,
        c1_0.tipo_usuario,
        c1_0.uf,
        c1_0.categoria,
        c1_0.promocao,
        c1_0.proprietario,
        l1_0.data_cadastro,
        l1_0.descricao,
        l1_0.endereco,
        l1_0.foto_url,
        l1_0.nome_fantasia,
        l1_0.status,
        l1_0.telefone 
    from
        loja l1_0 
    left join
        (select
            * from usuario t 
        where
            t.tipo_usuario='CONFEITEIRO') c1_0 
            on c1_0.id=l1_0.confeiteiro_id 
    where
        l1_0.confeiteiro_id=?
DEBUG: Filtro processado com sucesso para: bia@gmail.com | Permissões: [ROLE_CLIENTE]
DEBUG: Filtro processado com sucesso para: bia@gmail.com | Permissões: [ROLE_CLIENTE]
2026-06-16T14:09:40.719-03:00  WARN 8456 --- [docelivery] [io-8080-exec-10] .m.m.a.ExceptionHandlerExceptionResolver : Resolved [org.springframework.web.servlet.resource.NoResourceFoundException: No static resource api/favoritos/lojas for request '/api/favoritos/lojas'.]
2026-06-16T14:09:40.723-03:00  WARN 8456 --- [docelivery] [nio-8080-exec-1] .m.m.a.ExceptionHandlerExceptionResolver : Resolved [org.springframework.web.servlet.resource.NoResourceFoundException: No static resource api/favoritos/produtos for request '/api/favoritos/produtos'.]
Hibernate: 
    select
        u1_0.id,
        u1_0.tipo_usuario,
        u1_0.bairro,
        u1_0.cep,
        u1_0.cidade,
        u1_0.cod_status,
        u1_0.complemento,
        u1_0.cpf,
        u1_0.data_nascimento,
        u1_0.email,
        u1_0.endereco,
        u1_0.foto_perfil,
        u1_0.nome,
        u1_0.numero,
        u1_0.preferencias,
        u1_0.restricoes,
        u1_0.senha,
        u1_0.telefone,
        u1_0.tipo_usuario,
        u1_0.uf,
        u1_0.nivel_acesso,
        u1_0.apelido,
        u1_0.categoria,
        u1_0.promocao,
        u1_0.proprietario,
        u1_0.cnh,
        u1_0.placa_veiculo,
        u1_0.veiculo 
    from
        usuario u1_0 
    where
        u1_0.email=?
Hibernate: 
    select
        l1_0.id,
        l1_0.cnpj,
        c1_0.id,
        c1_0.bairro,
        c1_0.cep,
        c1_0.cidade,
        c1_0.cod_status,
        c1_0.complemento,
        c1_0.cpf,
        c1_0.data_nascimento,
        c1_0.email,
        c1_0.endereco,
        c1_0.foto_perfil,
        c1_0.nome,
        c1_0.numero,
        c1_0.preferencias,
        c1_0.restricoes,
        c1_0.senha,
        c1_0.telefone,
        c1_0.tipo_usuario,
        c1_0.uf,
        c1_0.categoria,
        c1_0.promocao,
        c1_0.proprietario,
        l1_0.data_cadastro,
        l1_0.descricao,
        l1_0.endereco,
        l1_0.foto_url,
        l1_0.nome_fantasia,
        l1_0.status,
        l1_0.telefone 
    from
        loja l1_0 
    left join
        (select
            * from usuario t 
        where
            t.tipo_usuario='CONFEITEIRO') c1_0 
            on c1_0.id=l1_0.confeiteiro_id 
    where
        l1_0.confeiteiro_id=?
DEBUG: Filtro processado com sucesso para: bia@gmail.com | Permissões: [ROLE_CLIENTE]
Hibernate: 
    select
        p1_0.id,
        p1_0.agendado,
        p1_0.cliente_id,
        p1_0.cod_status,
        p1_0.confeiteiro_id,
        p1_0.data_entrega_agendada,
        p1_0.data_hora_pedido,
        p1_0.entregador_id,
        p1_0.loja_id,
        p1_0.numero_pedido,
        p1_0.status,
        p1_0.valor_pedido 
    from
        pedido p1_0 
    where
        p1_0.cliente_id=?
Hibernate: 
    select
        c1_0.id,
        c1_0.bairro,
        c1_0.cep,
        c1_0.cidade,
        c1_0.cod_status,
        c1_0.complemento,
        c1_0.cpf,
        c1_0.data_nascimento,
        c1_0.email,
        c1_0.endereco,
        c1_0.foto_perfil,
        c1_0.nome,
        c1_0.numero,
        c1_0.preferencias,
        c1_0.restricoes,
        c1_0.senha,
        c1_0.telefone,
        c1_0.tipo_usuario,
        c1_0.uf,
        c1_0.categoria,
        c1_0.promocao,
        c1_0.proprietario 
    from
        usuario c1_0 
    where
        c1_0.tipo_usuario='CONFEITEIRO'
Hibernate: 
    select
        c1_0.id,
        c1_0.bairro,
        c1_0.cep,
        c1_0.cidade,
        c1_0.cod_status,
        c1_0.complemento,
        c1_0.cpf,
        c1_0.data_nascimento,
        c1_0.email,
        c1_0.endereco,
        c1_0.foto_perfil,
        c1_0.nome,
        c1_0.numero,
        c1_0.preferencias,
        c1_0.restricoes,
        c1_0.senha,
        c1_0.telefone,
        c1_0.tipo_usuario,
        c1_0.uf,
        c1_0.categoria,
        c1_0.promocao,
        c1_0.proprietario 
    from
        usuario c1_0 
    where
        c1_0.tipo_usuario='CONFEITEIRO'
Hibernate: 
    select
        l1_0.id,
        l1_0.cnpj,
        c1_0.id,
        c1_0.bairro,
        c1_0.cep,
        c1_0.cidade,
        c1_0.cod_status,
        c1_0.complemento,
        c1_0.cpf,
        c1_0.data_nascimento,
        c1_0.email,
        c1_0.endereco,
        c1_0.foto_perfil,
        c1_0.nome,
        c1_0.numero,
        c1_0.preferencias,
        c1_0.restricoes,
        c1_0.senha,
        c1_0.telefone,
        c1_0.tipo_usuario,
        c1_0.uf,
        c1_0.categoria,
        c1_0.promocao,
        c1_0.proprietario,
        l1_0.data_cadastro,
        l1_0.descricao,
        l1_0.endereco,
        l1_0.foto_url,
        l1_0.nome_fantasia,
        l1_0.status,
        l1_0.telefone 
    from
        loja l1_0 
    left join
        (select
            * from usuario t 
        where
            t.tipo_usuario='CONFEITEIRO') c1_0 
            on c1_0.id=l1_0.confeiteiro_id 
    where
        l1_0.confeiteiro_id=?
Hibernate: 
    select
        l1_0.id,
        l1_0.cnpj,
        c1_0.id,
        c1_0.bairro,
        c1_0.cep,
        c1_0.cidade,
        c1_0.cod_status,
        c1_0.complemento,
        c1_0.cpf,
        c1_0.data_nascimento,
        c1_0.email,
        c1_0.endereco,
        c1_0.foto_perfil,
        c1_0.nome,
        c1_0.numero,
        c1_0.preferencias,
        c1_0.restricoes,
        c1_0.senha,
        c1_0.telefone,
        c1_0.tipo_usuario,
        c1_0.uf,
        c1_0.categoria,
        c1_0.promocao,
        c1_0.proprietario,
        l1_0.data_cadastro,
        l1_0.descricao,
        l1_0.endereco,
        l1_0.foto_url,
        l1_0.nome_fantasia,
        l1_0.status,
        l1_0.telefone 
    from
        loja l1_0 
    left join
        (select
            * from usuario t 
        where
            t.tipo_usuario='CONFEITEIRO') c1_0 
            on c1_0.id=l1_0.confeiteiro_id 
    where
        l1_0.confeiteiro_id=?
Hibernate: 
    select
        c1_0.id,
        c1_0.bairro,
        c1_0.cep,
        c1_0.cidade,
        c1_0.cod_status,
        c1_0.complemento,
        c1_0.cpf,
        c1_0.data_nascimento,
        c1_0.email,
        c1_0.endereco,
        c1_0.foto_perfil,
        c1_0.nome,
        c1_0.numero,
        c1_0.preferencias,
        c1_0.restricoes,
        c1_0.senha,
        c1_0.telefone,
        c1_0.tipo_usuario,
        c1_0.uf,
        c1_0.categoria,
        c1_0.promocao,
        c1_0.proprietario 
    from
        usuario c1_0 
    where
        c1_0.tipo_usuario='CONFEITEIRO'
Hibernate: 
    select
        c1_0.id,
        c1_0.bairro,
        c1_0.cep,
        c1_0.cidade,
        c1_0.cod_status,
        c1_0.complemento,
        c1_0.cpf,
        c1_0.data_nascimento,
        c1_0.email,
        c1_0.endereco,
        c1_0.foto_perfil,
        c1_0.nome,
        c1_0.numero,
        c1_0.preferencias,
        c1_0.restricoes,
        c1_0.senha,
        c1_0.telefone,
        c1_0.tipo_usuario,
        c1_0.uf,
        c1_0.categoria,
        c1_0.promocao,
        c1_0.proprietario 
    from
        usuario c1_0 
    where
        c1_0.tipo_usuario='CONFEITEIRO'
Hibernate: 
    select
        l1_0.id,
        l1_0.cnpj,
        c1_0.id,
        c1_0.bairro,
        c1_0.cep,
        c1_0.cidade,
        c1_0.cod_status,
        c1_0.complemento,
        c1_0.cpf,
        c1_0.data_nascimento,
        c1_0.email,
        c1_0.endereco,
        c1_0.foto_perfil,
        c1_0.nome,
        c1_0.numero,
        c1_0.preferencias,
        c1_0.restricoes,
        c1_0.senha,
        c1_0.telefone,
        c1_0.tipo_usuario,
        c1_0.uf,
        c1_0.categoria,
        c1_0.promocao,
        c1_0.proprietario,
        l1_0.data_cadastro,
        l1_0.descricao,
        l1_0.endereco,
        l1_0.foto_url,
        l1_0.nome_fantasia,
        l1_0.status,
        l1_0.telefone 
    from
        loja l1_0 
    left join
        (select
            * from usuario t 
        where
            t.tipo_usuario='CONFEITEIRO') c1_0 
            on c1_0.id=l1_0.confeiteiro_id 
    where
        l1_0.confeiteiro_id=?
Hibernate: 
    select
        l1_0.id,
        l1_0.cnpj,
        c1_0.id,
        c1_0.bairro,
        c1_0.cep,
        c1_0.cidade,
        c1_0.cod_status,
        c1_0.complemento,
        c1_0.cpf,
        c1_0.data_nascimento,
        c1_0.email,
        c1_0.endereco,
        c1_0.foto_perfil,
        c1_0.nome,
        c1_0.numero,
        c1_0.preferencias,
        c1_0.restricoes,
        c1_0.senha,
        c1_0.telefone,
        c1_0.tipo_usuario,
        c1_0.uf,
        c1_0.categoria,
        c1_0.promocao,
        c1_0.proprietario,
        l1_0.data_cadastro,
        l1_0.descricao,
        l1_0.endereco,
        l1_0.foto_url,
        l1_0.nome_fantasia,
        l1_0.status,
        l1_0.telefone 
    from
        loja l1_0 
    left join
        (select
            * from usuario t 
        where
            t.tipo_usuario='CONFEITEIRO') c1_0 
            on c1_0.id=l1_0.confeiteiro_id 
    where
        l1_0.confeiteiro_id=?
Hibernate: 
    select
        c1_0.id,
        c1_0.bairro,
        c1_0.cep,
        c1_0.cidade,
        c1_0.cod_status,
        c1_0.complemento,
        c1_0.cpf,
        c1_0.data_nascimento,
        c1_0.email,
        c1_0.endereco,
        c1_0.foto_perfil,
        c1_0.nome,
        c1_0.numero,
        c1_0.preferencias,
        c1_0.restricoes,
        c1_0.senha,
        c1_0.telefone,
        c1_0.tipo_usuario,
        c1_0.uf,
        c1_0.categoria,
        c1_0.promocao,
        c1_0.proprietario 
    from
        usuario c1_0 
    where
        c1_0.tipo_usuario='CONFEITEIRO'
Hibernate: 
    select
        c1_0.id,
        c1_0.bairro,
        c1_0.cep,
        c1_0.cidade,
        c1_0.cod_status,
        c1_0.complemento,
        c1_0.cpf,
        c1_0.data_nascimento,
        c1_0.email,
        c1_0.endereco,
        c1_0.foto_perfil,
        c1_0.nome,
        c1_0.numero,
        c1_0.preferencias,
        c1_0.restricoes,
        c1_0.senha,
        c1_0.telefone,
        c1_0.tipo_usuario,
        c1_0.uf,
        c1_0.categoria,
        c1_0.promocao,
        c1_0.proprietario 
    from
        usuario c1_0 
    where
        c1_0.tipo_usuario='CONFEITEIRO'
Hibernate: 
    select
        l1_0.id,
        l1_0.cnpj,
        c1_0.id,
        c1_0.bairro,
        c1_0.cep,
        c1_0.cidade,
        c1_0.cod_status,
        c1_0.complemento,
        c1_0.cpf,
        c1_0.data_nascimento,
        c1_0.email,
        c1_0.endereco,
        c1_0.foto_perfil,
        c1_0.nome,
        c1_0.numero,
        c1_0.preferencias,
        c1_0.restricoes,
        c1_0.senha,
        c1_0.telefone,
        c1_0.tipo_usuario,
        c1_0.uf,
        c1_0.categoria,
        c1_0.promocao,
        c1_0.proprietario,
        l1_0.data_cadastro,
        l1_0.descricao,
        l1_0.endereco,
        l1_0.foto_url,
        l1_0.nome_fantasia,
        l1_0.status,
        l1_0.telefone 
    from
        loja l1_0 
    left join
        (select
            * from usuario t 
        where
            t.tipo_usuario='CONFEITEIRO') c1_0 
            on c1_0.id=l1_0.confeiteiro_id 
    where
        l1_0.confeiteiro_id=?
Hibernate: 
    select
        l1_0.id,
        l1_0.cnpj,
        c1_0.id,
        c1_0.bairro,
        c1_0.cep,
        c1_0.cidade,
        c1_0.cod_status,
        c1_0.complemento,
        c1_0.cpf,
        c1_0.data_nascimento,
        c1_0.email,
        c1_0.endereco,
        c1_0.foto_perfil,
        c1_0.nome,
        c1_0.numero,
        c1_0.preferencias,
        c1_0.restricoes,
        c1_0.senha,
        c1_0.telefone,
        c1_0.tipo_usuario,
        c1_0.uf,
        c1_0.categoria,
        c1_0.promocao,
        c1_0.proprietario,
        l1_0.data_cadastro,
        l1_0.descricao,
        l1_0.endereco,
        l1_0.foto_url,
        l1_0.nome_fantasia,
        l1_0.status,
        l1_0.telefone 
    from
        loja l1_0 
    left join
        (select
            * from usuario t 
        where
            t.tipo_usuario='CONFEITEIRO') c1_0 
            on c1_0.id=l1_0.confeiteiro_id 
    where
        l1_0.confeiteiro_id=?
Hibernate: 
    select
        u1_0.id,
        u1_0.tipo_usuario,
        u1_0.bairro,
        u1_0.cep,
        u1_0.cidade,
        u1_0.cod_status,
        u1_0.complemento,
        u1_0.cpf,
        u1_0.data_nascimento,
        u1_0.email,
        u1_0.endereco,
        u1_0.foto_perfil,
        u1_0.nome,
        u1_0.numero,
        u1_0.preferencias,
        u1_0.restricoes,
        u1_0.senha,
        u1_0.telefone,
        u1_0.tipo_usuario,
        u1_0.uf,
        u1_0.nivel_acesso,
        u1_0.apelido,
        u1_0.categoria,
        u1_0.promocao,
        u1_0.proprietario,
        u1_0.cnh,
        u1_0.placa_veiculo,
        u1_0.veiculo 
    from
        usuario u1_0 
    where
        u1_0.email=?
Hibernate: 
    select
        l1_0.id,
        l1_0.cnpj,
        c1_0.id,
        c1_0.bairro,
        c1_0.cep,
        c1_0.cidade,
        c1_0.cod_status,
        c1_0.complemento,
        c1_0.cpf,
        c1_0.data_nascimento,
        c1_0.email,
        c1_0.endereco,
        c1_0.foto_perfil,
        c1_0.nome,
        c1_0.numero,
        c1_0.preferencias,
        c1_0.restricoes,
        c1_0.senha,
        c1_0.telefone,
        c1_0.tipo_usuario,
        c1_0.uf,
        c1_0.categoria,
        c1_0.promocao,
        c1_0.proprietario,
        l1_0.data_cadastro,
        l1_0.descricao,
        l1_0.endereco,
        l1_0.foto_url,
        l1_0.nome_fantasia,
        l1_0.status,
        l1_0.telefone 
    from
        loja l1_0 
    left join
        (select
            * from usuario t 
        where
            t.tipo_usuario='CONFEITEIRO') c1_0 
            on c1_0.id=l1_0.confeiteiro_id 
    where
        l1_0.confeiteiro_id=?
DEBUG: Filtro processado com sucesso para: bia@gmail.com | Permissões: [ROLE_CLIENTE]
LOG PERFIL: GET /api/cliente/perfil chamado
LOG PERFIL: Usuário autenticado: bia@gmail.com | Role: [ROLE_CLIENTE] | Tipo: CLIENTE
Hibernate: 
    select
        c1_0.id,
        c1_0.bairro,
        c1_0.cep,
        c1_0.cidade,
        c1_0.cod_status,
        c1_0.complemento,
        c1_0.cpf,
        c1_0.data_nascimento,
        c1_0.email,
        c1_0.endereco,
        c1_0.foto_perfil,
        l1_0.id,
        l1_0.cnpj,
        l1_0.confeiteiro_id,
        l1_0.data_cadastro,
        l1_0.descricao,
        l1_0.endereco,
        l1_0.foto_url,
        l1_0.nome_fantasia,
        l1_0.status,
        l1_0.telefone,
        c1_0.nome,
        c1_0.numero,
        c1_0.preferencias,
        c1_0.restricoes,
        c1_0.senha,
        c1_0.telefone,
        c1_0.tipo_usuario,
        c1_0.uf,
        c1_0.apelido 
    from
        usuario c1_0 
    left join
        loja l1_0 
            on c1_0.id=l1_0.confeiteiro_id 
    where
        c1_0.tipo_usuario='CLIENTE' 
        and c1_0.id=?
LOG CPF       : 19199467349
LOG DATA_NASC : 2007-07-19
LOG APELIDO   : Mari
LOG FOTO      : http://192.168.1.102:8080/uploads/fotos/perfil_2_1781629656670.jpg
LOG PREF      : ["Bolos","Cupcakes"]
LOG DTO CPF   : 19199467349
LOG DTO DATA  : 2007-07-19
LOG DTO JSON  : {"id":2,"nome":"Marina Gonçalves de Brito","apelido":"Mari","cpf":"19199467349","dataNascimento":"2007-07-19","email":"bia@gmail.com","telefone":"97675537678","cep":"06660485","logradouro":"Rua Francana","numero":"0","complemento":null,"bairro":"Vila Santa Rita","cidade":"Itapevi","estado":"SP","fotoPerfil":"http://192.168.1.102:8080/uploads/fotos/perfil_2_1781629656670.jpg","preferencias":["Bolos","Cupcakes"],"restricoes":["Sem Glúten","Sem Lactose"]}
Hibernate: 
    select
        u1_0.id,
        u1_0.tipo_usuario,
        u1_0.bairro,
        u1_0.cep,
        u1_0.cidade,
        u1_0.cod_status,
        u1_0.complemento,
        u1_0.cpf,
        u1_0.data_nascimento,
        u1_0.email,
        u1_0.endereco,
        u1_0.foto_perfil,
        u1_0.nome,
        u1_0.numero,
        u1_0.preferencias,
        u1_0.restricoes,
        u1_0.senha,
        u1_0.telefone,
        u1_0.tipo_usuario,
        u1_0.uf,
        u1_0.nivel_acesso,
        u1_0.apelido,
        u1_0.categoria,
        u1_0.promocao,
        u1_0.proprietario,
        u1_0.cnh,
        u1_0.placa_veiculo,
        u1_0.veiculo 
    from
        usuario u1_0 
    where
        u1_0.email=?
Hibernate: 
    select
        u1_0.id,
        u1_0.tipo_usuario,
        u1_0.bairro,
        u1_0.cep,
        u1_0.cidade,
        u1_0.cod_status,
        u1_0.complemento,
        u1_0.cpf,
        u1_0.data_nascimento,
        u1_0.email,
        u1_0.endereco,
        u1_0.foto_perfil,
        u1_0.nome,
        u1_0.numero,
        u1_0.preferencias,
        u1_0.restricoes,
        u1_0.senha,
        u1_0.telefone,
        u1_0.tipo_usuario,
        u1_0.uf,
        u1_0.nivel_acesso,
        u1_0.apelido,
        u1_0.categoria,
        u1_0.promocao,
        u1_0.proprietario,
        u1_0.cnh,
        u1_0.placa_veiculo,
        u1_0.veiculo 
    from
        usuario u1_0 
    where
        u1_0.email=?
Hibernate: 
    select
        l1_0.id,
        l1_0.cnpj,
        c1_0.id,
        c1_0.bairro,
        c1_0.cep,
        c1_0.cidade,
        c1_0.cod_status,
        c1_0.complemento,
        c1_0.cpf,
        c1_0.data_nascimento,
        c1_0.email,
        c1_0.endereco,
        c1_0.foto_perfil,
        c1_0.nome,
        c1_0.numero,
        c1_0.preferencias,
        c1_0.restricoes,
        c1_0.senha,
        c1_0.telefone,
        c1_0.tipo_usuario,
        c1_0.uf,
        c1_0.categoria,
        c1_0.promocao,
        c1_0.proprietario,
        l1_0.data_cadastro,
        l1_0.descricao,
        l1_0.endereco,
        l1_0.foto_url,
        l1_0.nome_fantasia,
        l1_0.status,
        l1_0.telefone 
    from
        loja l1_0 
    left join
        (select
            * from usuario t 
        where
            t.tipo_usuario='CONFEITEIRO') c1_0 
            on c1_0.id=l1_0.confeiteiro_id 
    where
        l1_0.confeiteiro_id=?
Hibernate: 
    select
        l1_0.id,
        l1_0.cnpj,
        c1_0.id,
        c1_0.bairro,
        c1_0.cep,
        c1_0.cidade,
        c1_0.cod_status,
        c1_0.complemento,
        c1_0.cpf,
        c1_0.data_nascimento,
        c1_0.email,
        c1_0.endereco,
        c1_0.foto_perfil,
        c1_0.nome,
        c1_0.numero,
        c1_0.preferencias,
        c1_0.restricoes,
        c1_0.senha,
        c1_0.telefone,
        c1_0.tipo_usuario,
        c1_0.uf,
        c1_0.categoria,
        c1_0.promocao,
        c1_0.proprietario,
        l1_0.data_cadastro,
        l1_0.descricao,
        l1_0.endereco,
        l1_0.foto_url,
        l1_0.nome_fantasia,
        l1_0.status,
        l1_0.telefone 
    from
        loja l1_0 
    left join
        (select
            * from usuario t 
        where
            t.tipo_usuario='CONFEITEIRO') c1_0 
            on c1_0.id=l1_0.confeiteiro_id 
    where
        l1_0.confeiteiro_id=?
DEBUG: Filtro processado com sucesso para: bia@gmail.com | Permissões: [ROLE_CLIENTE]
DEBUG: Filtro processado com sucesso para: bia@gmail.com | Permissões: [ROLE_CLIENTE]
2026-06-16T14:10:49.121-03:00  WARN 8456 --- [docelivery] [nio-8080-exec-3] .m.m.a.ExceptionHandlerExceptionResolver : Resolved [org.springframework.web.servlet.resource.NoResourceFoundException: No static resource api/favoritos/produtos for request '/api/favoritos/produtos'.]
2026-06-16T14:10:49.121-03:00  WARN 8456 --- [docelivery] [nio-8080-exec-5] .m.m.a.ExceptionHandlerExceptionResolver : Resolved [org.springframework.web.servlet.resource.NoResourceFoundException: No static resource api/favoritos/lojas for request '/api/favoritos/lojas'.]
Hibernate: 
    select
        u1_0.id,
        u1_0.tipo_usuario,
        u1_0.bairro,
        u1_0.cep,
        u1_0.cidade,
        u1_0.cod_status,
        u1_0.complemento,
        u1_0.cpf,
        u1_0.data_nascimento,
        u1_0.email,
        u1_0.endereco,
        u1_0.foto_perfil,
        u1_0.nome,
        u1_0.numero,
        u1_0.preferencias,
        u1_0.restricoes,
        u1_0.senha,
        u1_0.telefone,
        u1_0.tipo_usuario,
        u1_0.uf,
        u1_0.nivel_acesso,
        u1_0.apelido,
        u1_0.categoria,
        u1_0.promocao,
        u1_0.proprietario,
        u1_0.cnh,
        u1_0.placa_veiculo,
        u1_0.veiculo 
    from
        usuario u1_0 
    where
        u1_0.email=?
Hibernate: 
    select
        l1_0.id,
        l1_0.cnpj,
        c1_0.id,
        c1_0.bairro,
        c1_0.cep,
        c1_0.cidade,
        c1_0.cod_status,
        c1_0.complemento,
        c1_0.cpf,
        c1_0.data_nascimento,
        c1_0.email,
        c1_0.endereco,
        c1_0.foto_perfil,
        c1_0.nome,
        c1_0.numero,
        c1_0.preferencias,
        c1_0.restricoes,
        c1_0.senha,
        c1_0.telefone,
        c1_0.tipo_usuario,
        c1_0.uf,
        c1_0.categoria,
        c1_0.promocao,
        c1_0.proprietario,
        l1_0.data_cadastro,
        l1_0.descricao,
        l1_0.endereco,
        l1_0.foto_url,
        l1_0.nome_fantasia,
        l1_0.status,
        l1_0.telefone 
    from
        loja l1_0 
    left join
        (select
            * from usuario t 
        where
            t.tipo_usuario='CONFEITEIRO') c1_0 
            on c1_0.id=l1_0.confeiteiro_id 
    where
        l1_0.confeiteiro_id=?
Hibernate: 
    select
        u1_0.id,
        u1_0.tipo_usuario,
        u1_0.bairro,
        u1_0.cep,
        u1_0.cidade,
        u1_0.cod_status,
        u1_0.complemento,
        u1_0.cpf,
        u1_0.data_nascimento,
        u1_0.email,
        u1_0.endereco,
        u1_0.foto_perfil,
        u1_0.nome,
        u1_0.numero,
        u1_0.preferencias,
        u1_0.restricoes,
        u1_0.senha,
        u1_0.telefone,
        u1_0.tipo_usuario,
        u1_0.uf,
        u1_0.nivel_acesso,
        u1_0.apelido,
        u1_0.categoria,
        u1_0.promocao,
        u1_0.proprietario,
        u1_0.cnh,
        u1_0.placa_veiculo,
        u1_0.veiculo 
    from
        usuario u1_0 
    where
        u1_0.email=?
Hibernate: 
    select
        l1_0.id,
        l1_0.cnpj,
        c1_0.id,
        c1_0.bairro,
        c1_0.cep,
        c1_0.cidade,
        c1_0.cod_status,
        c1_0.complemento,
        c1_0.cpf,
        c1_0.data_nascimento,
        c1_0.email,
        c1_0.endereco,
        c1_0.foto_perfil,
        c1_0.nome,
        c1_0.numero,
        c1_0.preferencias,
        c1_0.restricoes,
        c1_0.senha,
        c1_0.telefone,
        c1_0.tipo_usuario,
        c1_0.uf,
        c1_0.categoria,
        c1_0.promocao,
        c1_0.proprietario,
        l1_0.data_cadastro,
        l1_0.descricao,
        l1_0.endereco,
        l1_0.foto_url,
        l1_0.nome_fantasia,
        l1_0.status,
        l1_0.telefone 
    from
        loja l1_0 
    left join
        (select
            * from usuario t 
        where
            t.tipo_usuario='CONFEITEIRO') c1_0 
            on c1_0.id=l1_0.confeiteiro_id 
    where
        l1_0.confeiteiro_id=?
DEBUG: Filtro processado com sucesso para: bia@gmail.com | Permissões: [ROLE_CLIENTE]
DEBUG: Filtro processado com sucesso para: bia@gmail.com | Permissões: [ROLE_CLIENTE]
2026-06-16T14:10:54.617-03:00  WARN 8456 --- [docelivery] [nio-8080-exec-4] .m.m.a.ExceptionHandlerExceptionResolver : Resolved [org.springframework.web.servlet.resource.NoResourceFoundException: No static resource api/favoritos/lojas for request '/api/favoritos/lojas'.]
2026-06-16T14:10:54.619-03:00  WARN 8456 --- [docelivery] [nio-8080-exec-7] .m.m.a.ExceptionHandlerExceptionResolver : Resolved [org.springframework.web.servlet.resource.NoResourceFoundException: No static resource api/favoritos/produtos for request '/api/favoritos/produtos'.]
Hibernate: 
    select
        u1_0.id,
        u1_0.tipo_usuario,
        u1_0.bairro,
        u1_0.cep,
        u1_0.cidade,
        u1_0.cod_status,
        u1_0.complemento,
        u1_0.cpf,
        u1_0.data_nascimento,
        u1_0.email,
        u1_0.endereco,
        u1_0.foto_perfil,
        u1_0.nome,
        u1_0.numero,
        u1_0.preferencias,
        u1_0.restricoes,
        u1_0.senha,
        u1_0.telefone,
        u1_0.tipo_usuario,
        u1_0.uf,
        u1_0.nivel_acesso,
        u1_0.apelido,
        u1_0.categoria,
        u1_0.promocao,
        u1_0.proprietario,
        u1_0.cnh,
        u1_0.placa_veiculo,
        u1_0.veiculo 
    from
        usuario u1_0 
    where
        u1_0.email=?
Hibernate: 
    select
        u1_0.id,
        u1_0.tipo_usuario,
        u1_0.bairro,
        u1_0.cep,
        u1_0.cidade,
        u1_0.cod_status,
        u1_0.complemento,
        u1_0.cpf,
        u1_0.data_nascimento,
        u1_0.email,
        u1_0.endereco,
        u1_0.foto_perfil,
        u1_0.nome,
        u1_0.numero,
        u1_0.preferencias,
        u1_0.restricoes,
        u1_0.senha,
        u1_0.telefone,
        u1_0.tipo_usuario,
        u1_0.uf,
        u1_0.nivel_acesso,
        u1_0.apelido,
        u1_0.categoria,
        u1_0.promocao,
        u1_0.proprietario,
        u1_0.cnh,
        u1_0.placa_veiculo,
        u1_0.veiculo 
    from
        usuario u1_0 
    where
        u1_0.email=?
Hibernate: 
    select
        c1_0.id,
        c1_0.bairro,
        c1_0.cep,
        c1_0.cidade,
        c1_0.cod_status,
        c1_0.complemento,
        c1_0.cpf,
        c1_0.data_nascimento,
        c1_0.email,
        c1_0.endereco,
        c1_0.foto_perfil,
        c1_0.nome,
        c1_0.numero,
        c1_0.preferencias,
        c1_0.restricoes,
        c1_0.senha,
        c1_0.telefone,
        c1_0.tipo_usuario,
        c1_0.uf,
        c1_0.categoria,
        c1_0.promocao,
        c1_0.proprietario 
    from
        usuario c1_0 
    where
        c1_0.tipo_usuario='CONFEITEIRO'
Hibernate: 
    select
        c1_0.id,
        c1_0.bairro,
        c1_0.cep,
        c1_0.cidade,
        c1_0.cod_status,
        c1_0.complemento,
        c1_0.cpf,
        c1_0.data_nascimento,
        c1_0.email,
        c1_0.endereco,
        c1_0.foto_perfil,
        c1_0.nome,
        c1_0.numero,
        c1_0.preferencias,
        c1_0.restricoes,
        c1_0.senha,
        c1_0.telefone,
        c1_0.tipo_usuario,
        c1_0.uf,
        c1_0.categoria,
        c1_0.promocao,
        c1_0.proprietario 
    from
        usuario c1_0 
    where
        c1_0.tipo_usuario='CONFEITEIRO'
Hibernate: 
    select
        c1_0.id,
        c1_0.bairro,
        c1_0.cep,
        c1_0.cidade,
        c1_0.cod_status,
        c1_0.complemento,
        c1_0.cpf,
        c1_0.data_nascimento,
        c1_0.email,
        c1_0.endereco,
        c1_0.foto_perfil,
        c1_0.nome,
        c1_0.numero,
        c1_0.preferencias,
        c1_0.restricoes,
        c1_0.senha,
        c1_0.telefone,
        c1_0.tipo_usuario,
        c1_0.uf,
        c1_0.categoria,
        c1_0.promocao,
        c1_0.proprietario 
    from
        usuario c1_0 
    where
        c1_0.tipo_usuario='CONFEITEIRO'
Hibernate: 
    select
        l1_0.id,
        l1_0.cnpj,
        c1_0.id,
        c1_0.bairro,
        c1_0.cep,
        c1_0.cidade,
        c1_0.cod_status,
        c1_0.complemento,
        c1_0.cpf,
        c1_0.data_nascimento,
        c1_0.email,
        c1_0.endereco,
        c1_0.foto_perfil,
        c1_0.nome,
        c1_0.numero,
        c1_0.preferencias,
        c1_0.restricoes,
        c1_0.senha,
        c1_0.telefone,
        c1_0.tipo_usuario,
        c1_0.uf,
        c1_0.categoria,
        c1_0.promocao,
        c1_0.proprietario,
        l1_0.data_cadastro,
        l1_0.descricao,
        l1_0.endereco,
        l1_0.foto_url,
        l1_0.nome_fantasia,
        l1_0.status,
        l1_0.telefone 
    from
        loja l1_0 
    left join
        (select
            * from usuario t 
        where
            t.tipo_usuario='CONFEITEIRO') c1_0 
            on c1_0.id=l1_0.confeiteiro_id 
    where
        l1_0.confeiteiro_id=?
Hibernate: 
    select
        l1_0.id,
        l1_0.cnpj,
        c1_0.id,
        c1_0.bairro,
        c1_0.cep,
        c1_0.cidade,
        c1_0.cod_status,
        c1_0.complemento,
        c1_0.cpf,
        c1_0.data_nascimento,
        c1_0.email,
        c1_0.endereco,
        c1_0.foto_perfil,
        c1_0.nome,
        c1_0.numero,
        c1_0.preferencias,
        c1_0.restricoes,
        c1_0.senha,
        c1_0.telefone,
        c1_0.tipo_usuario,
        c1_0.uf,
        c1_0.categoria,
        c1_0.promocao,
        c1_0.proprietario,
        l1_0.data_cadastro,
        l1_0.descricao,
        l1_0.endereco,
        l1_0.foto_url,
        l1_0.nome_fantasia,
        l1_0.status,
        l1_0.telefone 
    from
        loja l1_0 
    left join
        (select
            * from usuario t 
        where
            t.tipo_usuario='CONFEITEIRO') c1_0 
            on c1_0.id=l1_0.confeiteiro_id 
    where
        l1_0.confeiteiro_id=?
Hibernate: 
    select
        l1_0.id,
        l1_0.cnpj,
        c1_0.id,
        c1_0.bairro,
        c1_0.cep,
        c1_0.cidade,
        c1_0.cod_status,
        c1_0.complemento,
        c1_0.cpf,
        c1_0.data_nascimento,
        c1_0.email,
        c1_0.endereco,
        c1_0.foto_perfil,
        c1_0.nome,
        c1_0.numero,
        c1_0.preferencias,
        c1_0.restricoes,
        c1_0.senha,
        c1_0.telefone,
        c1_0.tipo_usuario,
        c1_0.uf,
        c1_0.categoria,
        c1_0.promocao,
        c1_0.proprietario,
        l1_0.data_cadastro,
        l1_0.descricao,
        l1_0.endereco,
        l1_0.foto_url,
        l1_0.nome_fantasia,
        l1_0.status,
        l1_0.telefone 
    from
        loja l1_0 
    left join
        (select
            * from usuario t 
        where
            t.tipo_usuario='CONFEITEIRO') c1_0 
            on c1_0.id=l1_0.confeiteiro_id 
    where
        l1_0.confeiteiro_id=?
Hibernate: 
    select
        l1_0.id,
        l1_0.cnpj,
        c1_0.id,
        c1_0.bairro,
        c1_0.cep,
        c1_0.cidade,
        c1_0.cod_status,
        c1_0.complemento,
        c1_0.cpf,
        c1_0.data_nascimento,
        c1_0.email,
        c1_0.endereco,
        c1_0.foto_perfil,
        c1_0.nome,
        c1_0.numero,
        c1_0.preferencias,
        c1_0.restricoes,
        c1_0.senha,
        c1_0.telefone,
        c1_0.tipo_usuario,
        c1_0.uf,
        c1_0.categoria,
        c1_0.promocao,
        c1_0.proprietario,
        l1_0.data_cadastro,
        l1_0.descricao,
        l1_0.endereco,
        l1_0.foto_url,
        l1_0.nome_fantasia,
        l1_0.status,
        l1_0.telefone 
    from
        loja l1_0 
    left join
        (select
            * from usuario t 
        where
            t.tipo_usuario='CONFEITEIRO') c1_0 
            on c1_0.id=l1_0.confeiteiro_id 
    where
        l1_0.confeiteiro_id=?
Hibernate: 
    select
        l1_0.id,
        l1_0.cnpj,
        c1_0.id,
        c1_0.bairro,
        c1_0.cep,
        c1_0.cidade,
        c1_0.cod_status,
        c1_0.complemento,
        c1_0.cpf,
        c1_0.data_nascimento,
        c1_0.email,
        c1_0.endereco,
        c1_0.foto_perfil,
        c1_0.nome,
        c1_0.numero,
        c1_0.preferencias,
        c1_0.restricoes,
        c1_0.senha,
        c1_0.telefone,
        c1_0.tipo_usuario,
        c1_0.uf,
        c1_0.categoria,
        c1_0.promocao,
        c1_0.proprietario,
        l1_0.data_cadastro,
        l1_0.descricao,
        l1_0.endereco,
        l1_0.foto_url,
        l1_0.nome_fantasia,
        l1_0.status,
        l1_0.telefone 
    from
        loja l1_0 
    left join
        (select
            * from usuario t 
        where
            t.tipo_usuario='CONFEITEIRO') c1_0 
            on c1_0.id=l1_0.confeiteiro_id 
    where
        l1_0.confeiteiro_id=?
DEBUG: Filtro processado com sucesso para: bia@gmail.com | Permissões: [ROLE_CLIENTE]
DEBUG: Filtro processado com sucesso para: bia@gmail.com | Permissões: [ROLE_CLIENTE]
LOG PERFIL: GET /api/cliente/perfil chamado
LOG PERFIL: Usuário autenticado: bia@gmail.com | Role: [ROLE_CLIENTE] | Tipo: CLIENTE
Hibernate: 
    select
        c1_0.id,
        c1_0.bairro,
        c1_0.cep,
        c1_0.cidade,
        c1_0.cod_status,
        c1_0.complemento,
        c1_0.cpf,
        c1_0.data_nascimento,
        c1_0.email,
        c1_0.endereco,
        c1_0.foto_perfil,
        l1_0.id,
        l1_0.cnpj,
        l1_0.confeiteiro_id,
        l1_0.data_cadastro,
        l1_0.descricao,
        l1_0.endereco,
        l1_0.foto_url,
        l1_0.nome_fantasia,
        l1_0.status,
        l1_0.telefone,
        c1_0.nome,
        c1_0.numero,
        c1_0.preferencias,
        c1_0.restricoes,
        c1_0.senha,
        c1_0.telefone,
        c1_0.tipo_usuario,
        c1_0.uf,
        c1_0.apelido 
    from
        usuario c1_0 
    left join
        loja l1_0 
            on c1_0.id=l1_0.confeiteiro_id 
    where
        c1_0.tipo_usuario='CLIENTE' 
        and c1_0.id=?
LOG CPF       : 19199467349
LOG DATA_NASC : 2007-07-19
LOG APELIDO   : Mari
LOG FOTO      : http://192.168.1.102:8080/uploads/fotos/perfil_2_1781629656670.jpg
LOG PREF      : ["Bolos","Cupcakes"]
LOG DTO CPF   : 19199467349
LOG DTO DATA  : 2007-07-19
Hibernate: 
    select
        u1_0.id,
        u1_0.tipo_usuario,
        u1_0.bairro,
        u1_0.cep,
        u1_0.cidade,
        u1_0.cod_status,
        u1_0.complemento,
        u1_0.cpf,
        u1_0.data_nascimento,
        u1_0.email,
        u1_0.endereco,
        u1_0.foto_perfil,
        u1_0.nome,
        u1_0.numero,
        u1_0.preferencias,
        u1_0.restricoes,
        u1_0.senha,
        u1_0.telefone,
        u1_0.tipo_usuario,
        u1_0.uf,
        u1_0.nivel_acesso,
        u1_0.apelido,
        u1_0.categoria,
        u1_0.promocao,
        u1_0.proprietario,
        u1_0.cnh,
        u1_0.placa_veiculo,
        u1_0.veiculo 
    from
        usuario u1_0 
    where
        u1_0.email=?
LOG DTO JSON  : {"id":2,"nome":"Marina Gonçalves de Brito","apelido":"Mari","cpf":"19199467349","dataNascimento":"2007-07-19","email":"bia@gmail.com","telefone":"97675537678","cep":"06660485","logradouro":"Rua Francana","numero":"0","complemento":null,"bairro":"Vila Santa Rita","cidade":"Itapevi","estado":"SP","fotoPerfil":"http://192.168.1.102:8080/uploads/fotos/perfil_2_1781629656670.jpg","preferencias":["Bolos","Cupcakes"],"restricoes":["Sem Glúten","Sem Lactose"]}
Hibernate: 
    select
        l1_0.id,
        l1_0.cnpj,
        c1_0.id,
        c1_0.bairro,
        c1_0.cep,
        c1_0.cidade,
        c1_0.cod_status,
        c1_0.complemento,
        c1_0.cpf,
        c1_0.data_nascimento,
        c1_0.email,
        c1_0.endereco,
        c1_0.foto_perfil,
        c1_0.nome,
        c1_0.numero,
        c1_0.preferencias,
        c1_0.restricoes,
        c1_0.senha,
        c1_0.telefone,
        c1_0.tipo_usuario,
        c1_0.uf,
        c1_0.categoria,
        c1_0.promocao,
        c1_0.proprietario,
        l1_0.data_cadastro,
        l1_0.descricao,
        l1_0.endereco,
        l1_0.foto_url,
        l1_0.nome_fantasia,
        l1_0.status,
        l1_0.telefone 
    from
        loja l1_0 
    left join
        (select
            * from usuario t 
        where
            t.tipo_usuario='CONFEITEIRO') c1_0 
            on c1_0.id=l1_0.confeiteiro_id 
    where
        l1_0.confeiteiro_id=?
DEBUG: Filtro processado com sucesso para: bia@gmail.com | Permissões: [ROLE_CLIENTE]
2026-06-16T14:30:23.710-03:00  WARN 8456 --- [docelivery] [io-8080-exec-10] .m.m.a.ExceptionHandlerExceptionResolver : Resolved [org.springframework.web.servlet.resource.NoResourceFoundException: No static resource api/favoritos/lojas for request '/api/favoritos/lojas'.]
2026-06-16T14:30:23.710-03:00  WARN 8456 --- [docelivery] [nio-8080-exec-3] .m.m.a.ExceptionHandlerExceptionResolver : Resolved [org.springframework.web.servlet.resource.NoResourceFoundException: No static resource api/favoritos/lojas for request '/api/favoritos/lojas'.]
Hibernate: 
    select
        u1_0.id,
        u1_0.tipo_usuario,
        u1_0.bairro,
        u1_0.cep,
        u1_0.cidade,
        u1_0.cod_status,
        u1_0.complemento,
        u1_0.cpf,
        u1_0.data_nascimento,
        u1_0.email,
        u1_0.endereco,
        u1_0.foto_perfil,
        u1_0.nome,
        u1_0.numero,
        u1_0.preferencias,
        u1_0.restricoes,
        u1_0.senha,
        u1_0.telefone,
        u1_0.tipo_usuario,
        u1_0.uf,
        u1_0.nivel_acesso,
        u1_0.apelido,
        u1_0.categoria,
        u1_0.promocao,
        u1_0.proprietario,
        u1_0.cnh,
        u1_0.placa_veiculo,
        u1_0.veiculo 
    from
        usuario u1_0 
    where
        u1_0.email=?
Hibernate: 
    select
        u1_0.id,
        u1_0.tipo_usuario,
        u1_0.bairro,
        u1_0.cep,
        u1_0.cidade,
        u1_0.cod_status,
        u1_0.complemento,
        u1_0.cpf,
        u1_0.data_nascimento,
        u1_0.email,
        u1_0.endereco,
        u1_0.foto_perfil,
        u1_0.nome,
        u1_0.numero,
        u1_0.preferencias,
        u1_0.restricoes,
        u1_0.senha,
        u1_0.telefone,
        u1_0.tipo_usuario,
        u1_0.uf,
        u1_0.nivel_acesso,
        u1_0.apelido,
        u1_0.categoria,
        u1_0.promocao,
        u1_0.proprietario,
        u1_0.cnh,
        u1_0.placa_veiculo,
        u1_0.veiculo 
    from
        usuario u1_0 
    where
        u1_0.email=?
Hibernate: 
    select
        l1_0.id,
        l1_0.cnpj,
        c1_0.id,
        c1_0.bairro,
        c1_0.cep,
        c1_0.cidade,
        c1_0.cod_status,
        c1_0.complemento,
        c1_0.cpf,
        c1_0.data_nascimento,
        c1_0.email,
        c1_0.endereco,
        c1_0.foto_perfil,
        c1_0.nome,
        c1_0.numero,
        c1_0.preferencias,
        c1_0.restricoes,
        c1_0.senha,
        c1_0.telefone,
        c1_0.tipo_usuario,
        c1_0.uf,
        c1_0.categoria,
        c1_0.promocao,
        c1_0.proprietario,
        l1_0.data_cadastro,
        l1_0.descricao,
        l1_0.endereco,
        l1_0.foto_url,
        l1_0.nome_fantasia,
        l1_0.status,
        l1_0.telefone 
    from
        loja l1_0 
    left join
        (select
            * from usuario t 
        where
            t.tipo_usuario='CONFEITEIRO') c1_0 
            on c1_0.id=l1_0.confeiteiro_id 
    where
        l1_0.confeiteiro_id=?
Hibernate: 
    select
        l1_0.id,
        l1_0.cnpj,
        c1_0.id,
        c1_0.bairro,
        c1_0.cep,
        c1_0.cidade,
        c1_0.cod_status,
        c1_0.complemento,
        c1_0.cpf,
        c1_0.data_nascimento,
        c1_0.email,
        c1_0.endereco,
        c1_0.foto_perfil,
        c1_0.nome,
        c1_0.numero,
        c1_0.preferencias,
        c1_0.restricoes,
        c1_0.senha,
        c1_0.telefone,
        c1_0.tipo_usuario,
        c1_0.uf,
        c1_0.categoria,
        c1_0.promocao,
        c1_0.proprietario,
        l1_0.data_cadastro,
        l1_0.descricao,
        l1_0.endereco,
        l1_0.foto_url,
        l1_0.nome_fantasia,
        l1_0.status,
        l1_0.telefone 
    from
        loja l1_0 
    left join
        (select
            * from usuario t 
        where
            t.tipo_usuario='CONFEITEIRO') c1_0 
            on c1_0.id=l1_0.confeiteiro_id 
    where
        l1_0.confeiteiro_id=?
DEBUG: Filtro processado com sucesso para: bia@gmail.com | Permissões: [ROLE_CLIENTE]
DEBUG: Filtro processado com sucesso para: bia@gmail.com | Permissões: [ROLE_CLIENTE]
2026-06-16T14:30:30.562-03:00  WARN 8456 --- [docelivery] [nio-8080-exec-5] .m.m.a.ExceptionHandlerExceptionResolver : Resolved [org.springframework.web.servlet.resource.NoResourceFoundException: No static resource api/favoritos/lojas for request '/api/favoritos/lojas'.]
2026-06-16T14:30:30.563-03:00  WARN 8456 --- [docelivery] [nio-8080-exec-4] .m.m.a.ExceptionHandlerExceptionResolver : Resolved [org.springframework.web.servlet.resource.NoResourceFoundException: No static resource api/favoritos/produtos for request '/api/favoritos/produtos'.]
Hibernate: 
    select
        u1_0.id,
        u1_0.tipo_usuario,
        u1_0.bairro,
        u1_0.cep,
        u1_0.cidade,
        u1_0.cod_status,
        u1_0.complemento,
        u1_0.cpf,
        u1_0.data_nascimento,
        u1_0.email,
        u1_0.endereco,
        u1_0.foto_perfil,
        u1_0.nome,
        u1_0.numero,
        u1_0.preferencias,
        u1_0.restricoes,
        u1_0.senha,
        u1_0.telefone,
        u1_0.tipo_usuario,
        u1_0.uf,
        u1_0.nivel_acesso,
        u1_0.apelido,
        u1_0.categoria,
        u1_0.promocao,
        u1_0.proprietario,
        u1_0.cnh,
        u1_0.placa_veiculo,
        u1_0.veiculo 
    from
        usuario u1_0 
    where
        u1_0.email=?
Hibernate: 
    select
        u1_0.id,
        u1_0.tipo_usuario,
        u1_0.bairro,
        u1_0.cep,
        u1_0.cidade,
        u1_0.cod_status,
        u1_0.complemento,
        u1_0.cpf,
        u1_0.data_nascimento,
        u1_0.email,
        u1_0.endereco,
        u1_0.foto_perfil,
        u1_0.nome,
        u1_0.numero,
        u1_0.preferencias,
        u1_0.restricoes,
        u1_0.senha,
        u1_0.telefone,
        u1_0.tipo_usuario,
        u1_0.uf,
        u1_0.nivel_acesso,
        u1_0.apelido,
        u1_0.categoria,
        u1_0.promocao,
        u1_0.proprietario,
        u1_0.cnh,
        u1_0.placa_veiculo,
        u1_0.veiculo 
    from
        usuario u1_0 
    where
        u1_0.email=?
Hibernate: 
    select
        l1_0.id,
        l1_0.cnpj,
        c1_0.id,
        c1_0.bairro,
        c1_0.cep,
        c1_0.cidade,
        c1_0.cod_status,
        c1_0.complemento,
        c1_0.cpf,
        c1_0.data_nascimento,
        c1_0.email,
        c1_0.endereco,
        c1_0.foto_perfil,
        c1_0.nome,
        c1_0.numero,
        c1_0.preferencias,
        c1_0.restricoes,
        c1_0.senha,
        c1_0.telefone,
        c1_0.tipo_usuario,
        c1_0.uf,
        c1_0.categoria,
        c1_0.promocao,
        c1_0.proprietario,
        l1_0.data_cadastro,
        l1_0.descricao,
        l1_0.endereco,
        l1_0.foto_url,
        l1_0.nome_fantasia,
        l1_0.status,
        l1_0.telefone 
    from
        loja l1_0 
    left join
        (select
            * from usuario t 
        where
            t.tipo_usuario='CONFEITEIRO') c1_0 
            on c1_0.id=l1_0.confeiteiro_id 
    where
        l1_0.confeiteiro_id=?
Hibernate: 
    select
        l1_0.id,
        l1_0.cnpj,
        c1_0.id,
        c1_0.bairro,
        c1_0.cep,
        c1_0.cidade,
        c1_0.cod_status,
        c1_0.complemento,
        c1_0.cpf,
        c1_0.data_nascimento,
        c1_0.email,
        c1_0.endereco,
        c1_0.foto_perfil,
        c1_0.nome,
        c1_0.numero,
        c1_0.preferencias,
        c1_0.restricoes,
        c1_0.senha,
        c1_0.telefone,
        c1_0.tipo_usuario,
        c1_0.uf,
        c1_0.categoria,
        c1_0.promocao,
        c1_0.proprietario,
        l1_0.data_cadastro,
        l1_0.descricao,
        l1_0.endereco,
        l1_0.foto_url,
        l1_0.nome_fantasia,
        l1_0.status,
        l1_0.telefone 
    from
        loja l1_0 
    left join
        (select
            * from usuario t 
        where
            t.tipo_usuario='CONFEITEIRO') c1_0 
            on c1_0.id=l1_0.confeiteiro_id 
    where
        l1_0.confeiteiro_id=?
DEBUG: Filtro processado com sucesso para: bia@gmail.com | Permissões: [ROLE_CLIENTE]
2026-06-16T14:30:31.825-03:00  WARN 8456 --- [docelivery] [nio-8080-exec-7] .m.m.a.ExceptionHandlerExceptionResolver : Resolved [org.springframework.web.servlet.resource.NoResourceFoundException: No static resource api/favoritos/lojas for request '/api/favoritos/lojas'.]
DEBUG: Filtro processado com sucesso para: bia@gmail.com | Permissões: [ROLE_CLIENTE]
2026-06-16T14:30:31.830-03:00  WARN 8456 --- [docelivery] [nio-8080-exec-1] .m.m.a.ExceptionHandlerExceptionResolver : Resolved [org.springframework.web.servlet.resource.NoResourceFoundException: No static resource api/favoritos/produtos for request '/api/favoritos/produtos'.]
Hibernate: 
    select
        u1_0.id,
        u1_0.tipo_usuario,
        u1_0.bairro,
        u1_0.cep,
        u1_0.cidade,
        u1_0.cod_status,
        u1_0.complemento,
        u1_0.cpf,
        u1_0.data_nascimento,
        u1_0.email,
        u1_0.endereco,
        u1_0.foto_perfil,
        u1_0.nome,
        u1_0.numero,
        u1_0.preferencias,
        u1_0.restricoes,
        u1_0.senha,
        u1_0.telefone,
        u1_0.tipo_usuario,
        u1_0.uf,
        u1_0.nivel_acesso,
        u1_0.apelido,
        u1_0.categoria,
        u1_0.promocao,
        u1_0.proprietario,
        u1_0.cnh,
        u1_0.placa_veiculo,
        u1_0.veiculo 
    from
        usuario u1_0 
    where
        u1_0.email=?
Hibernate: 
    select
        u1_0.id,
        u1_0.tipo_usuario,
        u1_0.bairro,
        u1_0.cep,
        u1_0.cidade,
        u1_0.cod_status,
        u1_0.complemento,
        u1_0.cpf,
        u1_0.data_nascimento,
        u1_0.email,
        u1_0.endereco,
        u1_0.foto_perfil,
        u1_0.nome,
        u1_0.numero,
        u1_0.preferencias,
        u1_0.restricoes,
        u1_0.senha,
        u1_0.telefone,
        u1_0.tipo_usuario,
        u1_0.uf,
        u1_0.nivel_acesso,
        u1_0.apelido,
        u1_0.categoria,
        u1_0.promocao,
        u1_0.proprietario,
        u1_0.cnh,
        u1_0.placa_veiculo,
        u1_0.veiculo 
    from
        usuario u1_0 
    where
        u1_0.email=?
Hibernate: 
    select
        l1_0.id,
        l1_0.cnpj,
        c1_0.id,
        c1_0.bairro,
        c1_0.cep,
        c1_0.cidade,
        c1_0.cod_status,
        c1_0.complemento,
        c1_0.cpf,
        c1_0.data_nascimento,
        c1_0.email,
        c1_0.endereco,
        c1_0.foto_perfil,
        c1_0.nome,
        c1_0.numero,
        c1_0.preferencias,
        c1_0.restricoes,
        c1_0.senha,
        c1_0.telefone,
        c1_0.tipo_usuario,
        c1_0.uf,
        c1_0.categoria,
        c1_0.promocao,
        c1_0.proprietario,
        l1_0.data_cadastro,
        l1_0.descricao,
        l1_0.endereco,
        l1_0.foto_url,
        l1_0.nome_fantasia,
        l1_0.status,
        l1_0.telefone 
    from
        loja l1_0 
    left join
        (select
            * from usuario t 
        where
            t.tipo_usuario='CONFEITEIRO') c1_0 
            on c1_0.id=l1_0.confeiteiro_id 
    where
        l1_0.confeiteiro_id=?
Hibernate: 
    select
        l1_0.id,
        l1_0.cnpj,
        c1_0.id,
        c1_0.bairro,
        c1_0.cep,
        c1_0.cidade,
        c1_0.cod_status,
        c1_0.complemento,
        c1_0.cpf,
        c1_0.data_nascimento,
        c1_0.email,
        c1_0.endereco,
        c1_0.foto_perfil,
        c1_0.nome,
        c1_0.numero,
        c1_0.preferencias,
        c1_0.restricoes,
        c1_0.senha,
        c1_0.telefone,
        c1_0.tipo_usuario,
        c1_0.uf,
        c1_0.categoria,
        c1_0.promocao,
        c1_0.proprietario,
        l1_0.data_cadastro,
        l1_0.descricao,
        l1_0.endereco,
        l1_0.foto_url,
        l1_0.nome_fantasia,
        l1_0.status,
        l1_0.telefone 
    from
        loja l1_0 
    left join
        (select
            * from usuario t 
        where
            t.tipo_usuario='CONFEITEIRO') c1_0 
            on c1_0.id=l1_0.confeiteiro_id 
    where
        l1_0.confeiteiro_id=?
DEBUG: Filtro processado com sucesso para: bia@gmail.com | Permissões: [ROLE_CLIENTE]
DEBUG: Filtro processado com sucesso para: bia@gmail.com | Permissões: [ROLE_CLIENTE]
2026-06-16T14:30:33.343-03:00  WARN 8456 --- [docelivery] [nio-8080-exec-6] .m.m.a.ExceptionHandlerExceptionResolver : Resolved [org.springframework.web.servlet.resource.NoResourceFoundException: No static resource api/favoritos/lojas for request '/api/favoritos/lojas'.]
2026-06-16T14:30:33.344-03:00  WARN 8456 --- [docelivery] [nio-8080-exec-2] .m.m.a.ExceptionHandlerExceptionResolver : Resolved [org.springframework.web.servlet.resource.NoResourceFoundException: No static resource api/favoritos/produtos for request '/api/favoritos/produtos'.]
Hibernate: 
    select
        u1_0.id,
        u1_0.tipo_usuario,
        u1_0.bairro,
        u1_0.cep,
        u1_0.cidade,
        u1_0.cod_status,
        u1_0.complemento,
        u1_0.cpf,
        u1_0.data_nascimento,
        u1_0.email,
        u1_0.endereco,
        u1_0.foto_perfil,
        u1_0.nome,
        u1_0.numero,
        u1_0.preferencias,
        u1_0.restricoes,
        u1_0.senha,
        u1_0.telefone,
        u1_0.tipo_usuario,
        u1_0.uf,
        u1_0.nivel_acesso,
        u1_0.apelido,
        u1_0.categoria,
        u1_0.promocao,
        u1_0.proprietario,
        u1_0.cnh,
        u1_0.placa_veiculo,
        u1_0.veiculo 
    from
        usuario u1_0 
    where
        u1_0.email=?
Hibernate: 
    select
        u1_0.id,
        u1_0.tipo_usuario,
        u1_0.bairro,
        u1_0.cep,
        u1_0.cidade,
        u1_0.cod_status,
        u1_0.complemento,
        u1_0.cpf,
        u1_0.data_nascimento,
        u1_0.email,
        u1_0.endereco,
        u1_0.foto_perfil,
        u1_0.nome,
        u1_0.numero,
        u1_0.preferencias,
        u1_0.restricoes,
        u1_0.senha,
        u1_0.telefone,
        u1_0.tipo_usuario,
        u1_0.uf,
        u1_0.nivel_acesso,
        u1_0.apelido,
        u1_0.categoria,
        u1_0.promocao,
        u1_0.proprietario,
        u1_0.cnh,
        u1_0.placa_veiculo,
        u1_0.veiculo 
    from
        usuario u1_0 
    where
        u1_0.email=?
Hibernate: 
    select
        l1_0.id,
        l1_0.cnpj,
        c1_0.id,
        c1_0.bairro,
        c1_0.cep,
        c1_0.cidade,
        c1_0.cod_status,
        c1_0.complemento,
        c1_0.cpf,
        c1_0.data_nascimento,
        c1_0.email,
        c1_0.endereco,
        c1_0.foto_perfil,
        c1_0.nome,
        c1_0.numero,
        c1_0.preferencias,
        c1_0.restricoes,
        c1_0.senha,
        c1_0.telefone,
        c1_0.tipo_usuario,
        c1_0.uf,
        c1_0.categoria,
        c1_0.promocao,
        c1_0.proprietario,
        l1_0.data_cadastro,
        l1_0.descricao,
        l1_0.endereco,
        l1_0.foto_url,
        l1_0.nome_fantasia,
        l1_0.status,
        l1_0.telefone 
    from
        loja l1_0 
    left join
        (select
            * from usuario t 
        where
            t.tipo_usuario='CONFEITEIRO') c1_0 
            on c1_0.id=l1_0.confeiteiro_id 
    where
        l1_0.confeiteiro_id=?
Hibernate: 
    select
        l1_0.id,
        l1_0.cnpj,
        c1_0.id,
        c1_0.bairro,
        c1_0.cep,
        c1_0.cidade,
        c1_0.cod_status,
        c1_0.complemento,
        c1_0.cpf,
        c1_0.data_nascimento,
        c1_0.email,
        c1_0.endereco,
        c1_0.foto_perfil,
        c1_0.nome,
        c1_0.numero,
        c1_0.preferencias,
        c1_0.restricoes,
        c1_0.senha,
        c1_0.telefone,
        c1_0.tipo_usuario,
        c1_0.uf,
        c1_0.categoria,
        c1_0.promocao,
        c1_0.proprietario,
        l1_0.data_cadastro,
        l1_0.descricao,
        l1_0.endereco,
        l1_0.foto_url,
        l1_0.nome_fantasia,
        l1_0.status,
        l1_0.telefone 
    from
        loja l1_0 
    left join
        (select
            * from usuario t 
        where
            t.tipo_usuario='CONFEITEIRO') c1_0 
            on c1_0.id=l1_0.confeiteiro_id 
    where
        l1_0.confeiteiro_id=?
DEBUG: Filtro processado com sucesso para: bia@gmail.com | Permissões: [ROLE_CLIENTE]
DEBUG: Filtro processado com sucesso para: bia@gmail.com | Permissões: [ROLE_CLIENTE]
2026-06-16T14:30:36.616-03:00  WARN 8456 --- [docelivery] [nio-8080-exec-8] .m.m.a.ExceptionHandlerExceptionResolver : Resolved [org.springframework.web.servlet.resource.NoResourceFoundException: No static resource api/favoritos/produtos for request '/api/favoritos/produtos'.]
2026-06-16T14:30:36.616-03:00  WARN 8456 --- [docelivery] [nio-8080-exec-9] .m.m.a.ExceptionHandlerExceptionResolver : Resolved [org.springframework.web.servlet.resource.NoResourceFoundException: No static resource api/favoritos/lojas for request '/api/favoritos/lojas'.]
Hibernate: 
    select
        u1_0.id,
        u1_0.tipo_usuario,
        u1_0.bairro,
        u1_0.cep,
        u1_0.cidade,
        u1_0.cod_status,
        u1_0.complemento,
        u1_0.cpf,
        u1_0.data_nascimento,
        u1_0.email,
        u1_0.endereco,
        u1_0.foto_perfil,
        u1_0.nome,
        u1_0.numero,
        u1_0.preferencias,
        u1_0.restricoes,
        u1_0.senha,
        u1_0.telefone,
        u1_0.tipo_usuario,
        u1_0.uf,
        u1_0.nivel_acesso,
        u1_0.apelido,
        u1_0.categoria,
        u1_0.promocao,
        u1_0.proprietario,
        u1_0.cnh,
        u1_0.placa_veiculo,
        u1_0.veiculo 
    from
        usuario u1_0 
    where
        u1_0.email=?
Hibernate: 
    select
        l1_0.id,
        l1_0.cnpj,
        c1_0.id,
        c1_0.bairro,
        c1_0.cep,
        c1_0.cidade,
        c1_0.cod_status,
        c1_0.complemento,
        c1_0.cpf,
        c1_0.data_nascimento,
        c1_0.email,
        c1_0.endereco,
        c1_0.foto_perfil,
        c1_0.nome,
        c1_0.numero,
        c1_0.preferencias,
        c1_0.restricoes,
        c1_0.senha,
        c1_0.telefone,
        c1_0.tipo_usuario,
        c1_0.uf,
        c1_0.categoria,
        c1_0.promocao,
        c1_0.proprietario,
        l1_0.data_cadastro,
        l1_0.descricao,
        l1_0.endereco,
        l1_0.foto_url,
        l1_0.nome_fantasia,
        l1_0.status,
        l1_0.telefone 
    from
        loja l1_0 
    left join
        (select
            * from usuario t 
        where
            t.tipo_usuario='CONFEITEIRO') c1_0 
            on c1_0.id=l1_0.confeiteiro_id 
    where
        l1_0.confeiteiro_id=?
DEBUG: Filtro processado com sucesso para: bia@gmail.com | Permissões: [ROLE_CLIENTE]
Hibernate: 
    select
        p1_0.id,
        p1_0.agendado,
        p1_0.cliente_id,
        p1_0.cod_status,
        p1_0.confeiteiro_id,
        p1_0.data_entrega_agendada,
        p1_0.data_hora_pedido,
        p1_0.entregador_id,
        p1_0.loja_id,
        p1_0.numero_pedido,
        p1_0.status,
        p1_0.valor_pedido 
    from
        pedido p1_0 
    where
        p1_0.cliente_id=?
Hibernate: 
    select
        u1_0.id,
        u1_0.tipo_usuario,
        u1_0.bairro,
        u1_0.cep,
        u1_0.cidade,
        u1_0.cod_status,
        u1_0.complemento,
        u1_0.cpf,
        u1_0.data_nascimento,
        u1_0.email,
        u1_0.endereco,
        u1_0.foto_perfil,
        u1_0.nome,
        u1_0.numero,
        u1_0.preferencias,
        u1_0.restricoes,
        u1_0.senha,
        u1_0.telefone,
        u1_0.tipo_usuario,
        u1_0.uf,
        u1_0.nivel_acesso,
        u1_0.apelido,
        u1_0.categoria,
        u1_0.promocao,
        u1_0.proprietario,
        u1_0.cnh,
        u1_0.placa_veiculo,
        u1_0.veiculo 
    from
        usuario u1_0 
    where
        u1_0.email=?
Hibernate: 
    select
        u1_0.id,
        u1_0.tipo_usuario,
        u1_0.bairro,
        u1_0.cep,
        u1_0.cidade,
        u1_0.cod_status,
        u1_0.complemento,
        u1_0.cpf,
        u1_0.data_nascimento,
        u1_0.email,
        u1_0.endereco,
        u1_0.foto_perfil,
        u1_0.nome,
        u1_0.numero,
        u1_0.preferencias,
        u1_0.restricoes,
        u1_0.senha,
        u1_0.telefone,
        u1_0.tipo_usuario,
        u1_0.uf,
        u1_0.nivel_acesso,
        u1_0.apelido,
        u1_0.categoria,
        u1_0.promocao,
        u1_0.proprietario,
        u1_0.cnh,
        u1_0.placa_veiculo,
        u1_0.veiculo 
    from
        usuario u1_0 
    where
        u1_0.email=?
Hibernate: 
    select
        c1_0.id,
        c1_0.bairro,
        c1_0.cep,
        c1_0.cidade,
        c1_0.cod_status,
        c1_0.complemento,
        c1_0.cpf,
        c1_0.data_nascimento,
        c1_0.email,
        c1_0.endereco,
        c1_0.foto_perfil,
        c1_0.nome,
        c1_0.numero,
        c1_0.preferencias,
        c1_0.restricoes,
        c1_0.senha,
        c1_0.telefone,
        c1_0.tipo_usuario,
        c1_0.uf,
        c1_0.categoria,
        c1_0.promocao,
        c1_0.proprietario 
    from
        usuario c1_0 
    where
        c1_0.tipo_usuario='CONFEITEIRO'
Hibernate: 
    select
        c1_0.id,
        c1_0.bairro,
        c1_0.cep,
        c1_0.cidade,
        c1_0.cod_status,
        c1_0.complemento,
        c1_0.cpf,
        c1_0.data_nascimento,
        c1_0.email,
        c1_0.endereco,
        c1_0.foto_perfil,
        c1_0.nome,
        c1_0.numero,
        c1_0.preferencias,
        c1_0.restricoes,
        c1_0.senha,
        c1_0.telefone,
        c1_0.tipo_usuario,
        c1_0.uf,
        c1_0.categoria,
        c1_0.promocao,
        c1_0.proprietario 
    from
        usuario c1_0 
    where
        c1_0.tipo_usuario='CONFEITEIRO'
Hibernate: 
    select
        c1_0.id,
        c1_0.bairro,
        c1_0.cep,
        c1_0.cidade,
        c1_0.cod_status,
        c1_0.complemento,
        c1_0.cpf,
        c1_0.data_nascimento,
        c1_0.email,
        c1_0.endereco,
        c1_0.foto_perfil,
        c1_0.nome,
        c1_0.numero,
        c1_0.preferencias,
        c1_0.restricoes,
        c1_0.senha,
        c1_0.telefone,
        c1_0.tipo_usuario,
        c1_0.uf,
        c1_0.categoria,
        c1_0.promocao,
        c1_0.proprietario 
    from
        usuario c1_0 
    where
        c1_0.tipo_usuario='CONFEITEIRO'
Hibernate: 
    select
        l1_0.id,
        l1_0.cnpj,
        c1_0.id,
        c1_0.bairro,
        c1_0.cep,
        c1_0.cidade,
        c1_0.cod_status,
        c1_0.complemento,
        c1_0.cpf,
        c1_0.data_nascimento,
        c1_0.email,
        c1_0.endereco,
        c1_0.foto_perfil,
        c1_0.nome,
        c1_0.numero,
        c1_0.preferencias,
        c1_0.restricoes,
        c1_0.senha,
        c1_0.telefone,
        c1_0.tipo_usuario,
        c1_0.uf,
        c1_0.categoria,
        c1_0.promocao,
        c1_0.proprietario,
        l1_0.data_cadastro,
        l1_0.descricao,
        l1_0.endereco,
        l1_0.foto_url,
        l1_0.nome_fantasia,
        l1_0.status,
        l1_0.telefone 
    from
        loja l1_0 
    left join
        (select
            * from usuario t 
        where
            t.tipo_usuario='CONFEITEIRO') c1_0 
            on c1_0.id=l1_0.confeiteiro_id 
    where
        l1_0.confeiteiro_id=?
Hibernate: 
    select
        l1_0.id,
        l1_0.cnpj,
        c1_0.id,
        c1_0.bairro,
        c1_0.cep,
        c1_0.cidade,
        c1_0.cod_status,
        c1_0.complemento,
        c1_0.cpf,
        c1_0.data_nascimento,
        c1_0.email,
        c1_0.endereco,
        c1_0.foto_perfil,
        c1_0.nome,
        c1_0.numero,
        c1_0.preferencias,
        c1_0.restricoes,
        c1_0.senha,
        c1_0.telefone,
        c1_0.tipo_usuario,
        c1_0.uf,
        c1_0.categoria,
        c1_0.promocao,
        c1_0.proprietario,
        l1_0.data_cadastro,
        l1_0.descricao,
        l1_0.endereco,
        l1_0.foto_url,
        l1_0.nome_fantasia,
        l1_0.status,
        l1_0.telefone 
    from
        loja l1_0 
    left join
        (select
            * from usuario t 
        where
            t.tipo_usuario='CONFEITEIRO') c1_0 
            on c1_0.id=l1_0.confeiteiro_id 
    where
        l1_0.confeiteiro_id=?
Hibernate: 
    select
        l1_0.id,
        l1_0.cnpj,
        c1_0.id,
        c1_0.bairro,
        c1_0.cep,
        c1_0.cidade,
        c1_0.cod_status,
        c1_0.complemento,
        c1_0.cpf,
        c1_0.data_nascimento,
        c1_0.email,
        c1_0.endereco,
        c1_0.foto_perfil,
        c1_0.nome,
        c1_0.numero,
        c1_0.preferencias,
        c1_0.restricoes,
        c1_0.senha,
        c1_0.telefone,
        c1_0.tipo_usuario,
        c1_0.uf,
        c1_0.categoria,
        c1_0.promocao,
        c1_0.proprietario,
        l1_0.data_cadastro,
        l1_0.descricao,
        l1_0.endereco,
        l1_0.foto_url,
        l1_0.nome_fantasia,
        l1_0.status,
        l1_0.telefone 
    from
        loja l1_0 
    left join
        (select
            * from usuario t 
        where
            t.tipo_usuario='CONFEITEIRO') c1_0 
            on c1_0.id=l1_0.confeiteiro_id 
    where
        l1_0.confeiteiro_id=?
Hibernate: 
    select
        l1_0.id,
        l1_0.cnpj,
        c1_0.id,
        c1_0.bairro,
        c1_0.cep,
        c1_0.cidade,
        c1_0.cod_status,
        c1_0.complemento,
        c1_0.cpf,
        c1_0.data_nascimento,
        c1_0.email,
        c1_0.endereco,
        c1_0.foto_perfil,
        c1_0.nome,
        c1_0.numero,
        c1_0.preferencias,
        c1_0.restricoes,
        c1_0.senha,
        c1_0.telefone,
        c1_0.tipo_usuario,
        c1_0.uf,
        c1_0.categoria,
        c1_0.promocao,
        c1_0.proprietario,
        l1_0.data_cadastro,
        l1_0.descricao,
        l1_0.endereco,
        l1_0.foto_url,
        l1_0.nome_fantasia,
        l1_0.status,
        l1_0.telefone 
    from
        loja l1_0 
    left join
        (select
            * from usuario t 
        where
            t.tipo_usuario='CONFEITEIRO') c1_0 
            on c1_0.id=l1_0.confeiteiro_id 
    where
        l1_0.confeiteiro_id=?
Hibernate: 
    select
        l1_0.id,
        l1_0.cnpj,
        c1_0.id,
        c1_0.bairro,
        c1_0.cep,
        c1_0.cidade,
        c1_0.cod_status,
        c1_0.complemento,
        c1_0.cpf,
        c1_0.data_nascimento,
        c1_0.email,
        c1_0.endereco,
        c1_0.foto_perfil,
        c1_0.nome,
        c1_0.numero,
        c1_0.preferencias,
        c1_0.restricoes,
        c1_0.senha,
        c1_0.telefone,
        c1_0.tipo_usuario,
        c1_0.uf,
        c1_0.categoria,
        c1_0.promocao,
        c1_0.proprietario,
        l1_0.data_cadastro,
        l1_0.descricao,
        l1_0.endereco,
        l1_0.foto_url,
        l1_0.nome_fantasia,
        l1_0.status,
        l1_0.telefone 
    from
        loja l1_0 
    left join
        (select
            * from usuario t 
        where
            t.tipo_usuario='CONFEITEIRO') c1_0 
            on c1_0.id=l1_0.confeiteiro_id 
    where
        l1_0.confeiteiro_id=?
DEBUG: Filtro processado com sucesso para: bia@gmail.com | Permissões: [ROLE_CLIENTE]
DEBUG: Filtro processado com sucesso para: bia@gmail.com | Permissões: [ROLE_CLIENTE]
2026-06-16T14:36:23.942-03:00  WARN 8456 --- [docelivery] [nio-8080-exec-4] .m.m.a.ExceptionHandlerExceptionResolver : Resolved [org.springframework.web.servlet.resource.NoResourceFoundException: No static resource api/favoritos/lojas for request '/api/favoritos/lojas'.]
2026-06-16T14:36:23.942-03:00  WARN 8456 --- [docelivery] [nio-8080-exec-2] .m.m.a.ExceptionHandlerExceptionResolver : Resolved [org.springframework.web.servlet.resource.NoResourceFoundException: No static resource api/favoritos/lojas for request '/api/favoritos/lojas'.]
2026-06-16T14:37:11.714-03:00  INFO 8456 --- [docelivery] [MessageBroker-3] o.s.w.s.c.WebSocketMessageBrokerStats    : WebSocketSession[0 current WS(0)-HttpStream(0)-HttpPoll(0), 0 total, 0 closed abnormally (0 connect failure, 0 send limit, 0 transport error)], stompSubProtocol[processed CONNECT(0)-CONNECTED(0)-DISCONNECT(0)], stompBrokerRelay[null], inboundChannel[pool size = 0, active threads = 0, queued tasks = 0, completed tasks = 0], outboundChannel[pool size = 0, active threads = 0, queued tasks = 0, completed tasks = 0], sockJsScheduler[pool size = 4, active threads = 1, queued tasks = 1, completed tasks = 2]
Hibernate: 
    select
        c1_0.id,
        c1_0.bairro,
        c1_0.cep,
        c1_0.cidade,
        c1_0.cod_status,
        c1_0.complemento,
        c1_0.cpf,
        c1_0.data_nascimento,
        c1_0.email,
        c1_0.endereco,
        c1_0.foto_perfil,
        c1_0.nome,
        c1_0.numero,
        c1_0.preferencias,
        c1_0.restricoes,
        c1_0.senha,
        c1_0.telefone,
        c1_0.tipo_usuario,
        c1_0.uf,
        c1_0.categoria,
        c1_0.promocao,
        c1_0.proprietario 
    from
        usuario c1_0 
    where
        c1_0.tipo_usuario='CONFEITEIRO'
Hibernate: 
    select
        l1_0.id,
        l1_0.cnpj,
        c1_0.id,
        c1_0.bairro,
        c1_0.cep,
        c1_0.cidade,
        c1_0.cod_status,
        c1_0.complemento,
        c1_0.cpf,
        c1_0.data_nascimento,
        c1_0.email,
        c1_0.endereco,
        c1_0.foto_perfil,
        c1_0.nome,
        c1_0.numero,
        c1_0.preferencias,
        c1_0.restricoes,
        c1_0.senha,
        c1_0.telefone,
        c1_0.tipo_usuario,
        c1_0.uf,
        c1_0.categoria,
        c1_0.promocao,
        c1_0.proprietario,
        l1_0.data_cadastro,
        l1_0.descricao,
        l1_0.endereco,
        l1_0.foto_url,
        l1_0.nome_fantasia,
        l1_0.status,
        l1_0.telefone 
    from
        loja l1_0 
    left join
        (select
            * from usuario t 
        where
            t.tipo_usuario='CONFEITEIRO') c1_0 
            on c1_0.id=l1_0.confeiteiro_id 
    where
        l1_0.confeiteiro_id=?
Hibernate: 
    select
        u1_0.id,
        u1_0.tipo_usuario,
        u1_0.bairro,
        u1_0.cep,
        u1_0.cidade,
        u1_0.cod_status,
        u1_0.complemento,
        u1_0.cpf,
        u1_0.data_nascimento,
        u1_0.email,
        u1_0.endereco,
        u1_0.foto_perfil,
        u1_0.nome,
        u1_0.numero,
        u1_0.preferencias,
        u1_0.restricoes,
        u1_0.senha,
        u1_0.telefone,
        u1_0.tipo_usuario,
        u1_0.uf,
        u1_0.nivel_acesso,
        u1_0.apelido,
        u1_0.categoria,
        u1_0.promocao,
        u1_0.proprietario,
        u1_0.cnh,
        u1_0.placa_veiculo,
        u1_0.veiculo 
    from
        usuario u1_0 
    where
        u1_0.email=?
Hibernate: 
    select
        c1_0.id,
        c1_0.bairro,
        c1_0.cep,
        c1_0.cidade,
        c1_0.cod_status,
        c1_0.complemento,
        c1_0.cpf,
        c1_0.data_nascimento,
        c1_0.email,
        c1_0.endereco,
        c1_0.foto_perfil,
        c1_0.nome,
        c1_0.numero,
        c1_0.preferencias,
        c1_0.restricoes,
        c1_0.senha,
        c1_0.telefone,
        c1_0.tipo_usuario,
        c1_0.uf,
        c1_0.categoria,
        c1_0.promocao,
        c1_0.proprietario 
    from
        usuario c1_0 
    where
        c1_0.tipo_usuario='CONFEITEIRO'
Hibernate: 
    select
        u1_0.id,
        u1_0.tipo_usuario,
        u1_0.bairro,
        u1_0.cep,
        u1_0.cidade,
        u1_0.cod_status,
        u1_0.complemento,
        u1_0.cpf,
        u1_0.data_nascimento,
        u1_0.email,
        u1_0.endereco,
        u1_0.foto_perfil,
        u1_0.nome,
        u1_0.numero,
        u1_0.preferencias,
        u1_0.restricoes,
        u1_0.senha,
        u1_0.telefone,
        u1_0.tipo_usuario,
        u1_0.uf,
        u1_0.nivel_acesso,
        u1_0.apelido,
        u1_0.categoria,
        u1_0.promocao,
        u1_0.proprietario,
        u1_0.cnh,
        u1_0.placa_veiculo,
        u1_0.veiculo 
    from
        usuario u1_0 
    where
        u1_0.email=?
Hibernate: 
    select
        l1_0.id,
        l1_0.cnpj,
        c1_0.id,
        c1_0.bairro,
        c1_0.cep,
        c1_0.cidade,
        c1_0.cod_status,
        c1_0.complemento,
        c1_0.cpf,
        c1_0.data_nascimento,
        c1_0.email,
        c1_0.endereco,
        c1_0.foto_perfil,
        c1_0.nome,
        c1_0.numero,
        c1_0.preferencias,
        c1_0.restricoes,
        c1_0.senha,
        c1_0.telefone,
        c1_0.tipo_usuario,
        c1_0.uf,
        c1_0.categoria,
        c1_0.promocao,
        c1_0.proprietario,
        l1_0.data_cadastro,
        l1_0.descricao,
        l1_0.endereco,
        l1_0.foto_url,
        l1_0.nome_fantasia,
        l1_0.status,
        l1_0.telefone 
    from
        loja l1_0 
    left join
        (select
            * from usuario t 
        where
            t.tipo_usuario='CONFEITEIRO') c1_0 
            on c1_0.id=l1_0.confeiteiro_id 
    where
        l1_0.confeiteiro_id=?
Hibernate: 
    select
        c1_0.id,
        c1_0.bairro,
        c1_0.cep,
        c1_0.cidade,
        c1_0.cod_status,
        c1_0.complemento,
        c1_0.cpf,
        c1_0.data_nascimento,
        c1_0.email,
        c1_0.endereco,
        c1_0.foto_perfil,
        c1_0.nome,
        c1_0.numero,
        c1_0.preferencias,
        c1_0.restricoes,
        c1_0.senha,
        c1_0.telefone,
        c1_0.tipo_usuario,
        c1_0.uf,
        c1_0.categoria,
        c1_0.promocao,
        c1_0.proprietario 
    from
        usuario c1_0 
    where
        c1_0.tipo_usuario='CONFEITEIRO'
Hibernate: 
    select
        l1_0.id,
        l1_0.cnpj,
        c1_0.id,
        c1_0.bairro,
        c1_0.cep,
        c1_0.cidade,
        c1_0.cod_status,
        c1_0.complemento,
        c1_0.cpf,
        c1_0.data_nascimento,
        c1_0.email,
        c1_0.endereco,
        c1_0.foto_perfil,
        c1_0.nome,
        c1_0.numero,
        c1_0.preferencias,
        c1_0.restricoes,
        c1_0.senha,
        c1_0.telefone,
        c1_0.tipo_usuario,
        c1_0.uf,
        c1_0.categoria,
        c1_0.promocao,
        c1_0.proprietario,
        l1_0.data_cadastro,
        l1_0.descricao,
        l1_0.endereco,
        l1_0.foto_url,
        l1_0.nome_fantasia,
        l1_0.status,
        l1_0.telefone 
    from
        loja l1_0 
    left join
        (select
            * from usuario t 
        where
            t.tipo_usuario='CONFEITEIRO') c1_0 
            on c1_0.id=l1_0.confeiteiro_id 
    where
        l1_0.confeiteiro_id=?
Hibernate: 
    select
        l1_0.id,
        l1_0.cnpj,
        c1_0.id,
        c1_0.bairro,
        c1_0.cep,
        c1_0.cidade,
        c1_0.cod_status,
        c1_0.complemento,
        c1_0.cpf,
        c1_0.data_nascimento,
        c1_0.email,
        c1_0.endereco,
        c1_0.foto_perfil,
        c1_0.nome,
        c1_0.numero,
        c1_0.preferencias,
        c1_0.restricoes,
        c1_0.senha,
        c1_0.telefone,
        c1_0.tipo_usuario,
        c1_0.uf,
        c1_0.categoria,
        c1_0.promocao,
        c1_0.proprietario,
        l1_0.data_cadastro,
        l1_0.descricao,
        l1_0.endereco,
        l1_0.foto_url,
        l1_0.nome_fantasia,
        l1_0.status,
        l1_0.telefone 
    from
        loja l1_0 
    left join
        (select
            * from usuario t 
        where
            t.tipo_usuario='CONFEITEIRO') c1_0 
            on c1_0.id=l1_0.confeiteiro_id 
    where
        l1_0.confeiteiro_id=?
DEBUG: Filtro processado com sucesso para: bia@gmail.com | Permissões: [ROLE_CLIENTE]
2026-06-16T14:37:16.058-03:00  WARN 8456 --- [docelivery] [nio-8080-exec-3] .m.m.a.ExceptionHandlerExceptionResolver : Resolved [org.springframework.web.servlet.resource.NoResourceFoundException: No static resource api/favoritos/lojas for request '/api/favoritos/lojas'.]
Hibernate: 
    select
        l1_0.id,
        l1_0.cnpj,
        c1_0.id,
        c1_0.bairro,
        c1_0.cep,
        c1_0.cidade,
        c1_0.cod_status,
        c1_0.complemento,
        c1_0.cpf,
        c1_0.data_nascimento,
        c1_0.email,
        c1_0.endereco,
        c1_0.foto_perfil,
        c1_0.nome,
        c1_0.numero,
        c1_0.preferencias,
        c1_0.restricoes,
        c1_0.senha,
        c1_0.telefone,
        c1_0.tipo_usuario,
        c1_0.uf,
        c1_0.categoria,
        c1_0.promocao,
        c1_0.proprietario,
        l1_0.data_cadastro,
        l1_0.descricao,
        l1_0.endereco,
        l1_0.foto_url,
        l1_0.nome_fantasia,
        l1_0.status,
        l1_0.telefone 
    from
        loja l1_0 
    left join
        (select
            * from usuario t 
        where
            t.tipo_usuario='CONFEITEIRO') c1_0 
            on c1_0.id=l1_0.confeiteiro_id 
    where
        l1_0.confeiteiro_id=?
DEBUG: Filtro processado com sucesso para: bia@gmail.com | Permissões: [ROLE_CLIENTE]
2026-06-16T14:37:16.066-03:00  WARN 8456 --- [docelivery] [nio-8080-exec-5] .m.m.a.ExceptionHandlerExceptionResolver : Resolved [org.springframework.web.servlet.resource.NoResourceFoundException: No static resource api/favoritos/lojas for request '/api/favoritos/lojas'.]
Hibernate: 
    select
        u1_0.id,
        u1_0.tipo_usuario,
        u1_0.bairro,
        u1_0.cep,
        u1_0.cidade,
        u1_0.cod_status,
        u1_0.complemento,
        u1_0.cpf,
        u1_0.data_nascimento,
        u1_0.email,
        u1_0.endereco,
        u1_0.foto_perfil,
        u1_0.nome,
        u1_0.numero,
        u1_0.preferencias,
        u1_0.restricoes,
        u1_0.senha,
        u1_0.telefone,
        u1_0.tipo_usuario,
        u1_0.uf,
        u1_0.nivel_acesso,
        u1_0.apelido,
        u1_0.categoria,
        u1_0.promocao,
        u1_0.proprietario,
        u1_0.cnh,
        u1_0.placa_veiculo,
        u1_0.veiculo 
    from
        usuario u1_0 
    where
        u1_0.email=?
Hibernate: 
    select
        u1_0.id,
        u1_0.tipo_usuario,
        u1_0.bairro,
        u1_0.cep,
        u1_0.cidade,
        u1_0.cod_status,
        u1_0.complemento,
        u1_0.cpf,
        u1_0.data_nascimento,
        u1_0.email,
        u1_0.endereco,
        u1_0.foto_perfil,
        u1_0.nome,
        u1_0.numero,
        u1_0.preferencias,
        u1_0.restricoes,
        u1_0.senha,
        u1_0.telefone,
        u1_0.tipo_usuario,
        u1_0.uf,
        u1_0.nivel_acesso,
        u1_0.apelido,
        u1_0.categoria,
        u1_0.promocao,
        u1_0.proprietario,
        u1_0.cnh,
        u1_0.placa_veiculo,
        u1_0.veiculo 
    from
        usuario u1_0 
    where
        u1_0.email=?
Hibernate: 
    select
        l1_0.id,
        l1_0.cnpj,
        c1_0.id,
        c1_0.bairro,
        c1_0.cep,
        c1_0.cidade,
        c1_0.cod_status,
        c1_0.complemento,
        c1_0.cpf,
        c1_0.data_nascimento,
        c1_0.email,
        c1_0.endereco,
        c1_0.foto_perfil,
        c1_0.nome,
        c1_0.numero,
        c1_0.preferencias,
        c1_0.restricoes,
        c1_0.senha,
        c1_0.telefone,
        c1_0.tipo_usuario,
        c1_0.uf,
        c1_0.categoria,
        c1_0.promocao,
        c1_0.proprietario,
        l1_0.data_cadastro,
        l1_0.descricao,
        l1_0.endereco,
        l1_0.foto_url,
        l1_0.nome_fantasia,
        l1_0.status,
        l1_0.telefone 
    from
        loja l1_0 
    left join
        (select
            * from usuario t 
        where
            t.tipo_usuario='CONFEITEIRO') c1_0 
            on c1_0.id=l1_0.confeiteiro_id 
    where
        l1_0.confeiteiro_id=?
Hibernate: 
    select
        l1_0.id,
        l1_0.cnpj,
        c1_0.id,
        c1_0.bairro,
        c1_0.cep,
        c1_0.cidade,
        c1_0.cod_status,
        c1_0.complemento,
        c1_0.cpf,
        c1_0.data_nascimento,
        c1_0.email,
        c1_0.endereco,
        c1_0.foto_perfil,
        c1_0.nome,
        c1_0.numero,
        c1_0.preferencias,
        c1_0.restricoes,
        c1_0.senha,
        c1_0.telefone,
        c1_0.tipo_usuario,
        c1_0.uf,
        c1_0.categoria,
        c1_0.promocao,
        c1_0.proprietario,
        l1_0.data_cadastro,
        l1_0.descricao,
        l1_0.endereco,
        l1_0.foto_url,
        l1_0.nome_fantasia,
        l1_0.status,
        l1_0.telefone 
    from
        loja l1_0 
    left join
        (select
            * from usuario t 
        where
            t.tipo_usuario='CONFEITEIRO') c1_0 
            on c1_0.id=l1_0.confeiteiro_id 
    where
        l1_0.confeiteiro_id=?
DEBUG: Filtro processado com sucesso para: bia@gmail.com | Permissões: [ROLE_CLIENTE]
DEBUG: Filtro processado com sucesso para: bia@gmail.com | Permissões: [ROLE_CLIENTE]
2026-06-16T14:37:17.247-03:00  WARN 8456 --- [docelivery] [nio-8080-exec-1] .m.m.a.ExceptionHandlerExceptionResolver : Resolved [org.springframework.web.servlet.resource.NoResourceFoundException: No static resource api/favoritos/lojas for request '/api/favoritos/lojas'.]
2026-06-16T14:37:17.251-03:00  WARN 8456 --- [docelivery] [nio-8080-exec-7] .m.m.a.ExceptionHandlerExceptionResolver : Resolved [org.springframework.web.servlet.resource.NoResourceFoundException: No static resource api/favoritos/produtos for request '/api/favoritos/produtos'.]
Hibernate: 
    select
        c1_0.id,
        c1_0.bairro,
        c1_0.cep,
        c1_0.cidade,
        c1_0.cod_status,
        c1_0.complemento,
        c1_0.cpf,
        c1_0.data_nascimento,
        c1_0.email,
        c1_0.endereco,
        c1_0.foto_perfil,
        c1_0.nome,
        c1_0.numero,
        c1_0.preferencias,
        c1_0.restricoes,
        c1_0.senha,
        c1_0.telefone,
        c1_0.tipo_usuario,
        c1_0.uf,
        c1_0.categoria,
        c1_0.promocao,
        c1_0.proprietario 
    from
        usuario c1_0 
    where
        c1_0.tipo_usuario='CONFEITEIRO'
Hibernate: 
    select
        u1_0.id,
        u1_0.tipo_usuario,
        u1_0.bairro,
        u1_0.cep,
        u1_0.cidade,
        u1_0.cod_status,
        u1_0.complemento,
        u1_0.cpf,
        u1_0.data_nascimento,
        u1_0.email,
        u1_0.endereco,
        u1_0.foto_perfil,
        u1_0.nome,
        u1_0.numero,
        u1_0.preferencias,
        u1_0.restricoes,
        u1_0.senha,
        u1_0.telefone,
        u1_0.tipo_usuario,
        u1_0.uf,
        u1_0.nivel_acesso,
        u1_0.apelido,
        u1_0.categoria,
        u1_0.promocao,
        u1_0.proprietario,
        u1_0.cnh,
        u1_0.placa_veiculo,
        u1_0.veiculo 
    from
        usuario u1_0 
    where
        u1_0.email=?
Hibernate: 
    select
        u1_0.id,
        u1_0.tipo_usuario,
        u1_0.bairro,
        u1_0.cep,
        u1_0.cidade,
        u1_0.cod_status,
        u1_0.complemento,
        u1_0.cpf,
        u1_0.data_nascimento,
        u1_0.email,
        u1_0.endereco,
        u1_0.foto_perfil,
        u1_0.nome,
        u1_0.numero,
        u1_0.preferencias,
        u1_0.restricoes,
        u1_0.senha,
        u1_0.telefone,
        u1_0.tipo_usuario,
        u1_0.uf,
        u1_0.nivel_acesso,
        u1_0.apelido,
        u1_0.categoria,
        u1_0.promocao,
        u1_0.proprietario,
        u1_0.cnh,
        u1_0.placa_veiculo,
        u1_0.veiculo 
    from
        usuario u1_0 
    where
        u1_0.email=?
Hibernate: 
    select
        c1_0.id,
        c1_0.bairro,
        c1_0.cep,
        c1_0.cidade,
        c1_0.cod_status,
        c1_0.complemento,
        c1_0.cpf,
        c1_0.data_nascimento,
        c1_0.email,
        c1_0.endereco,
        c1_0.foto_perfil,
        c1_0.nome,
        c1_0.numero,
        c1_0.preferencias,
        c1_0.restricoes,
        c1_0.senha,
        c1_0.telefone,
        c1_0.tipo_usuario,
        c1_0.uf,
        c1_0.categoria,
        c1_0.promocao,
        c1_0.proprietario 
    from
        usuario c1_0 
    where
        c1_0.tipo_usuario='CONFEITEIRO'
Hibernate: 
    select
        u1_0.id,
        u1_0.tipo_usuario,
        u1_0.bairro,
        u1_0.cep,
        u1_0.cidade,
        u1_0.cod_status,
        u1_0.complemento,
        u1_0.cpf,
        u1_0.data_nascimento,
        u1_0.email,
        u1_0.endereco,
        u1_0.foto_perfil,
        u1_0.nome,
        u1_0.numero,
        u1_0.preferencias,
        u1_0.restricoes,
        u1_0.senha,
        u1_0.telefone,
        u1_0.tipo_usuario,
        u1_0.uf,
        u1_0.nivel_acesso,
        u1_0.apelido,
        u1_0.categoria,
        u1_0.promocao,
        u1_0.proprietario,
        u1_0.cnh,
        u1_0.placa_veiculo,
        u1_0.veiculo 
    from
        usuario u1_0 
    where
        u1_0.email=?
Hibernate: 
    select
        l1_0.id,
        l1_0.cnpj,
        c1_0.id,
        c1_0.bairro,
        c1_0.cep,
        c1_0.cidade,
        c1_0.cod_status,
        c1_0.complemento,
        c1_0.cpf,
        c1_0.data_nascimento,
        c1_0.email,
        c1_0.endereco,
        c1_0.foto_perfil,
        c1_0.nome,
        c1_0.numero,
        c1_0.preferencias,
        c1_0.restricoes,
        c1_0.senha,
        c1_0.telefone,
        c1_0.tipo_usuario,
        c1_0.uf,
        c1_0.categoria,
        c1_0.promocao,
        c1_0.proprietario,
        l1_0.data_cadastro,
        l1_0.descricao,
        l1_0.endereco,
        l1_0.foto_url,
        l1_0.nome_fantasia,
        l1_0.status,
        l1_0.telefone 
    from
        loja l1_0 
    left join
        (select
            * from usuario t 
        where
            t.tipo_usuario='CONFEITEIRO') c1_0 
            on c1_0.id=l1_0.confeiteiro_id 
    where
        l1_0.confeiteiro_id=?
Hibernate: 
    select
        l1_0.id,
        l1_0.cnpj,
        c1_0.id,
        c1_0.bairro,
        c1_0.cep,
        c1_0.cidade,
        c1_0.cod_status,
        c1_0.complemento,
        c1_0.cpf,
        c1_0.data_nascimento,
        c1_0.email,
        c1_0.endereco,
        c1_0.foto_perfil,
        c1_0.nome,
        c1_0.numero,
        c1_0.preferencias,
        c1_0.restricoes,
        c1_0.senha,
        c1_0.telefone,
        c1_0.tipo_usuario,
        c1_0.uf,
        c1_0.categoria,
        c1_0.promocao,
        c1_0.proprietario,
        l1_0.data_cadastro,
        l1_0.descricao,
        l1_0.endereco,
        l1_0.foto_url,
        l1_0.nome_fantasia,
        l1_0.status,
        l1_0.telefone 
    from
        loja l1_0 
    left join
        (select
            * from usuario t 
        where
            t.tipo_usuario='CONFEITEIRO') c1_0 
            on c1_0.id=l1_0.confeiteiro_id 
    where
        l1_0.confeiteiro_id=?
Hibernate: 
    select
        l1_0.id,
        l1_0.cnpj,
        c1_0.id,
        c1_0.bairro,
        c1_0.cep,
        c1_0.cidade,
        c1_0.cod_status,
        c1_0.complemento,
        c1_0.cpf,
        c1_0.data_nascimento,
        c1_0.email,
        c1_0.endereco,
        c1_0.foto_perfil,
        c1_0.nome,
        c1_0.numero,
        c1_0.preferencias,
        c1_0.restricoes,
        c1_0.senha,
        c1_0.telefone,
        c1_0.tipo_usuario,
        c1_0.uf,
        c1_0.categoria,
        c1_0.promocao,
        c1_0.proprietario,
        l1_0.data_cadastro,
        l1_0.descricao,
        l1_0.endereco,
        l1_0.foto_url,
        l1_0.nome_fantasia,
        l1_0.status,
        l1_0.telefone 
    from
        loja l1_0 
    left join
        (select
            * from usuario t 
        where
            t.tipo_usuario='CONFEITEIRO') c1_0 
            on c1_0.id=l1_0.confeiteiro_id 
    where
        l1_0.confeiteiro_id=?
Hibernate: 
    select
        l1_0.id,
        l1_0.cnpj,
        c1_0.id,
        c1_0.bairro,
        c1_0.cep,
        c1_0.cidade,
        c1_0.cod_status,
        c1_0.complemento,
        c1_0.cpf,
        c1_0.data_nascimento,
        c1_0.email,
        c1_0.endereco,
        c1_0.foto_perfil,
        c1_0.nome,
        c1_0.numero,
        c1_0.preferencias,
        c1_0.restricoes,
        c1_0.senha,
        c1_0.telefone,
        c1_0.tipo_usuario,
        c1_0.uf,
        c1_0.categoria,
        c1_0.promocao,
        c1_0.proprietario,
        l1_0.data_cadastro,
        l1_0.descricao,
        l1_0.endereco,
        l1_0.foto_url,
        l1_0.nome_fantasia,
        l1_0.status,
        l1_0.telefone 
    from
        loja l1_0 
    left join
        (select
            * from usuario t 
        where
            t.tipo_usuario='CONFEITEIRO') c1_0 
            on c1_0.id=l1_0.confeiteiro_id 
    where
        l1_0.confeiteiro_id=?
Hibernate: 
    select
        l1_0.id,
        l1_0.cnpj,
        c1_0.id,
        c1_0.bairro,
        c1_0.cep,
        c1_0.cidade,
        c1_0.cod_status,
        c1_0.complemento,
        c1_0.cpf,
        c1_0.data_nascimento,
        c1_0.email,
        c1_0.endereco,
        c1_0.foto_perfil,
        c1_0.nome,
        c1_0.numero,
        c1_0.preferencias,
        c1_0.restricoes,
        c1_0.senha,
        c1_0.telefone,
        c1_0.tipo_usuario,
        c1_0.uf,
        c1_0.categoria,
        c1_0.promocao,
        c1_0.proprietario,
        l1_0.data_cadastro,
        l1_0.descricao,
        l1_0.endereco,
        l1_0.foto_url,
        l1_0.nome_fantasia,
        l1_0.status,
        l1_0.telefone 
    from
        loja l1_0 
    left join
        (select
            * from usuario t 
        where
            t.tipo_usuario='CONFEITEIRO') c1_0 
            on c1_0.id=l1_0.confeiteiro_id 
    where
        l1_0.confeiteiro_id=?
DEBUG: Filtro processado com sucesso para: bia@gmail.com | Permissões: [ROLE_CLIENTE]
2026-06-16T14:37:21.855-03:00  WARN 8456 --- [docelivery] [nio-8080-exec-9] .m.m.a.ExceptionHandlerExceptionResolver : Resolved [org.springframework.web.servlet.resource.NoResourceFoundException: No static resource api/favoritos/produtos for request '/api/favoritos/produtos'.]
DEBUG: Filtro processado com sucesso para: bia@gmail.com | Permissões: [ROLE_CLIENTE]
DEBUG: Filtro processado com sucesso para: bia@gmail.com | Permissões: [ROLE_CLIENTE]
2026-06-16T14:37:21.865-03:00  WARN 8456 --- [docelivery] [nio-8080-exec-4] .m.m.a.ExceptionHandlerExceptionResolver : Resolved [org.springframework.web.servlet.resource.NoResourceFoundException: No static resource api/favoritos/lojas for request '/api/favoritos/lojas'.]
Hibernate: 
    select
        u1_0.id,
        u1_0.tipo_usuario,
        u1_0.bairro,
        u1_0.cep,
        u1_0.cidade,
        u1_0.cod_status,
        u1_0.complemento,
        u1_0.cpf,
        u1_0.data_nascimento,
        u1_0.email,
        u1_0.endereco,
        u1_0.foto_perfil,
        u1_0.nome,
        u1_0.numero,
        u1_0.preferencias,
        u1_0.restricoes,
        u1_0.senha,
        u1_0.telefone,
        u1_0.tipo_usuario,
        u1_0.uf,
        u1_0.nivel_acesso,
        u1_0.apelido,
        u1_0.categoria,
        u1_0.promocao,
        u1_0.proprietario,
        u1_0.cnh,
        u1_0.placa_veiculo,
        u1_0.veiculo 
    from
        usuario u1_0 
    where
        u1_0.email=?
2026-06-16T14:37:21.865-03:00  WARN 8456 --- [docelivery] [io-8080-exec-10] .m.m.a.ExceptionHandlerExceptionResolver : Resolved [org.springframework.web.servlet.resource.NoResourceFoundException: No static resource api/favoritos/lojas for request '/api/favoritos/lojas'.]
Hibernate: 
    select
        u1_0.id,
        u1_0.tipo_usuario,
        u1_0.bairro,
        u1_0.cep,
        u1_0.cidade,
        u1_0.cod_status,
        u1_0.complemento,
        u1_0.cpf,
        u1_0.data_nascimento,
        u1_0.email,
        u1_0.endereco,
        u1_0.foto_perfil,
        u1_0.nome,
        u1_0.numero,
        u1_0.preferencias,
        u1_0.restricoes,
        u1_0.senha,
        u1_0.telefone,
        u1_0.tipo_usuario,
        u1_0.uf,
        u1_0.nivel_acesso,
        u1_0.apelido,
        u1_0.categoria,
        u1_0.promocao,
        u1_0.proprietario,
        u1_0.cnh,
        u1_0.placa_veiculo,
        u1_0.veiculo 
    from
        usuario u1_0 
    where
        u1_0.email=?
Hibernate: 
    select
        l1_0.id,
        l1_0.cnpj,
        c1_0.id,
        c1_0.bairro,
        c1_0.cep,
        c1_0.cidade,
        c1_0.cod_status,
        c1_0.complemento,
        c1_0.cpf,
        c1_0.data_nascimento,
        c1_0.email,
        c1_0.endereco,
        c1_0.foto_perfil,
        c1_0.nome,
        c1_0.numero,
        c1_0.preferencias,
        c1_0.restricoes,
        c1_0.senha,
        c1_0.telefone,
        c1_0.tipo_usuario,
        c1_0.uf,
        c1_0.categoria,
        c1_0.promocao,
        c1_0.proprietario,
        l1_0.data_cadastro,
        l1_0.descricao,
        l1_0.endereco,
        l1_0.foto_url,
        l1_0.nome_fantasia,
        l1_0.status,
        l1_0.telefone 
    from
        loja l1_0 
    left join
        (select
            * from usuario t 
        where
            t.tipo_usuario='CONFEITEIRO') c1_0 
            on c1_0.id=l1_0.confeiteiro_id 
    where
        l1_0.confeiteiro_id=?
Hibernate: 
    select
        l1_0.id,
        l1_0.cnpj,
        c1_0.id,
        c1_0.bairro,
        c1_0.cep,
        c1_0.cidade,
        c1_0.cod_status,
        c1_0.complemento,
        c1_0.cpf,
        c1_0.data_nascimento,
        c1_0.email,
        c1_0.endereco,
        c1_0.foto_perfil,
        c1_0.nome,
        c1_0.numero,
        c1_0.preferencias,
        c1_0.restricoes,
        c1_0.senha,
        c1_0.telefone,
        c1_0.tipo_usuario,
        c1_0.uf,
        c1_0.categoria,
        c1_0.promocao,
        c1_0.proprietario,
        l1_0.data_cadastro,
        l1_0.descricao,
        l1_0.endereco,
        l1_0.foto_url,
        l1_0.nome_fantasia,
        l1_0.status,
        l1_0.telefone 
    from
        loja l1_0 
    left join
        (select
            * from usuario t 
        where
            t.tipo_usuario='CONFEITEIRO') c1_0 
            on c1_0.id=l1_0.confeiteiro_id 
    where
        l1_0.confeiteiro_id=?
Hibernate: 
    select
        u1_0.id,
        u1_0.tipo_usuario,
        u1_0.bairro,
        u1_0.cep,
        u1_0.cidade,
        u1_0.cod_status,
        u1_0.complemento,
        u1_0.cpf,
        u1_0.data_nascimento,
        u1_0.email,
        u1_0.endereco,
        u1_0.foto_perfil,
        u1_0.nome,
        u1_0.numero,
        u1_0.preferencias,
        u1_0.restricoes,
        u1_0.senha,
        u1_0.telefone,
        u1_0.tipo_usuario,
        u1_0.uf,
        u1_0.nivel_acesso,
        u1_0.apelido,
        u1_0.categoria,
        u1_0.promocao,
        u1_0.proprietario,
        u1_0.cnh,
        u1_0.placa_veiculo,
        u1_0.veiculo 
    from
        usuario u1_0 
    where
        u1_0.email=?
Hibernate: 
    select
        l1_0.id,
        l1_0.cnpj,
        c1_0.id,
        c1_0.bairro,
        c1_0.cep,
        c1_0.cidade,
        c1_0.cod_status,
        c1_0.complemento,
        c1_0.cpf,
        c1_0.data_nascimento,
        c1_0.email,
        c1_0.endereco,
        c1_0.foto_perfil,
        c1_0.nome,
        c1_0.numero,
        c1_0.preferencias,
        c1_0.restricoes,
        c1_0.senha,
        c1_0.telefone,
        c1_0.tipo_usuario,
        c1_0.uf,
        c1_0.categoria,
        c1_0.promocao,
        c1_0.proprietario,
        l1_0.data_cadastro,
        l1_0.descricao,
        l1_0.endereco,
        l1_0.foto_url,
        l1_0.nome_fantasia,
        l1_0.status,
        l1_0.telefone 
    from
        loja l1_0 
    left join
        (select
            * from usuario t 
        where
            t.tipo_usuario='CONFEITEIRO') c1_0 
            on c1_0.id=l1_0.confeiteiro_id 
    where
        l1_0.confeiteiro_id=?
DEBUG: Filtro processado com sucesso para: bia@gmail.com | Permissões: [ROLE_CLIENTE]
DEBUG: Filtro processado com sucesso para: bia@gmail.com | Permissões: [ROLE_CLIENTE]
DEBUG: Filtro processado com sucesso para: bia@gmail.com | Permissões: [ROLE_CLIENTE]
Hibernate: 
    select
        c1_0.id,
        c1_0.bairro,
        c1_0.cep,
        c1_0.cidade,
        c1_0.cod_status,
        c1_0.complemento,
        c1_0.cpf,
        c1_0.data_nascimento,
        c1_0.email,
        c1_0.endereco,
        c1_0.foto_perfil,
        c1_0.nome,
        c1_0.numero,
        c1_0.preferencias,
        c1_0.restricoes,
        c1_0.senha,
        c1_0.telefone,
        c1_0.tipo_usuario,
        c1_0.uf,
        c1_0.categoria,
        c1_0.promocao,
        c1_0.proprietario 
    from
        usuario c1_0 
    where
        c1_0.tipo_usuario='CONFEITEIRO'
2026-06-16T14:37:21.905-03:00  WARN 8456 --- [docelivery] [nio-8080-exec-6] .m.m.a.ExceptionHandlerExceptionResolver : Resolved [org.springframework.web.servlet.resource.NoResourceFoundException: No static resource api/favoritos/lojas for request '/api/favoritos/lojas'.]
2026-06-16T14:37:21.905-03:00  WARN 8456 --- [docelivery] [nio-8080-exec-1] .m.m.a.ExceptionHandlerExceptionResolver : Resolved [org.springframework.web.servlet.resource.NoResourceFoundException: No static resource api/favoritos/produtos for request '/api/favoritos/produtos'.]
2026-06-16T14:37:21.908-03:00  WARN 8456 --- [docelivery] [nio-8080-exec-3] .m.m.a.ExceptionHandlerExceptionResolver : Resolved [org.springframework.web.servlet.resource.NoResourceFoundException: No static resource api/favoritos/produtos for request '/api/favoritos/produtos'.]
Hibernate: 
    select
        l1_0.id,
        l1_0.cnpj,
        c1_0.id,
        c1_0.bairro,
        c1_0.cep,
        c1_0.cidade,
        c1_0.cod_status,
        c1_0.complemento,
        c1_0.cpf,
        c1_0.data_nascimento,
        c1_0.email,
        c1_0.endereco,
        c1_0.foto_perfil,
        c1_0.nome,
        c1_0.numero,
        c1_0.preferencias,
        c1_0.restricoes,
        c1_0.senha,
        c1_0.telefone,
        c1_0.tipo_usuario,
        c1_0.uf,
        c1_0.categoria,
        c1_0.promocao,
        c1_0.proprietario,
        l1_0.data_cadastro,
        l1_0.descricao,
        l1_0.endereco,
        l1_0.foto_url,
        l1_0.nome_fantasia,
        l1_0.status,
        l1_0.telefone 
    from
        loja l1_0 
    left join
        (select
            * from usuario t 
        where
            t.tipo_usuario='CONFEITEIRO') c1_0 
            on c1_0.id=l1_0.confeiteiro_id 
    where
        l1_0.confeiteiro_id=?
Hibernate: 
    select
        u1_0.id,
        u1_0.tipo_usuario,
        u1_0.bairro,
        u1_0.cep,
        u1_0.cidade,
        u1_0.cod_status,
        u1_0.complemento,
        u1_0.cpf,
        u1_0.data_nascimento,
        u1_0.email,
        u1_0.endereco,
        u1_0.foto_perfil,
        u1_0.nome,
        u1_0.numero,
        u1_0.preferencias,
        u1_0.restricoes,
        u1_0.senha,
        u1_0.telefone,
        u1_0.tipo_usuario,
        u1_0.uf,
        u1_0.nivel_acesso,
        u1_0.apelido,
        u1_0.categoria,
        u1_0.promocao,
        u1_0.proprietario,
        u1_0.cnh,
        u1_0.placa_veiculo,
        u1_0.veiculo 
    from
        usuario u1_0 
    where
        u1_0.email=?
Hibernate: 
    select
        u1_0.id,
        u1_0.tipo_usuario,
        u1_0.bairro,
        u1_0.cep,
        u1_0.cidade,
        u1_0.cod_status,
        u1_0.complemento,
        u1_0.cpf,
        u1_0.data_nascimento,
        u1_0.email,
        u1_0.endereco,
        u1_0.foto_perfil,
        u1_0.nome,
        u1_0.numero,
        u1_0.preferencias,
        u1_0.restricoes,
        u1_0.senha,
        u1_0.telefone,
        u1_0.tipo_usuario,
        u1_0.uf,
        u1_0.nivel_acesso,
        u1_0.apelido,
        u1_0.categoria,
        u1_0.promocao,
        u1_0.proprietario,
        u1_0.cnh,
        u1_0.placa_veiculo,
        u1_0.veiculo 
    from
        usuario u1_0 
    where
        u1_0.email=?
Hibernate: 
    select
        l1_0.id,
        l1_0.cnpj,
        c1_0.id,
        c1_0.bairro,
        c1_0.cep,
        c1_0.cidade,
        c1_0.cod_status,
        c1_0.complemento,
        c1_0.cpf,
        c1_0.data_nascimento,
        c1_0.email,
        c1_0.endereco,
        c1_0.foto_perfil,
        c1_0.nome,
        c1_0.numero,
        c1_0.preferencias,
        c1_0.restricoes,
        c1_0.senha,
        c1_0.telefone,
        c1_0.tipo_usuario,
        c1_0.uf,
        c1_0.categoria,
        c1_0.promocao,
        c1_0.proprietario,
        l1_0.data_cadastro,
        l1_0.descricao,
        l1_0.endereco,
        l1_0.foto_url,
        l1_0.nome_fantasia,
        l1_0.status,
        l1_0.telefone 
    from
        loja l1_0 
    left join
        (select
            * from usuario t 
        where
            t.tipo_usuario='CONFEITEIRO') c1_0 
            on c1_0.id=l1_0.confeiteiro_id 
    where
        l1_0.confeiteiro_id=?
Hibernate: 
    select
        l1_0.id,
        l1_0.cnpj,
        c1_0.id,
        c1_0.bairro,
        c1_0.cep,
        c1_0.cidade,
        c1_0.cod_status,
        c1_0.complemento,
        c1_0.cpf,
        c1_0.data_nascimento,
        c1_0.email,
        c1_0.endereco,
        c1_0.foto_perfil,
        c1_0.nome,
        c1_0.numero,
        c1_0.preferencias,
        c1_0.restricoes,
        c1_0.senha,
        c1_0.telefone,
        c1_0.tipo_usuario,
        c1_0.uf,
        c1_0.categoria,
        c1_0.promocao,
        c1_0.proprietario,
        l1_0.data_cadastro,
        l1_0.descricao,
        l1_0.endereco,
        l1_0.foto_url,
        l1_0.nome_fantasia,
        l1_0.status,
        l1_0.telefone 
    from
        loja l1_0 
    left join
        (select
            * from usuario t 
        where
            t.tipo_usuario='CONFEITEIRO') c1_0 
            on c1_0.id=l1_0.confeiteiro_id 
    where
        l1_0.confeiteiro_id=?
DEBUG: Filtro processado com sucesso para: bia@gmail.com | Permissões: [ROLE_CLIENTE]
DEBUG: Filtro processado com sucesso para: bia@gmail.com | Permissões: [ROLE_CLIENTE]
2026-06-16T14:37:25.787-03:00  WARN 8456 --- [docelivery] [nio-8080-exec-7] .m.m.a.ExceptionHandlerExceptionResolver : Resolved [org.springframework.web.servlet.resource.NoResourceFoundException: No static resource api/favoritos/lojas for request '/api/favoritos/lojas'.]
2026-06-16T14:37:25.809-03:00  WARN 8456 --- [docelivery] [nio-8080-exec-8] .m.m.a.ExceptionHandlerExceptionResolver : Resolved [org.springframework.web.servlet.resource.NoResourceFoundException: No static resource api/favoritos/produtos for request '/api/favoritos/produtos'.]
Hibernate: 
    select
        u1_0.id,
        u1_0.tipo_usuario,
        u1_0.bairro,
        u1_0.cep,
        u1_0.cidade,
        u1_0.cod_status,
        u1_0.complemento,
        u1_0.cpf,
        u1_0.data_nascimento,
        u1_0.email,
        u1_0.endereco,
        u1_0.foto_perfil,
        u1_0.nome,
        u1_0.numero,
        u1_0.preferencias,
        u1_0.restricoes,
        u1_0.senha,
        u1_0.telefone,
        u1_0.tipo_usuario,
        u1_0.uf,
        u1_0.nivel_acesso,
        u1_0.apelido,
        u1_0.categoria,
        u1_0.promocao,
        u1_0.proprietario,
        u1_0.cnh,
        u1_0.placa_veiculo,
        u1_0.veiculo 
    from
        usuario u1_0 
    where
        u1_0.email=?
Hibernate: 
    select
        l1_0.id,
        l1_0.cnpj,
        c1_0.id,
        c1_0.bairro,
        c1_0.cep,
        c1_0.cidade,
        c1_0.cod_status,
        c1_0.complemento,
        c1_0.cpf,
        c1_0.data_nascimento,
        c1_0.email,
        c1_0.endereco,
        c1_0.foto_perfil,
        c1_0.nome,
        c1_0.numero,
        c1_0.preferencias,
        c1_0.restricoes,
        c1_0.senha,
        c1_0.telefone,
        c1_0.tipo_usuario,
        c1_0.uf,
        c1_0.categoria,
        c1_0.promocao,
        c1_0.proprietario,
        l1_0.data_cadastro,
        l1_0.descricao,
        l1_0.endereco,
        l1_0.foto_url,
        l1_0.nome_fantasia,
        l1_0.status,
        l1_0.telefone 
    from
        loja l1_0 
    left join
        (select
            * from usuario t 
        where
            t.tipo_usuario='CONFEITEIRO') c1_0 
            on c1_0.id=l1_0.confeiteiro_id 
    where
        l1_0.confeiteiro_id=?
DEBUG: Filtro processado com sucesso para: bia@gmail.com | Permissões: [ROLE_CLIENTE]
Hibernate: 
    select
        u1_0.id,
        u1_0.tipo_usuario,
        u1_0.bairro,
        u1_0.cep,
        u1_0.cidade,
        u1_0.cod_status,
        u1_0.complemento,
        u1_0.cpf,
        u1_0.data_nascimento,
        u1_0.email,
        u1_0.endereco,
        u1_0.foto_perfil,
        u1_0.nome,
        u1_0.numero,
        u1_0.preferencias,
        u1_0.restricoes,
        u1_0.senha,
        u1_0.telefone,
        u1_0.tipo_usuario,
        u1_0.uf,
        u1_0.nivel_acesso,
        u1_0.apelido,
        u1_0.categoria,
        u1_0.promocao,
        u1_0.proprietario,
        u1_0.cnh,
        u1_0.placa_veiculo,
        u1_0.veiculo 
    from
        usuario u1_0 
    where
        u1_0.email=?
2026-06-16T14:41:44.254-03:00  WARN 8456 --- [docelivery] [nio-8080-exec-9] .m.m.a.ExceptionHandlerExceptionResolver : Resolved [org.springframework.web.servlet.resource.NoResourceFoundException: No static resource api/favoritos/lojas for request '/api/favoritos/lojas'.]
Hibernate: 
    select
        l1_0.id,
        l1_0.cnpj,
        c1_0.id,
        c1_0.bairro,
        c1_0.cep,
        c1_0.cidade,
        c1_0.cod_status,
        c1_0.complemento,
        c1_0.cpf,
        c1_0.data_nascimento,
        c1_0.email,
        c1_0.endereco,
        c1_0.foto_perfil,
        c1_0.nome,
        c1_0.numero,
        c1_0.preferencias,
        c1_0.restricoes,
        c1_0.senha,
        c1_0.telefone,
        c1_0.tipo_usuario,
        c1_0.uf,
        c1_0.categoria,
        c1_0.promocao,
        c1_0.proprietario,
        l1_0.data_cadastro,
        l1_0.descricao,
        l1_0.endereco,
        l1_0.foto_url,
        l1_0.nome_fantasia,
        l1_0.status,
        l1_0.telefone 
    from
        loja l1_0 
    left join
        (select
            * from usuario t 
        where
            t.tipo_usuario='CONFEITEIRO') c1_0 
            on c1_0.id=l1_0.confeiteiro_id 
    where
        l1_0.confeiteiro_id=?
DEBUG: Filtro processado com sucesso para: bia@gmail.com | Permissões: [ROLE_CLIENTE]
2026-06-16T14:41:44.260-03:00  WARN 8456 --- [docelivery] [nio-8080-exec-4] .m.m.a.ExceptionHandlerExceptionResolver : Resolved [org.springframework.web.servlet.resource.NoResourceFoundException: No static resource api/favoritos/produtos for request '/api/favoritos/produtos'.]
Hibernate: 
    select
        u1_0.id,
        u1_0.tipo_usuario,
        u1_0.bairro,
        u1_0.cep,
        u1_0.cidade,
        u1_0.cod_status,
        u1_0.complemento,
        u1_0.cpf,
        u1_0.data_nascimento,
        u1_0.email,
        u1_0.endereco,
        u1_0.foto_perfil,
        u1_0.nome,
        u1_0.numero,
        u1_0.preferencias,
        u1_0.restricoes,
        u1_0.senha,
        u1_0.telefone,
        u1_0.tipo_usuario,
        u1_0.uf,
        u1_0.nivel_acesso,
        u1_0.apelido,
        u1_0.categoria,
        u1_0.promocao,
        u1_0.proprietario,
        u1_0.cnh,
        u1_0.placa_veiculo,
        u1_0.veiculo 
    from
        usuario u1_0 
    where
        u1_0.email=?
Hibernate: 
    select
        u1_0.id,
        u1_0.tipo_usuario,
        u1_0.bairro,
        u1_0.cep,
        u1_0.cidade,
        u1_0.cod_status,
        u1_0.complemento,
        u1_0.cpf,
        u1_0.data_nascimento,
        u1_0.email,
        u1_0.endereco,
        u1_0.foto_perfil,
        u1_0.nome,
        u1_0.numero,
        u1_0.preferencias,
        u1_0.restricoes,
        u1_0.senha,
        u1_0.telefone,
        u1_0.tipo_usuario,
        u1_0.uf,
        u1_0.nivel_acesso,
        u1_0.apelido,
        u1_0.categoria,
        u1_0.promocao,
        u1_0.proprietario,
        u1_0.cnh,
        u1_0.placa_veiculo,
        u1_0.veiculo 
    from
        usuario u1_0 
    where
        u1_0.email=?
Hibernate: 
    select
        l1_0.id,
        l1_0.cnpj,
        c1_0.id,
        c1_0.bairro,
        c1_0.cep,
        c1_0.cidade,
        c1_0.cod_status,
        c1_0.complemento,
        c1_0.cpf,
        c1_0.data_nascimento,
        c1_0.email,
        c1_0.endereco,
        c1_0.foto_perfil,
        c1_0.nome,
        c1_0.numero,
        c1_0.preferencias,
        c1_0.restricoes,
        c1_0.senha,
        c1_0.telefone,
        c1_0.tipo_usuario,
        c1_0.uf,
        c1_0.categoria,
        c1_0.promocao,
        c1_0.proprietario,
        l1_0.data_cadastro,
        l1_0.descricao,
        l1_0.endereco,
        l1_0.foto_url,
        l1_0.nome_fantasia,
        l1_0.status,
        l1_0.telefone 
    from
        loja l1_0 
    left join
        (select
            * from usuario t 
        where
            t.tipo_usuario='CONFEITEIRO') c1_0 
            on c1_0.id=l1_0.confeiteiro_id 
    where
        l1_0.confeiteiro_id=?
Hibernate: 
    select
        l1_0.id,
        l1_0.cnpj,
        c1_0.id,
        c1_0.bairro,
        c1_0.cep,
        c1_0.cidade,
        c1_0.cod_status,
        c1_0.complemento,
        c1_0.cpf,
        c1_0.data_nascimento,
        c1_0.email,
        c1_0.endereco,
        c1_0.foto_perfil,
        c1_0.nome,
        c1_0.numero,
        c1_0.preferencias,
        c1_0.restricoes,
        c1_0.senha,
        c1_0.telefone,
        c1_0.tipo_usuario,
        c1_0.uf,
        c1_0.categoria,
        c1_0.promocao,
        c1_0.proprietario,
        l1_0.data_cadastro,
        l1_0.descricao,
        l1_0.endereco,
        l1_0.foto_url,
        l1_0.nome_fantasia,
        l1_0.status,
        l1_0.telefone 
    from
        loja l1_0 
    left join
        (select
            * from usuario t 
        where
            t.tipo_usuario='CONFEITEIRO') c1_0 
            on c1_0.id=l1_0.confeiteiro_id 
    where
        l1_0.confeiteiro_id=?
DEBUG: Filtro processado com sucesso para: bia@gmail.com | Permissões: [ROLE_CLIENTE]
DEBUG: Filtro processado com sucesso para: bia@gmail.com | Permissões: [ROLE_CLIENTE]
2026-06-16T14:41:45.578-03:00  WARN 8456 --- [docelivery] [io-8080-exec-10] .m.m.a.ExceptionHandlerExceptionResolver : Resolved [org.springframework.web.servlet.resource.NoResourceFoundException: No static resource api/favoritos/produtos for request '/api/favoritos/produtos'.]
2026-06-16T14:41:45.578-03:00  WARN 8456 --- [docelivery] [nio-8080-exec-2] .m.m.a.ExceptionHandlerExceptionResolver : Resolved [org.springframework.web.servlet.resource.NoResourceFoundException: No static resource api/favoritos/lojas for request '/api/favoritos/lojas'.]
Hibernate: 
    select
        u1_0.id,
        u1_0.tipo_usuario,
        u1_0.bairro,
        u1_0.cep,
        u1_0.cidade,
        u1_0.cod_status,
        u1_0.complemento,
        u1_0.cpf,
        u1_0.data_nascimento,
        u1_0.email,
        u1_0.endereco,
        u1_0.foto_perfil,
        u1_0.nome,
        u1_0.numero,
        u1_0.preferencias,
        u1_0.restricoes,
        u1_0.senha,
        u1_0.telefone,
        u1_0.tipo_usuario,
        u1_0.uf,
        u1_0.nivel_acesso,
        u1_0.apelido,
        u1_0.categoria,
        u1_0.promocao,
        u1_0.proprietario,
        u1_0.cnh,
        u1_0.placa_veiculo,
        u1_0.veiculo 
    from
        usuario u1_0 
    where
        u1_0.email=?
Hibernate: 
    select
        l1_0.id,
        l1_0.cnpj,
        c1_0.id,
        c1_0.bairro,
        c1_0.cep,
        c1_0.cidade,
        c1_0.cod_status,
        c1_0.complemento,
        c1_0.cpf,
        c1_0.data_nascimento,
        c1_0.email,
        c1_0.endereco,
        c1_0.foto_perfil,
        c1_0.nome,
        c1_0.numero,
        c1_0.preferencias,
        c1_0.restricoes,
        c1_0.senha,
        c1_0.telefone,
        c1_0.tipo_usuario,
        c1_0.uf,
        c1_0.categoria,
        c1_0.promocao,
        c1_0.proprietario,
        l1_0.data_cadastro,
        l1_0.descricao,
        l1_0.endereco,
        l1_0.foto_url,
        l1_0.nome_fantasia,
        l1_0.status,
        l1_0.telefone 
    from
        loja l1_0 
    left join
        (select
            * from usuario t 
        where
            t.tipo_usuario='CONFEITEIRO') c1_0 
            on c1_0.id=l1_0.confeiteiro_id 
    where
        l1_0.confeiteiro_id=?
DEBUG: Filtro processado com sucesso para: bia@gmail.com | Permissões: [ROLE_CLIENTE]
LOG PERFIL: GET /api/cliente/perfil chamado
LOG PERFIL: Usuário autenticado: bia@gmail.com | Role: [ROLE_CLIENTE] | Tipo: CLIENTE
Hibernate: 
    select
        c1_0.id,
        c1_0.bairro,
        c1_0.cep,
        c1_0.cidade,
        c1_0.cod_status,
        c1_0.complemento,
        c1_0.cpf,
        c1_0.data_nascimento,
        c1_0.email,
        c1_0.endereco,
        c1_0.foto_perfil,
        l1_0.id,
        l1_0.cnpj,
        l1_0.confeiteiro_id,
        l1_0.data_cadastro,
        l1_0.descricao,
        l1_0.endereco,
        l1_0.foto_url,
        l1_0.nome_fantasia,
        l1_0.status,
        l1_0.telefone,
        c1_0.nome,
        c1_0.numero,
        c1_0.preferencias,
        c1_0.restricoes,
        c1_0.senha,
        c1_0.telefone,
        c1_0.tipo_usuario,
        c1_0.uf,
        c1_0.apelido 
    from
        usuario c1_0 
    left join
        loja l1_0 
            on c1_0.id=l1_0.confeiteiro_id 
    where
        c1_0.tipo_usuario='CLIENTE' 
        and c1_0.id=?
LOG CPF       : 19199467349
LOG DATA_NASC : 2007-07-19
LOG APELIDO   : Mari
LOG FOTO      : http://192.168.1.102:8080/uploads/fotos/perfil_2_1781629656670.jpg
LOG PREF      : ["Bolos","Cupcakes"]
LOG DTO CPF   : 19199467349
LOG DTO DATA  : 2007-07-19
LOG DTO JSON  : {"id":2,"nome":"Marina Gonçalves de Brito","apelido":"Mari","cpf":"19199467349","dataNascimento":"2007-07-19","email":"bia@gmail.com","telefone":"97675537678","cep":"06660485","logradouro":"Rua Francana","numero":"0","complemento":null,"bairro":"Vila Santa Rita","cidade":"Itapevi","estado":"SP","fotoPerfil":"http://192.168.1.102:8080/uploads/fotos/perfil_2_1781629656670.jpg","preferencias":["Bolos","Cupcakes"],"restricoes":["Sem Glúten","Sem Lactose"]}
Hibernate: 
    select
        c1_0.id,
        c1_0.bairro,
        c1_0.cep,
        c1_0.cidade,
        c1_0.cod_status,
        c1_0.complemento,
        c1_0.cpf,
        c1_0.data_nascimento,
        c1_0.email,
        c1_0.endereco,
        c1_0.foto_perfil,
        c1_0.nome,
        c1_0.numero,
        c1_0.preferencias,
        c1_0.restricoes,
        c1_0.senha,
        c1_0.telefone,
        c1_0.tipo_usuario,
        c1_0.uf,
        c1_0.categoria,
        c1_0.promocao,
        c1_0.proprietario 
    from
        usuario c1_0 
    where
        c1_0.tipo_usuario='CONFEITEIRO'
Hibernate: 
    select
        u1_0.id,
        u1_0.tipo_usuario,
        u1_0.bairro,
        u1_0.cep,
        u1_0.cidade,
        u1_0.cod_status,
        u1_0.complemento,
        u1_0.cpf,
        u1_0.data_nascimento,
        u1_0.email,
        u1_0.endereco,
        u1_0.foto_perfil,
        u1_0.nome,
        u1_0.numero,
        u1_0.preferencias,
        u1_0.restricoes,
        u1_0.senha,
        u1_0.telefone,
        u1_0.tipo_usuario,
        u1_0.uf,
        u1_0.nivel_acesso,
        u1_0.apelido,
        u1_0.categoria,
        u1_0.promocao,
        u1_0.proprietario,
        u1_0.cnh,
        u1_0.placa_veiculo,
        u1_0.veiculo 
    from
        usuario u1_0 
    where
        u1_0.email=?
Hibernate: 
    select
        u1_0.id,
        u1_0.tipo_usuario,
        u1_0.bairro,
        u1_0.cep,
        u1_0.cidade,
        u1_0.cod_status,
        u1_0.complemento,
        u1_0.cpf,
        u1_0.data_nascimento,
        u1_0.email,
        u1_0.endereco,
        u1_0.foto_perfil,
        u1_0.nome,
        u1_0.numero,
        u1_0.preferencias,
        u1_0.restricoes,
        u1_0.senha,
        u1_0.telefone,
        u1_0.tipo_usuario,
        u1_0.uf,
        u1_0.nivel_acesso,
        u1_0.apelido,
        u1_0.categoria,
        u1_0.promocao,
        u1_0.proprietario,
        u1_0.cnh,
        u1_0.placa_veiculo,
        u1_0.veiculo 
    from
        usuario u1_0 
    where
        u1_0.email=?
Hibernate: 
    select
        u1_0.id,
        u1_0.tipo_usuario,
        u1_0.bairro,
        u1_0.cep,
        u1_0.cidade,
        u1_0.cod_status,
        u1_0.complemento,
        u1_0.cpf,
        u1_0.data_nascimento,
        u1_0.email,
        u1_0.endereco,
        u1_0.foto_perfil,
        u1_0.nome,
        u1_0.numero,
        u1_0.preferencias,
        u1_0.restricoes,
        u1_0.senha,
        u1_0.telefone,
        u1_0.tipo_usuario,
        u1_0.uf,
        u1_0.nivel_acesso,
        u1_0.apelido,
        u1_0.categoria,
        u1_0.promocao,
        u1_0.proprietario,
        u1_0.cnh,
        u1_0.placa_veiculo,
        u1_0.veiculo 
    from
        usuario u1_0 
    where
        u1_0.email=?
Hibernate: 
    select
        l1_0.id,
        l1_0.cnpj,
        c1_0.id,
        c1_0.bairro,
        c1_0.cep,
        c1_0.cidade,
        c1_0.cod_status,
        c1_0.complemento,
        c1_0.cpf,
        c1_0.data_nascimento,
        c1_0.email,
        c1_0.endereco,
        c1_0.foto_perfil,
        c1_0.nome,
        c1_0.numero,
        c1_0.preferencias,
        c1_0.restricoes,
        c1_0.senha,
        c1_0.telefone,
        c1_0.tipo_usuario,
        c1_0.uf,
        c1_0.categoria,
        c1_0.promocao,
        c1_0.proprietario,
        l1_0.data_cadastro,
        l1_0.descricao,
        l1_0.endereco,
        l1_0.foto_url,
        l1_0.nome_fantasia,
        l1_0.status,
        l1_0.telefone 
    from
        loja l1_0 
    left join
        (select
            * from usuario t 
        where
            t.tipo_usuario='CONFEITEIRO') c1_0 
            on c1_0.id=l1_0.confeiteiro_id 
    where
        l1_0.confeiteiro_id=?
Hibernate: 
    select
        l1_0.id,
        l1_0.cnpj,
        c1_0.id,
        c1_0.bairro,
        c1_0.cep,
        c1_0.cidade,
        c1_0.cod_status,
        c1_0.complemento,
        c1_0.cpf,
        c1_0.data_nascimento,
        c1_0.email,
        c1_0.endereco,
        c1_0.foto_perfil,
        c1_0.nome,
        c1_0.numero,
        c1_0.preferencias,
        c1_0.restricoes,
        c1_0.senha,
        c1_0.telefone,
        c1_0.tipo_usuario,
        c1_0.uf,
        c1_0.categoria,
        c1_0.promocao,
        c1_0.proprietario,
        l1_0.data_cadastro,
        l1_0.descricao,
        l1_0.endereco,
        l1_0.foto_url,
        l1_0.nome_fantasia,
        l1_0.status,
        l1_0.telefone 
    from
        loja l1_0 
    left join
        (select
            * from usuario t 
        where
            t.tipo_usuario='CONFEITEIRO') c1_0 
            on c1_0.id=l1_0.confeiteiro_id 
    where
        l1_0.confeiteiro_id=?
DEBUG: Filtro processado com sucesso para: bia@gmail.com | Permissões: [ROLE_CLIENTE]
DEBUG: Filtro processado com sucesso para: bia@gmail.com | Permissões: [ROLE_CLIENTE]
Hibernate: 
    select
        l1_0.id,
        l1_0.cnpj,
        c1_0.id,
        c1_0.bairro,
        c1_0.cep,
        c1_0.cidade,
        c1_0.cod_status,
        c1_0.complemento,
        c1_0.cpf,
        c1_0.data_nascimento,
        c1_0.email,
        c1_0.endereco,
        c1_0.foto_perfil,
        c1_0.nome,
        c1_0.numero,
        c1_0.preferencias,
        c1_0.restricoes,
        c1_0.senha,
        c1_0.telefone,
        c1_0.tipo_usuario,
        c1_0.uf,
        c1_0.categoria,
        c1_0.promocao,
        c1_0.proprietario,
        l1_0.data_cadastro,
        l1_0.descricao,
        l1_0.endereco,
        l1_0.foto_url,
        l1_0.nome_fantasia,
        l1_0.status,
        l1_0.telefone 
    from
        loja l1_0 
    left join
        (select
            * from usuario t 
        where
            t.tipo_usuario='CONFEITEIRO') c1_0 
            on c1_0.id=l1_0.confeiteiro_id 
    where
        l1_0.confeiteiro_id=?
Hibernate: 
    select
        c1_0.id,
        c1_0.bairro,
        c1_0.cep,
        c1_0.cidade,
        c1_0.cod_status,
        c1_0.complemento,
        c1_0.cpf,
        c1_0.data_nascimento,
        c1_0.email,
        c1_0.endereco,
        c1_0.foto_perfil,
        c1_0.nome,
        c1_0.numero,
        c1_0.preferencias,
        c1_0.restricoes,
        c1_0.senha,
        c1_0.telefone,
        c1_0.tipo_usuario,
        c1_0.uf,
        c1_0.categoria,
        c1_0.promocao,
        c1_0.proprietario 
    from
        usuario c1_0 
    where
        c1_0.tipo_usuario='CONFEITEIRO'
Hibernate: 
    select
        l1_0.id,
        l1_0.cnpj,
        c1_0.id,
        c1_0.bairro,
        c1_0.cep,
        c1_0.cidade,
        c1_0.cod_status,
        c1_0.complemento,
        c1_0.cpf,
        c1_0.data_nascimento,
        c1_0.email,
        c1_0.endereco,
        c1_0.foto_perfil,
        c1_0.nome,
        c1_0.numero,
        c1_0.preferencias,
        c1_0.restricoes,
        c1_0.senha,
        c1_0.telefone,
        c1_0.tipo_usuario,
        c1_0.uf,
        c1_0.categoria,
        c1_0.promocao,
        c1_0.proprietario,
        l1_0.data_cadastro,
        l1_0.descricao,
        l1_0.endereco,
        l1_0.foto_url,
        l1_0.nome_fantasia,
        l1_0.status,
        l1_0.telefone 
    from
        loja l1_0 
    left join
        (select
            * from usuario t 
        where
            t.tipo_usuario='CONFEITEIRO') c1_0 
            on c1_0.id=l1_0.confeiteiro_id 
    where
        l1_0.confeiteiro_id=?
2026-06-16T14:41:55.734-03:00  WARN 8456 --- [docelivery] [nio-8080-exec-9] .m.m.a.ExceptionHandlerExceptionResolver : Resolved [org.springframework.web.servlet.resource.NoResourceFoundException: No static resource api/favoritos/lojas for request '/api/favoritos/lojas'.]
DEBUG: Filtro processado com sucesso para: bia@gmail.com | Permissões: [ROLE_CLIENTE]
2026-06-16T14:41:55.737-03:00  WARN 8456 --- [docelivery] [nio-8080-exec-5] .m.m.a.ExceptionHandlerExceptionResolver : Resolved [org.springframework.web.servlet.resource.NoResourceFoundException: No static resource api/favoritos/lojas for request '/api/favoritos/lojas'.]
2026-06-16T14:41:55.743-03:00  WARN 8456 --- [docelivery] [nio-8080-exec-7] .m.m.a.ExceptionHandlerExceptionResolver : Resolved [org.springframework.web.servlet.resource.NoResourceFoundException: No static resource api/favoritos/produtos for request '/api/favoritos/produtos'.]
Hibernate: 
    select
        u1_0.id,
        u1_0.tipo_usuario,
        u1_0.bairro,
        u1_0.cep,
        u1_0.cidade,
        u1_0.cod_status,
        u1_0.complemento,
        u1_0.cpf,
        u1_0.data_nascimento,
        u1_0.email,
        u1_0.endereco,
        u1_0.foto_perfil,
        u1_0.nome,
        u1_0.numero,
        u1_0.preferencias,
        u1_0.restricoes,
        u1_0.senha,
        u1_0.telefone,
        u1_0.tipo_usuario,
        u1_0.uf,
        u1_0.nivel_acesso,
        u1_0.apelido,
        u1_0.categoria,
        u1_0.promocao,
        u1_0.proprietario,
        u1_0.cnh,
        u1_0.placa_veiculo,
        u1_0.veiculo 
    from
        usuario u1_0 
    where
        u1_0.email=?
Hibernate: 
    select
        c1_0.id,
        c1_0.bairro,
        c1_0.cep,
        c1_0.cidade,
        c1_0.cod_status,
        c1_0.complemento,
        c1_0.cpf,
        c1_0.data_nascimento,
        c1_0.email,
        c1_0.endereco,
        c1_0.foto_perfil,
        c1_0.nome,
        c1_0.numero,
        c1_0.preferencias,
        c1_0.restricoes,
        c1_0.senha,
        c1_0.telefone,
        c1_0.tipo_usuario,
        c1_0.uf,
        c1_0.categoria,
        c1_0.promocao,
        c1_0.proprietario 
    from
        usuario c1_0 
    where
        c1_0.tipo_usuario='CONFEITEIRO'
Hibernate: 
    select
        l1_0.id,
        l1_0.cnpj,
        c1_0.id,
        c1_0.bairro,
        c1_0.cep,
        c1_0.cidade,
        c1_0.cod_status,
        c1_0.complemento,
        c1_0.cpf,
        c1_0.data_nascimento,
        c1_0.email,
        c1_0.endereco,
        c1_0.foto_perfil,
        c1_0.nome,
        c1_0.numero,
        c1_0.preferencias,
        c1_0.restricoes,
        c1_0.senha,
        c1_0.telefone,
        c1_0.tipo_usuario,
        c1_0.uf,
        c1_0.categoria,
        c1_0.promocao,
        c1_0.proprietario,
        l1_0.data_cadastro,
        l1_0.descricao,
        l1_0.endereco,
        l1_0.foto_url,
        l1_0.nome_fantasia,
        l1_0.status,
        l1_0.telefone 
    from
        loja l1_0 
    left join
        (select
            * from usuario t 
        where
            t.tipo_usuario='CONFEITEIRO') c1_0 
            on c1_0.id=l1_0.confeiteiro_id 
    where
        l1_0.confeiteiro_id=?
DEBUG: Filtro processado com sucesso para: bia@gmail.com | Permissões: [ROLE_CLIENTE]
Hibernate: 
    select
        l1_0.id,
        l1_0.cnpj,
        c1_0.id,
        c1_0.bairro,
        c1_0.cep,
        c1_0.cidade,
        c1_0.cod_status,
        c1_0.complemento,
        c1_0.cpf,
        c1_0.data_nascimento,
        c1_0.email,
        c1_0.endereco,
        c1_0.foto_perfil,
        c1_0.nome,
        c1_0.numero,
        c1_0.preferencias,
        c1_0.restricoes,
        c1_0.senha,
        c1_0.telefone,
        c1_0.tipo_usuario,
        c1_0.uf,
        c1_0.categoria,
        c1_0.promocao,
        c1_0.proprietario,
        l1_0.data_cadastro,
        l1_0.descricao,
        l1_0.endereco,
        l1_0.foto_url,
        l1_0.nome_fantasia,
        l1_0.status,
        l1_0.telefone 
    from
        loja l1_0 
    left join
        (select
            * from usuario t 
        where
            t.tipo_usuario='CONFEITEIRO') c1_0 
            on c1_0.id=l1_0.confeiteiro_id 
    where
        l1_0.confeiteiro_id=?
Hibernate: 
    select
        l1_0.id,
        l1_0.cnpj,
        c1_0.id,
        c1_0.bairro,
        c1_0.cep,
        c1_0.cidade,
        c1_0.cod_status,
        c1_0.complemento,
        c1_0.cpf,
        c1_0.data_nascimento,
        c1_0.email,
        c1_0.endereco,
        c1_0.foto_perfil,
        c1_0.nome,
        c1_0.numero,
        c1_0.preferencias,
        c1_0.restricoes,
        c1_0.senha,
        c1_0.telefone,
        c1_0.tipo_usuario,
        c1_0.uf,
        c1_0.categoria,
        c1_0.promocao,
        c1_0.proprietario,
        l1_0.data_cadastro,
        l1_0.descricao,
        l1_0.endereco,
        l1_0.foto_url,
        l1_0.nome_fantasia,
        l1_0.status,
        l1_0.telefone 
    from
        loja l1_0 
    left join
        (select
            * from usuario t 
        where
            t.tipo_usuario='CONFEITEIRO') c1_0 
            on c1_0.id=l1_0.confeiteiro_id 
    where
        l1_0.confeiteiro_id=?
2026-06-16T14:41:55.782-03:00  WARN 8456 --- [docelivery] [io-8080-exec-10] .m.m.a.ExceptionHandlerExceptionResolver : Resolved [org.springframework.web.servlet.resource.NoResourceFoundException: No static resource api/favoritos/lojas for request '/api/favoritos/lojas'.]
Hibernate: 
    select
        u1_0.id,
        u1_0.tipo_usuario,
        u1_0.bairro,
        u1_0.cep,
        u1_0.cidade,
        u1_0.cod_status,
        u1_0.complemento,
        u1_0.cpf,
        u1_0.data_nascimento,
        u1_0.email,
        u1_0.endereco,
        u1_0.foto_perfil,
        u1_0.nome,
        u1_0.numero,
        u1_0.preferencias,
        u1_0.restricoes,
        u1_0.senha,
        u1_0.telefone,
        u1_0.tipo_usuario,
        u1_0.uf,
        u1_0.nivel_acesso,
        u1_0.apelido,
        u1_0.categoria,
        u1_0.promocao,
        u1_0.proprietario,
        u1_0.cnh,
        u1_0.placa_veiculo,
        u1_0.veiculo 
    from
        usuario u1_0 
    where
        u1_0.email=?
Hibernate: 
    select
        u1_0.id,
        u1_0.tipo_usuario,
        u1_0.bairro,
        u1_0.cep,
        u1_0.cidade,
        u1_0.cod_status,
        u1_0.complemento,
        u1_0.cpf,
        u1_0.data_nascimento,
        u1_0.email,
        u1_0.endereco,
        u1_0.foto_perfil,
        u1_0.nome,
        u1_0.numero,
        u1_0.preferencias,
        u1_0.restricoes,
        u1_0.senha,
        u1_0.telefone,
        u1_0.tipo_usuario,
        u1_0.uf,
        u1_0.nivel_acesso,
        u1_0.apelido,
        u1_0.categoria,
        u1_0.promocao,
        u1_0.proprietario,
        u1_0.cnh,
        u1_0.placa_veiculo,
        u1_0.veiculo 
    from
        usuario u1_0 
    where
        u1_0.email=?
Hibernate: 
    select
        l1_0.id,
        l1_0.cnpj,
        c1_0.id,
        c1_0.bairro,
        c1_0.cep,
        c1_0.cidade,
        c1_0.cod_status,
        c1_0.complemento,
        c1_0.cpf,
        c1_0.data_nascimento,
        c1_0.email,
        c1_0.endereco,
        c1_0.foto_perfil,
        c1_0.nome,
        c1_0.numero,
        c1_0.preferencias,
        c1_0.restricoes,
        c1_0.senha,
        c1_0.telefone,
        c1_0.tipo_usuario,
        c1_0.uf,
        c1_0.categoria,
        c1_0.promocao,
        c1_0.proprietario,
        l1_0.data_cadastro,
        l1_0.descricao,
        l1_0.endereco,
        l1_0.foto_url,
        l1_0.nome_fantasia,
        l1_0.status,
        l1_0.telefone 
    from
        loja l1_0 
    left join
        (select
            * from usuario t 
        where
            t.tipo_usuario='CONFEITEIRO') c1_0 
            on c1_0.id=l1_0.confeiteiro_id 
    where
        l1_0.confeiteiro_id=?
DEBUG: Filtro processado com sucesso para: bia@gmail.com | Permissões: [ROLE_CLIENTE]
2026-06-16T14:41:59.818-03:00  WARN 8456 --- [docelivery] [nio-8080-exec-6] .m.m.a.ExceptionHandlerExceptionResolver : Resolved [org.springframework.web.servlet.resource.NoResourceFoundException: No static resource api/favoritos/produtos for request '/api/favoritos/produtos'.]
Hibernate: 
    select
        l1_0.id,
        l1_0.cnpj,
        c1_0.id,
        c1_0.bairro,
        c1_0.cep,
        c1_0.cidade,
        c1_0.cod_status,
        c1_0.complemento,
        c1_0.cpf,
        c1_0.data_nascimento,
        c1_0.email,
        c1_0.endereco,
        c1_0.foto_perfil,
        c1_0.nome,
        c1_0.numero,
        c1_0.preferencias,
        c1_0.restricoes,
        c1_0.senha,
        c1_0.telefone,
        c1_0.tipo_usuario,
        c1_0.uf,
        c1_0.categoria,
        c1_0.promocao,
        c1_0.proprietario,
        l1_0.data_cadastro,
        l1_0.descricao,
        l1_0.endereco,
        l1_0.foto_url,
        l1_0.nome_fantasia,
        l1_0.status,
        l1_0.telefone 
    from
        loja l1_0 
    left join
        (select
            * from usuario t 
        where
            t.tipo_usuario='CONFEITEIRO') c1_0 
            on c1_0.id=l1_0.confeiteiro_id 
    where
        l1_0.confeiteiro_id=?
DEBUG: Filtro processado com sucesso para: bia@gmail.com | Permissões: [ROLE_CLIENTE]
2026-06-16T14:41:59.839-03:00  WARN 8456 --- [docelivery] [nio-8080-exec-2] .m.m.a.ExceptionHandlerExceptionResolver : Resolved [org.springframework.web.servlet.resource.NoResourceFoundException: No static resource api/favoritos/lojas for request '/api/favoritos/lojas'.]
Hibernate: 
    select
        u1_0.id,
        u1_0.tipo_usuario,
        u1_0.bairro,
        u1_0.cep,
        u1_0.cidade,
        u1_0.cod_status,
        u1_0.complemento,
        u1_0.cpf,
        u1_0.data_nascimento,
        u1_0.email,
        u1_0.endereco,
        u1_0.foto_perfil,
        u1_0.nome,
        u1_0.numero,
        u1_0.preferencias,
        u1_0.restricoes,
        u1_0.senha,
        u1_0.telefone,
        u1_0.tipo_usuario,
        u1_0.uf,
        u1_0.nivel_acesso,
        u1_0.apelido,
        u1_0.categoria,
        u1_0.promocao,
        u1_0.proprietario,
        u1_0.cnh,
        u1_0.placa_veiculo,
        u1_0.veiculo 
    from
        usuario u1_0 
    where
        u1_0.email=?
Hibernate: 
    select
        l1_0.id,
        l1_0.cnpj,
        c1_0.id,
        c1_0.bairro,
        c1_0.cep,
        c1_0.cidade,
        c1_0.cod_status,
        c1_0.complemento,
        c1_0.cpf,
        c1_0.data_nascimento,
        c1_0.email,
        c1_0.endereco,
        c1_0.foto_perfil,
        c1_0.nome,
        c1_0.numero,
        c1_0.preferencias,
        c1_0.restricoes,
        c1_0.senha,
        c1_0.telefone,
        c1_0.tipo_usuario,
        c1_0.uf,
        c1_0.categoria,
        c1_0.promocao,
        c1_0.proprietario,
        l1_0.data_cadastro,
        l1_0.descricao,
        l1_0.endereco,
        l1_0.foto_url,
        l1_0.nome_fantasia,
        l1_0.status,
        l1_0.telefone 
    from
        loja l1_0 
    left join
        (select
            * from usuario t 
        where
            t.tipo_usuario='CONFEITEIRO') c1_0 
            on c1_0.id=l1_0.confeiteiro_id 
    where
        l1_0.confeiteiro_id=?
DEBUG: Filtro processado com sucesso para: bia@gmail.com | Permissões: [ROLE_CLIENTE]
2026-06-16T14:42:41.687-03:00  WARN 8456 --- [docelivery] [nio-8080-exec-1] .m.m.a.ExceptionHandlerExceptionResolver : Resolved [org.springframework.web.servlet.resource.NoResourceFoundException: No static resource api/favoritos/lojas/1 for request '/api/favoritos/lojas/1'.]
Hibernate: 
    select
        u1_0.id,
        u1_0.tipo_usuario,
        u1_0.bairro,
        u1_0.cep,
        u1_0.cidade,
        u1_0.cod_status,
        u1_0.complemento,
        u1_0.cpf,
        u1_0.data_nascimento,
        u1_0.email,
        u1_0.endereco,
        u1_0.foto_perfil,
        u1_0.nome,
        u1_0.numero,
        u1_0.preferencias,
        u1_0.restricoes,
        u1_0.senha,
        u1_0.telefone,
        u1_0.tipo_usuario,
        u1_0.uf,
        u1_0.nivel_acesso,
        u1_0.apelido,
        u1_0.categoria,
        u1_0.promocao,
        u1_0.proprietario,
        u1_0.cnh,
        u1_0.placa_veiculo,
        u1_0.veiculo 
    from
        usuario u1_0 
    where
        u1_0.email=?
Hibernate: 
    select
        u1_0.id,
        u1_0.tipo_usuario,
        u1_0.bairro,
        u1_0.cep,
        u1_0.cidade,
        u1_0.cod_status,
        u1_0.complemento,
        u1_0.cpf,
        u1_0.data_nascimento,
        u1_0.email,
        u1_0.endereco,
        u1_0.foto_perfil,
        u1_0.nome,
        u1_0.numero,
        u1_0.preferencias,
        u1_0.restricoes,
        u1_0.senha,
        u1_0.telefone,
        u1_0.tipo_usuario,
        u1_0.uf,
        u1_0.nivel_acesso,
        u1_0.apelido,
        u1_0.categoria,
        u1_0.promocao,
        u1_0.proprietario,
        u1_0.cnh,
        u1_0.placa_veiculo,
        u1_0.veiculo 
    from
        usuario u1_0 
    where
        u1_0.email=?
Hibernate: 
    select
        l1_0.id,
        l1_0.cnpj,
        c1_0.id,
        c1_0.bairro,
        c1_0.cep,
        c1_0.cidade,
        c1_0.cod_status,
        c1_0.complemento,
        c1_0.cpf,
        c1_0.data_nascimento,
        c1_0.email,
        c1_0.endereco,
        c1_0.foto_perfil,
        c1_0.nome,
        c1_0.numero,
        c1_0.preferencias,
        c1_0.restricoes,
        c1_0.senha,
        c1_0.telefone,
        c1_0.tipo_usuario,
        c1_0.uf,
        c1_0.categoria,
        c1_0.promocao,
        c1_0.proprietario,
        l1_0.data_cadastro,
        l1_0.descricao,
        l1_0.endereco,
        l1_0.foto_url,
        l1_0.nome_fantasia,
        l1_0.status,
        l1_0.telefone 
    from
        loja l1_0 
    left join
        (select
            * from usuario t 
        where
            t.tipo_usuario='CONFEITEIRO') c1_0 
            on c1_0.id=l1_0.confeiteiro_id 
    where
        l1_0.confeiteiro_id=?
Hibernate: 
    select
        l1_0.id,
        l1_0.cnpj,
        c1_0.id,
        c1_0.bairro,
        c1_0.cep,
        c1_0.cidade,
        c1_0.cod_status,
        c1_0.complemento,
        c1_0.cpf,
        c1_0.data_nascimento,
        c1_0.email,
        c1_0.endereco,
        c1_0.foto_perfil,
        c1_0.nome,
        c1_0.numero,
        c1_0.preferencias,
        c1_0.restricoes,
        c1_0.senha,
        c1_0.telefone,
        c1_0.tipo_usuario,
        c1_0.uf,
        c1_0.categoria,
        c1_0.promocao,
        c1_0.proprietario,
        l1_0.data_cadastro,
        l1_0.descricao,
        l1_0.endereco,
        l1_0.foto_url,
        l1_0.nome_fantasia,
        l1_0.status,
        l1_0.telefone 
    from
        loja l1_0 
    left join
        (select
            * from usuario t 
        where
            t.tipo_usuario='CONFEITEIRO') c1_0 
            on c1_0.id=l1_0.confeiteiro_id 
    where
        l1_0.confeiteiro_id=?
DEBUG: Filtro processado com sucesso para: bia@gmail.com | Permissões: [ROLE_CLIENTE]
DEBUG: Filtro processado com sucesso para: bia@gmail.com | Permissões: [ROLE_CLIENTE]
2026-06-16T14:42:42.782-03:00  WARN 8456 --- [docelivery] [nio-8080-exec-9] .m.m.a.ExceptionHandlerExceptionResolver : Resolved [org.springframework.web.servlet.resource.NoResourceFoundException: No static resource api/favoritos/produtos for request '/api/favoritos/produtos'.]
2026-06-16T14:42:42.787-03:00  WARN 8456 --- [docelivery] [nio-8080-exec-5] .m.m.a.ExceptionHandlerExceptionResolver : Resolved [org.springframework.web.servlet.resource.NoResourceFoundException: No static resource api/favoritos/lojas for request '/api/favoritos/lojas'.]
Hibernate: 
    select
        u1_0.id,
        u1_0.tipo_usuario,
        u1_0.bairro,
        u1_0.cep,
        u1_0.cidade,
        u1_0.cod_status,
        u1_0.complemento,
        u1_0.cpf,
        u1_0.data_nascimento,
        u1_0.email,
        u1_0.endereco,
        u1_0.foto_perfil,
        u1_0.nome,
        u1_0.numero,
        u1_0.preferencias,
        u1_0.restricoes,
        u1_0.senha,
        u1_0.telefone,
        u1_0.tipo_usuario,
        u1_0.uf,
        u1_0.nivel_acesso,
        u1_0.apelido,
        u1_0.categoria,
        u1_0.promocao,
        u1_0.proprietario,
        u1_0.cnh,
        u1_0.placa_veiculo,
        u1_0.veiculo 
    from
        usuario u1_0 
    where
        u1_0.email=?
Hibernate: 
    select
        l1_0.id,
        l1_0.cnpj,
        c1_0.id,
        c1_0.bairro,
        c1_0.cep,
        c1_0.cidade,
        c1_0.cod_status,
        c1_0.complemento,
        c1_0.cpf,
        c1_0.data_nascimento,
        c1_0.email,
        c1_0.endereco,
        c1_0.foto_perfil,
        c1_0.nome,
        c1_0.numero,
        c1_0.preferencias,
        c1_0.restricoes,
        c1_0.senha,
        c1_0.telefone,
        c1_0.tipo_usuario,
        c1_0.uf,
        c1_0.categoria,
        c1_0.promocao,
        c1_0.proprietario,
        l1_0.data_cadastro,
        l1_0.descricao,
        l1_0.endereco,
        l1_0.foto_url,
        l1_0.nome_fantasia,
        l1_0.status,
        l1_0.telefone 
    from
        loja l1_0 
    left join
        (select
            * from usuario t 
        where
            t.tipo_usuario='CONFEITEIRO') c1_0 
            on c1_0.id=l1_0.confeiteiro_id 
    where
        l1_0.confeiteiro_id=?
DEBUG: Filtro processado com sucesso para: bia@gmail.com | Permissões: [ROLE_CLIENTE]
2026-06-16T14:42:48.605-03:00  WARN 8456 --- [docelivery] [nio-8080-exec-7] .m.m.a.ExceptionHandlerExceptionResolver : Resolved [org.springframework.web.servlet.resource.NoResourceFoundException: No static resource api/favoritos/lojas/1 for request '/api/favoritos/lojas/1'.]
Hibernate: 
    select
        u1_0.id,
        u1_0.tipo_usuario,
        u1_0.bairro,
        u1_0.cep,
        u1_0.cidade,
        u1_0.cod_status,
        u1_0.complemento,
        u1_0.cpf,
        u1_0.data_nascimento,
        u1_0.email,
        u1_0.endereco,
        u1_0.foto_perfil,
        u1_0.nome,
        u1_0.numero,
        u1_0.preferencias,
        u1_0.restricoes,
        u1_0.senha,
        u1_0.telefone,
        u1_0.tipo_usuario,
        u1_0.uf,
        u1_0.nivel_acesso,
        u1_0.apelido,
        u1_0.categoria,
        u1_0.promocao,
        u1_0.proprietario,
        u1_0.cnh,
        u1_0.placa_veiculo,
        u1_0.veiculo 
    from
        usuario u1_0 
    where
        u1_0.email=?
Hibernate: 
    select
        l1_0.id,
        l1_0.cnpj,
        c1_0.id,
        c1_0.bairro,
        c1_0.cep,
        c1_0.cidade,
        c1_0.cod_status,
        c1_0.complemento,
        c1_0.cpf,
        c1_0.data_nascimento,
        c1_0.email,
        c1_0.endereco,
        c1_0.foto_perfil,
        c1_0.nome,
        c1_0.numero,
        c1_0.preferencias,
        c1_0.restricoes,
        c1_0.senha,
        c1_0.telefone,
        c1_0.tipo_usuario,
        c1_0.uf,
        c1_0.categoria,
        c1_0.promocao,
        c1_0.proprietario,
        l1_0.data_cadastro,
        l1_0.descricao,
        l1_0.endereco,
        l1_0.foto_url,
        l1_0.nome_fantasia,
        l1_0.status,
        l1_0.telefone 
    from
        loja l1_0 
    left join
        (select
            * from usuario t 
        where
            t.tipo_usuario='CONFEITEIRO') c1_0 
            on c1_0.id=l1_0.confeiteiro_id 
    where
        l1_0.confeiteiro_id=?
DEBUG: Filtro processado com sucesso para: bia@gmail.com | Permissões: [ROLE_CLIENTE]
2026-06-16T14:42:50.671-03:00  WARN 8456 --- [docelivery] [nio-8080-exec-3] .m.m.a.ExceptionHandlerExceptionResolver : Resolved [org.springframework.web.servlet.resource.NoResourceFoundException: No static resource api/favoritos/produtos/1 for request '/api/favoritos/produtos/1'.]
Hibernate: 
    select
        u1_0.id,
        u1_0.tipo_usuario,
        u1_0.bairro,
        u1_0.cep,
        u1_0.cidade,
        u1_0.cod_status,
        u1_0.complemento,
        u1_0.cpf,
        u1_0.data_nascimento,
        u1_0.email,
        u1_0.endereco,
        u1_0.foto_perfil,
        u1_0.nome,
        u1_0.numero,
        u1_0.preferencias,
        u1_0.restricoes,
        u1_0.senha,
        u1_0.telefone,
        u1_0.tipo_usuario,
        u1_0.uf,
        u1_0.nivel_acesso,
        u1_0.apelido,
        u1_0.categoria,
        u1_0.promocao,
        u1_0.proprietario,
        u1_0.cnh,
        u1_0.placa_veiculo,
        u1_0.veiculo 
    from
        usuario u1_0 
    where
        u1_0.email=?
Hibernate: 
    select
        l1_0.id,
        l1_0.cnpj,
        c1_0.id,
        c1_0.bairro,
        c1_0.cep,
        c1_0.cidade,
        c1_0.cod_status,
        c1_0.complemento,
        c1_0.cpf,
        c1_0.data_nascimento,
        c1_0.email,
        c1_0.endereco,
        c1_0.foto_perfil,
        c1_0.nome,
        c1_0.numero,
        c1_0.preferencias,
        c1_0.restricoes,
        c1_0.senha,
        c1_0.telefone,
        c1_0.tipo_usuario,
        c1_0.uf,
        c1_0.categoria,
        c1_0.promocao,
        c1_0.proprietario,
        l1_0.data_cadastro,
        l1_0.descricao,
        l1_0.endereco,
        l1_0.foto_url,
        l1_0.nome_fantasia,
        l1_0.status,
        l1_0.telefone 
    from
        loja l1_0 
    left join
        (select
            * from usuario t 
        where
            t.tipo_usuario='CONFEITEIRO') c1_0 
            on c1_0.id=l1_0.confeiteiro_id 
    where
        l1_0.confeiteiro_id=?
DEBUG: Filtro processado com sucesso para: bia@gmail.com | Permissões: [ROLE_CLIENTE]
2026-06-16T14:42:53.499-03:00  WARN 8456 --- [docelivery] [io-8080-exec-10] .m.m.a.ExceptionHandlerExceptionResolver : Resolved [org.springframework.web.servlet.resource.NoResourceFoundException: No static resource api/favoritos/produtos/2 for request '/api/favoritos/produtos/2'.]
Hibernate: 
    select
        u1_0.id,
        u1_0.tipo_usuario,
        u1_0.bairro,
        u1_0.cep,
        u1_0.cidade,
        u1_0.cod_status,
        u1_0.complemento,
        u1_0.cpf,
        u1_0.data_nascimento,
        u1_0.email,
        u1_0.endereco,
        u1_0.foto_perfil,
        u1_0.nome,
        u1_0.numero,
        u1_0.preferencias,
        u1_0.restricoes,
        u1_0.senha,
        u1_0.telefone,
        u1_0.tipo_usuario,
        u1_0.uf,
        u1_0.nivel_acesso,
        u1_0.apelido,
        u1_0.categoria,
        u1_0.promocao,
        u1_0.proprietario,
        u1_0.cnh,
        u1_0.placa_veiculo,
        u1_0.veiculo 
    from
        usuario u1_0 
    where
        u1_0.email=?
Hibernate: 
    select
        u1_0.id,
        u1_0.tipo_usuario,
        u1_0.bairro,
        u1_0.cep,
        u1_0.cidade,
        u1_0.cod_status,
        u1_0.complemento,
        u1_0.cpf,
        u1_0.data_nascimento,
        u1_0.email,
        u1_0.endereco,
        u1_0.foto_perfil,
        u1_0.nome,
        u1_0.numero,
        u1_0.preferencias,
        u1_0.restricoes,
        u1_0.senha,
        u1_0.telefone,
        u1_0.tipo_usuario,
        u1_0.uf,
        u1_0.nivel_acesso,
        u1_0.apelido,
        u1_0.categoria,
        u1_0.promocao,
        u1_0.proprietario,
        u1_0.cnh,
        u1_0.placa_veiculo,
        u1_0.veiculo 
    from
        usuario u1_0 
    where
        u1_0.email=?
Hibernate: 
    select
        l1_0.id,
        l1_0.cnpj,
        c1_0.id,
        c1_0.bairro,
        c1_0.cep,
        c1_0.cidade,
        c1_0.cod_status,
        c1_0.complemento,
        c1_0.cpf,
        c1_0.data_nascimento,
        c1_0.email,
        c1_0.endereco,
        c1_0.foto_perfil,
        c1_0.nome,
        c1_0.numero,
        c1_0.preferencias,
        c1_0.restricoes,
        c1_0.senha,
        c1_0.telefone,
        c1_0.tipo_usuario,
        c1_0.uf,
        c1_0.categoria,
        c1_0.promocao,
        c1_0.proprietario,
        l1_0.data_cadastro,
        l1_0.descricao,
        l1_0.endereco,
        l1_0.foto_url,
        l1_0.nome_fantasia,
        l1_0.status,
        l1_0.telefone 
    from
        loja l1_0 
    left join
        (select
            * from usuario t 
        where
            t.tipo_usuario='CONFEITEIRO') c1_0 
            on c1_0.id=l1_0.confeiteiro_id 
    where
        l1_0.confeiteiro_id=?
Hibernate: 
    select
        l1_0.id,
        l1_0.cnpj,
        c1_0.id,
        c1_0.bairro,
        c1_0.cep,
        c1_0.cidade,
        c1_0.cod_status,
        c1_0.complemento,
        c1_0.cpf,
        c1_0.data_nascimento,
        c1_0.email,
        c1_0.endereco,
        c1_0.foto_perfil,
        c1_0.nome,
        c1_0.numero,
        c1_0.preferencias,
        c1_0.restricoes,
        c1_0.senha,
        c1_0.telefone,
        c1_0.tipo_usuario,
        c1_0.uf,
        c1_0.categoria,
        c1_0.promocao,
        c1_0.proprietario,
        l1_0.data_cadastro,
        l1_0.descricao,
        l1_0.endereco,
        l1_0.foto_url,
        l1_0.nome_fantasia,
        l1_0.status,
        l1_0.telefone 
    from
        loja l1_0 
    left join
        (select
            * from usuario t 
        where
            t.tipo_usuario='CONFEITEIRO') c1_0 
            on c1_0.id=l1_0.confeiteiro_id 
    where
        l1_0.confeiteiro_id=?
DEBUG: Filtro processado com sucesso para: bia@gmail.com | Permissões: [ROLE_CLIENTE]
DEBUG: Filtro processado com sucesso para: bia@gmail.com | Permissões: [ROLE_CLIENTE]
2026-06-16T14:42:55.077-03:00  WARN 8456 --- [docelivery] [nio-8080-exec-8] .m.m.a.ExceptionHandlerExceptionResolver : Resolved [org.springframework.web.servlet.resource.NoResourceFoundException: No static resource api/favoritos/lojas for request '/api/favoritos/lojas'.]
2026-06-16T14:42:55.077-03:00  WARN 8456 --- [docelivery] [nio-8080-exec-4] .m.m.a.ExceptionHandlerExceptionResolver : Resolved [org.springframework.web.servlet.resource.NoResourceFoundException: No static resource api/favoritos/produtos for request '/api/favoritos/produtos'.]
Hibernate: 
    select
        u1_0.id,
        u1_0.tipo_usuario,
        u1_0.bairro,
        u1_0.cep,
        u1_0.cidade,
        u1_0.cod_status,
        u1_0.complemento,
        u1_0.cpf,
        u1_0.data_nascimento,
        u1_0.email,
        u1_0.endereco,
        u1_0.foto_perfil,
        u1_0.nome,
        u1_0.numero,
        u1_0.preferencias,
        u1_0.restricoes,
        u1_0.senha,
        u1_0.telefone,
        u1_0.tipo_usuario,
        u1_0.uf,
        u1_0.nivel_acesso,
        u1_0.apelido,
        u1_0.categoria,
        u1_0.promocao,
        u1_0.proprietario,
        u1_0.cnh,
        u1_0.placa_veiculo,
        u1_0.veiculo 
    from
        usuario u1_0 
    where
        u1_0.email=?
Hibernate: 
    select
        u1_0.id,
        u1_0.tipo_usuario,
        u1_0.bairro,
        u1_0.cep,
        u1_0.cidade,
        u1_0.cod_status,
        u1_0.complemento,
        u1_0.cpf,
        u1_0.data_nascimento,
        u1_0.email,
        u1_0.endereco,
        u1_0.foto_perfil,
        u1_0.nome,
        u1_0.numero,
        u1_0.preferencias,
        u1_0.restricoes,
        u1_0.senha,
        u1_0.telefone,
        u1_0.tipo_usuario,
        u1_0.uf,
        u1_0.nivel_acesso,
        u1_0.apelido,
        u1_0.categoria,
        u1_0.promocao,
        u1_0.proprietario,
        u1_0.cnh,
        u1_0.placa_veiculo,
        u1_0.veiculo 
    from
        usuario u1_0 
    where
        u1_0.email=?
Hibernate: 
    select
        l1_0.id,
        l1_0.cnpj,
        c1_0.id,
        c1_0.bairro,
        c1_0.cep,
        c1_0.cidade,
        c1_0.cod_status,
        c1_0.complemento,
        c1_0.cpf,
        c1_0.data_nascimento,
        c1_0.email,
        c1_0.endereco,
        c1_0.foto_perfil,
        c1_0.nome,
        c1_0.numero,
        c1_0.preferencias,
        c1_0.restricoes,
        c1_0.senha,
        c1_0.telefone,
        c1_0.tipo_usuario,
        c1_0.uf,
        c1_0.categoria,
        c1_0.promocao,
        c1_0.proprietario,
        l1_0.data_cadastro,
        l1_0.descricao,
        l1_0.endereco,
        l1_0.foto_url,
        l1_0.nome_fantasia,
        l1_0.status,
        l1_0.telefone 
    from
        loja l1_0 
    left join
        (select
            * from usuario t 
        where
            t.tipo_usuario='CONFEITEIRO') c1_0 
            on c1_0.id=l1_0.confeiteiro_id 
    where
        l1_0.confeiteiro_id=?
Hibernate: 
    select
        l1_0.id,
        l1_0.cnpj,
        c1_0.id,
        c1_0.bairro,
        c1_0.cep,
        c1_0.cidade,
        c1_0.cod_status,
        c1_0.complemento,
        c1_0.cpf,
        c1_0.data_nascimento,
        c1_0.email,
        c1_0.endereco,
        c1_0.foto_perfil,
        c1_0.nome,
        c1_0.numero,
        c1_0.preferencias,
        c1_0.restricoes,
        c1_0.senha,
        c1_0.telefone,
        c1_0.tipo_usuario,
        c1_0.uf,
        c1_0.categoria,
        c1_0.promocao,
        c1_0.proprietario,
        l1_0.data_cadastro,
        l1_0.descricao,
        l1_0.endereco,
        l1_0.foto_url,
        l1_0.nome_fantasia,
        l1_0.status,
        l1_0.telefone 
    from
        loja l1_0 
    left join
        (select
            * from usuario t 
        where
            t.tipo_usuario='CONFEITEIRO') c1_0 
            on c1_0.id=l1_0.confeiteiro_id 
    where
        l1_0.confeiteiro_id=?
DEBUG: Filtro processado com sucesso para: bia@gmail.com | Permissões: [ROLE_CLIENTE]
DEBUG: Filtro processado com sucesso para: bia@gmail.com | Permissões: [ROLE_CLIENTE]
2026-06-16T14:42:56.376-03:00  WARN 8456 --- [docelivery] [nio-8080-exec-6] .m.m.a.ExceptionHandlerExceptionResolver : Resolved [org.springframework.web.servlet.resource.NoResourceFoundException: No static resource api/favoritos/lojas for request '/api/favoritos/lojas'.]
2026-06-16T14:42:56.376-03:00  WARN 8456 --- [docelivery] [nio-8080-exec-2] .m.m.a.ExceptionHandlerExceptionResolver : Resolved [org.springframework.web.servlet.resource.NoResourceFoundException: No static resource api/favoritos/produtos for request '/api/favoritos/produtos'.]
Hibernate: 
    select
        u1_0.id,
        u1_0.tipo_usuario,
        u1_0.bairro,
        u1_0.cep,
        u1_0.cidade,
        u1_0.cod_status,
        u1_0.complemento,
        u1_0.cpf,
        u1_0.data_nascimento,
        u1_0.email,
        u1_0.endereco,
        u1_0.foto_perfil,
        u1_0.nome,
        u1_0.numero,
        u1_0.preferencias,
        u1_0.restricoes,
        u1_0.senha,
        u1_0.telefone,
        u1_0.tipo_usuario,
        u1_0.uf,
        u1_0.nivel_acesso,
        u1_0.apelido,
        u1_0.categoria,
        u1_0.promocao,
        u1_0.proprietario,
        u1_0.cnh,
        u1_0.placa_veiculo,
        u1_0.veiculo 
    from
        usuario u1_0 
    where
        u1_0.email=?
Hibernate: 
    select
        u1_0.id,
        u1_0.tipo_usuario,
        u1_0.bairro,
        u1_0.cep,
        u1_0.cidade,
        u1_0.cod_status,
        u1_0.complemento,
        u1_0.cpf,
        u1_0.data_nascimento,
        u1_0.email,
        u1_0.endereco,
        u1_0.foto_perfil,
        u1_0.nome,
        u1_0.numero,
        u1_0.preferencias,
        u1_0.restricoes,
        u1_0.senha,
        u1_0.telefone,
        u1_0.tipo_usuario,
        u1_0.uf,
        u1_0.nivel_acesso,
        u1_0.apelido,
        u1_0.categoria,
        u1_0.promocao,
        u1_0.proprietario,
        u1_0.cnh,
        u1_0.placa_veiculo,
        u1_0.veiculo 
    from
        usuario u1_0 
    where
        u1_0.email=?
Hibernate: 
    select
        l1_0.id,
        l1_0.cnpj,
        c1_0.id,
        c1_0.bairro,
        c1_0.cep,
        c1_0.cidade,
        c1_0.cod_status,
        c1_0.complemento,
        c1_0.cpf,
        c1_0.data_nascimento,
        c1_0.email,
        c1_0.endereco,
        c1_0.foto_perfil,
        c1_0.nome,
        c1_0.numero,
        c1_0.preferencias,
        c1_0.restricoes,
        c1_0.senha,
        c1_0.telefone,
        c1_0.tipo_usuario,
        c1_0.uf,
        c1_0.categoria,
        c1_0.promocao,
        c1_0.proprietario,
        l1_0.data_cadastro,
        l1_0.descricao,
        l1_0.endereco,
        l1_0.foto_url,
        l1_0.nome_fantasia,
        l1_0.status,
        l1_0.telefone 
    from
        loja l1_0 
    left join
        (select
            * from usuario t 
        where
            t.tipo_usuario='CONFEITEIRO') c1_0 
            on c1_0.id=l1_0.confeiteiro_id 
    where
        l1_0.confeiteiro_id=?
Hibernate: 
    select
        l1_0.id,
        l1_0.cnpj,
        c1_0.id,
        c1_0.bairro,
        c1_0.cep,
        c1_0.cidade,
        c1_0.cod_status,
        c1_0.complemento,
        c1_0.cpf,
        c1_0.data_nascimento,
        c1_0.email,
        c1_0.endereco,
        c1_0.foto_perfil,
        c1_0.nome,
        c1_0.numero,
        c1_0.preferencias,
        c1_0.restricoes,
        c1_0.senha,
        c1_0.telefone,
        c1_0.tipo_usuario,
        c1_0.uf,
        c1_0.categoria,
        c1_0.promocao,
        c1_0.proprietario,
        l1_0.data_cadastro,
        l1_0.descricao,
        l1_0.endereco,
        l1_0.foto_url,
        l1_0.nome_fantasia,
        l1_0.status,
        l1_0.telefone 
    from
        loja l1_0 
    left join
        (select
            * from usuario t 
        where
            t.tipo_usuario='CONFEITEIRO') c1_0 
            on c1_0.id=l1_0.confeiteiro_id 
    where
        l1_0.confeiteiro_id=?
DEBUG: Filtro processado com sucesso para: bia@gmail.com | Permissões: [ROLE_CLIENTE]
DEBUG: Filtro processado com sucesso para: bia@gmail.com | Permissões: [ROLE_CLIENTE]
2026-06-16T14:42:57.811-03:00  WARN 8456 --- [docelivery] [nio-8080-exec-9] .m.m.a.ExceptionHandlerExceptionResolver : Resolved [org.springframework.web.servlet.resource.NoResourceFoundException: No static resource api/favoritos/lojas for request '/api/favoritos/lojas'.]
2026-06-16T14:42:57.811-03:00  WARN 8456 --- [docelivery] [nio-8080-exec-1] .m.m.a.ExceptionHandlerExceptionResolver : Resolved [org.springframework.web.servlet.resource.NoResourceFoundException: No static resource api/favoritos/produtos for request '/api/favoritos/produtos'.]
Hibernate: 
    select
        u1_0.id,
        u1_0.tipo_usuario,
        u1_0.bairro,
        u1_0.cep,
        u1_0.cidade,
        u1_0.cod_status,
        u1_0.complemento,
        u1_0.cpf,
        u1_0.data_nascimento,
        u1_0.email,
        u1_0.endereco,
        u1_0.foto_perfil,
        u1_0.nome,
        u1_0.numero,
        u1_0.preferencias,
        u1_0.restricoes,
        u1_0.senha,
        u1_0.telefone,
        u1_0.tipo_usuario,
        u1_0.uf,
        u1_0.nivel_acesso,
        u1_0.apelido,
        u1_0.categoria,
        u1_0.promocao,
        u1_0.proprietario,
        u1_0.cnh,
        u1_0.placa_veiculo,
        u1_0.veiculo 
    from
        usuario u1_0 
    where
        u1_0.email=?
Hibernate: 
    select
        l1_0.id,
        l1_0.cnpj,
        c1_0.id,
        c1_0.bairro,
        c1_0.cep,
        c1_0.cidade,
        c1_0.cod_status,
        c1_0.complemento,
        c1_0.cpf,
        c1_0.data_nascimento,
        c1_0.email,
        c1_0.endereco,
        c1_0.foto_perfil,
        c1_0.nome,
        c1_0.numero,
        c1_0.preferencias,
        c1_0.restricoes,
        c1_0.senha,
        c1_0.telefone,
        c1_0.tipo_usuario,
        c1_0.uf,
        c1_0.categoria,
        c1_0.promocao,
        c1_0.proprietario,
        l1_0.data_cadastro,
        l1_0.descricao,
        l1_0.endereco,
        l1_0.foto_url,
        l1_0.nome_fantasia,
        l1_0.status,
        l1_0.telefone 
    from
        loja l1_0 
    left join
        (select
            * from usuario t 
        where
            t.tipo_usuario='CONFEITEIRO') c1_0 
            on c1_0.id=l1_0.confeiteiro_id 
    where
        l1_0.confeiteiro_id=?
DEBUG: Filtro processado com sucesso para: bia@gmail.com | Permissões: [ROLE_CLIENTE]
LOG PERFIL: GET /api/cliente/perfil chamado
LOG PERFIL: Usuário autenticado: bia@gmail.com | Role: [ROLE_CLIENTE] | Tipo: CLIENTE
Hibernate: 
    select
        c1_0.id,
        c1_0.bairro,
        c1_0.cep,
        c1_0.cidade,
        c1_0.cod_status,
        c1_0.complemento,
        c1_0.cpf,
        c1_0.data_nascimento,
        c1_0.email,
        c1_0.endereco,
        c1_0.foto_perfil,
        l1_0.id,
        l1_0.cnpj,
        l1_0.confeiteiro_id,
        l1_0.data_cadastro,
        l1_0.descricao,
        l1_0.endereco,
        l1_0.foto_url,
        l1_0.nome_fantasia,
        l1_0.status,
        l1_0.telefone,
        c1_0.nome,
        c1_0.numero,
        c1_0.preferencias,
        c1_0.restricoes,
        c1_0.senha,
        c1_0.telefone,
        c1_0.tipo_usuario,
        c1_0.uf,
        c1_0.apelido 
    from
        usuario c1_0 
    left join
        loja l1_0 
            on c1_0.id=l1_0.confeiteiro_id 
    where
        c1_0.tipo_usuario='CLIENTE' 
        and c1_0.id=?
LOG CPF       : 19199467349
LOG DATA_NASC : 2007-07-19
LOG APELIDO   : Mari
LOG FOTO      : http://192.168.1.102:8080/uploads/fotos/perfil_2_1781629656670.jpg
LOG PREF      : ["Bolos","Cupcakes"]
LOG DTO CPF   : 19199467349
LOG DTO DATA  : 2007-07-19
LOG DTO JSON  : {"id":2,"nome":"Marina Gonçalves de Brito","apelido":"Mari","cpf":"19199467349","dataNascimento":"2007-07-19","email":"bia@gmail.com","telefone":"97675537678","cep":"06660485","logradouro":"Rua Francana","numero":"0","complemento":null,"bairro":"Vila Santa Rita","cidade":"Itapevi","estado":"SP","fotoPerfil":"http://192.168.1.102:8080/uploads/fotos/perfil_2_1781629656670.jpg","preferencias":["Bolos","Cupcakes"],"restricoes":["Sem Glúten","Sem Lactose"]}
Hibernate: 
    select
        u1_0.id,
        u1_0.tipo_usuario,
        u1_0.bairro,
        u1_0.cep,
        u1_0.cidade,
        u1_0.cod_status,
        u1_0.complemento,
        u1_0.cpf,
        u1_0.data_nascimento,
        u1_0.email,
        u1_0.endereco,
        u1_0.foto_perfil,
        u1_0.nome,
        u1_0.numero,
        u1_0.preferencias,
        u1_0.restricoes,
        u1_0.senha,
        u1_0.telefone,
        u1_0.tipo_usuario,
        u1_0.uf,
        u1_0.nivel_acesso,
        u1_0.apelido,
        u1_0.categoria,
        u1_0.promocao,
        u1_0.proprietario,
        u1_0.cnh,
        u1_0.placa_veiculo,
        u1_0.veiculo 
    from
        usuario u1_0 
    where
        u1_0.email=?
Hibernate: 
    select
        l1_0.id,
        l1_0.cnpj,
        c1_0.id,
        c1_0.bairro,
        c1_0.cep,
        c1_0.cidade,
        c1_0.cod_status,
        c1_0.complemento,
        c1_0.cpf,
        c1_0.data_nascimento,
        c1_0.email,
        c1_0.endereco,
        c1_0.foto_perfil,
        c1_0.nome,
        c1_0.numero,
        c1_0.preferencias,
        c1_0.restricoes,
        c1_0.senha,
        c1_0.telefone,
        c1_0.tipo_usuario,
        c1_0.uf,
        c1_0.categoria,
        c1_0.promocao,
        c1_0.proprietario,
        l1_0.data_cadastro,
        l1_0.descricao,
        l1_0.endereco,
        l1_0.foto_url,
        l1_0.nome_fantasia,
        l1_0.status,
        l1_0.telefone 
    from
        loja l1_0 
    left join
        (select
            * from usuario t 
        where
            t.tipo_usuario='CONFEITEIRO') c1_0 
            on c1_0.id=l1_0.confeiteiro_id 
    where
        l1_0.confeiteiro_id=?
Hibernate: 
    select
        u1_0.id,
        u1_0.tipo_usuario,
        u1_0.bairro,
        u1_0.cep,
        u1_0.cidade,
        u1_0.cod_status,
        u1_0.complemento,
        u1_0.cpf,
        u1_0.data_nascimento,
        u1_0.email,
        u1_0.endereco,
        u1_0.foto_perfil,
        u1_0.nome,
        u1_0.numero,
        u1_0.preferencias,
        u1_0.restricoes,
        u1_0.senha,
        u1_0.telefone,
        u1_0.tipo_usuario,
        u1_0.uf,
        u1_0.nivel_acesso,
        u1_0.apelido,
        u1_0.categoria,
        u1_0.promocao,
        u1_0.proprietario,
        u1_0.cnh,
        u1_0.placa_veiculo,
        u1_0.veiculo 
    from
        usuario u1_0 
    where
        u1_0.email=?
Hibernate: 
    select
        l1_0.id,
        l1_0.cnpj,
        c1_0.id,
        c1_0.bairro,
        c1_0.cep,
        c1_0.cidade,
        c1_0.cod_status,
        c1_0.complemento,
        c1_0.cpf,
        c1_0.data_nascimento,
        c1_0.email,
        c1_0.endereco,
        c1_0.foto_perfil,
        c1_0.nome,
        c1_0.numero,
        c1_0.preferencias,
        c1_0.restricoes,
        c1_0.senha,
        c1_0.telefone,
        c1_0.tipo_usuario,
        c1_0.uf,
        c1_0.categoria,
        c1_0.promocao,
        c1_0.proprietario,
        l1_0.data_cadastro,
        l1_0.descricao,
        l1_0.endereco,
        l1_0.foto_url,
        l1_0.nome_fantasia,
        l1_0.status,
        l1_0.telefone 
    from
        loja l1_0 
    left join
        (select
            * from usuario t 
        where
            t.tipo_usuario='CONFEITEIRO') c1_0 
            on c1_0.id=l1_0.confeiteiro_id 
    where
        l1_0.confeiteiro_id=?
Hibernate: 
    select
        u1_0.id,
        u1_0.tipo_usuario,
        u1_0.bairro,
        u1_0.cep,
        u1_0.cidade,
        u1_0.cod_status,
        u1_0.complemento,
        u1_0.cpf,
        u1_0.data_nascimento,
        u1_0.email,
        u1_0.endereco,
        u1_0.foto_perfil,
        u1_0.nome,
        u1_0.numero,
        u1_0.preferencias,
        u1_0.restricoes,
        u1_0.senha,
        u1_0.telefone,
        u1_0.tipo_usuario,
        u1_0.uf,
        u1_0.nivel_acesso,
        u1_0.apelido,
        u1_0.categoria,
        u1_0.promocao,
        u1_0.proprietario,
        u1_0.cnh,
        u1_0.placa_veiculo,
        u1_0.veiculo 
    from
        usuario u1_0 
    where
        u1_0.email=?
Hibernate: 
    select
        u1_0.id,
        u1_0.tipo_usuario,
        u1_0.bairro,
        u1_0.cep,
        u1_0.cidade,
        u1_0.cod_status,
        u1_0.complemento,
        u1_0.cpf,
        u1_0.data_nascimento,
        u1_0.email,
        u1_0.endereco,
        u1_0.foto_perfil,
        u1_0.nome,
        u1_0.numero,
        u1_0.preferencias,
        u1_0.restricoes,
        u1_0.senha,
        u1_0.telefone,
        u1_0.tipo_usuario,
        u1_0.uf,
        u1_0.nivel_acesso,
        u1_0.apelido,
        u1_0.categoria,
        u1_0.promocao,
        u1_0.proprietario,
        u1_0.cnh,
        u1_0.placa_veiculo,
        u1_0.veiculo 
    from
        usuario u1_0 
    where
        u1_0.email=?
Hibernate: 
    select
        l1_0.id,
        l1_0.cnpj,
        c1_0.id,
        c1_0.bairro,
        c1_0.cep,
        c1_0.cidade,
        c1_0.cod_status,
        c1_0.complemento,
        c1_0.cpf,
        c1_0.data_nascimento,
        c1_0.email,
        c1_0.endereco,
        c1_0.foto_perfil,
        c1_0.nome,
        c1_0.numero,
        c1_0.preferencias,
        c1_0.restricoes,
        c1_0.senha,
        c1_0.telefone,
        c1_0.tipo_usuario,
        c1_0.uf,
        c1_0.categoria,
        c1_0.promocao,
        c1_0.proprietario,
        l1_0.data_cadastro,
        l1_0.descricao,
        l1_0.endereco,
        l1_0.foto_url,
        l1_0.nome_fantasia,
        l1_0.status,
        l1_0.telefone 
    from
        loja l1_0 
    left join
        (select
            * from usuario t 
        where
            t.tipo_usuario='CONFEITEIRO') c1_0 
            on c1_0.id=l1_0.confeiteiro_id 
    where
        l1_0.confeiteiro_id=?
Hibernate: 
    select
        l1_0.id,
        l1_0.cnpj,
        c1_0.id,
        c1_0.bairro,
        c1_0.cep,
        c1_0.cidade,
        c1_0.cod_status,
        c1_0.complemento,
        c1_0.cpf,
        c1_0.data_nascimento,
        c1_0.email,
        c1_0.endereco,
        c1_0.foto_perfil,
        c1_0.nome,
        c1_0.numero,
        c1_0.preferencias,
        c1_0.restricoes,
        c1_0.senha,
        c1_0.telefone,
        c1_0.tipo_usuario,
        c1_0.uf,
        c1_0.categoria,
        c1_0.promocao,
        c1_0.proprietario,
        l1_0.data_cadastro,
        l1_0.descricao,
        l1_0.endereco,
        l1_0.foto_url,
        l1_0.nome_fantasia,
        l1_0.status,
        l1_0.telefone 
    from
        loja l1_0 
    left join
        (select
            * from usuario t 
        where
            t.tipo_usuario='CONFEITEIRO') c1_0 
            on c1_0.id=l1_0.confeiteiro_id 
    where
        l1_0.confeiteiro_id=?
DEBUG: Filtro processado com sucesso para: bia@gmail.com | Permissões: [ROLE_CLIENTE]
DEBUG: Filtro processado com sucesso para: bia@gmail.com | Permissões: [ROLE_CLIENTE]
Hibernate: 
    select
        u1_0.id,
        u1_0.tipo_usuario,
        u1_0.bairro,
        u1_0.cep,
        u1_0.cidade,
        u1_0.cod_status,
        u1_0.complemento,
        u1_0.cpf,
        u1_0.data_nascimento,
        u1_0.email,
        u1_0.endereco,
        u1_0.foto_perfil,
        u1_0.nome,
        u1_0.numero,
        u1_0.preferencias,
        u1_0.restricoes,
        u1_0.senha,
        u1_0.telefone,
        u1_0.tipo_usuario,
        u1_0.uf,
        u1_0.nivel_acesso,
        u1_0.apelido,
        u1_0.categoria,
        u1_0.promocao,
        u1_0.proprietario,
        u1_0.cnh,
        u1_0.placa_veiculo,
        u1_0.veiculo 
    from
        usuario u1_0 
    where
        u1_0.email=?
Hibernate: 
    select
        l1_0.id,
        l1_0.cnpj,
        c1_0.id,
        c1_0.bairro,
        c1_0.cep,
        c1_0.cidade,
        c1_0.cod_status,
        c1_0.complemento,
        c1_0.cpf,
        c1_0.data_nascimento,
        c1_0.email,
        c1_0.endereco,
        c1_0.foto_perfil,
        c1_0.nome,
        c1_0.numero,
        c1_0.preferencias,
        c1_0.restricoes,
        c1_0.senha,
        c1_0.telefone,
        c1_0.tipo_usuario,
        c1_0.uf,
        c1_0.categoria,
        c1_0.promocao,
        c1_0.proprietario,
        l1_0.data_cadastro,
        l1_0.descricao,
        l1_0.endereco,
        l1_0.foto_url,
        l1_0.nome_fantasia,
        l1_0.status,
        l1_0.telefone 
    from
        loja l1_0 
    left join
        (select
            * from usuario t 
        where
            t.tipo_usuario='CONFEITEIRO') c1_0 
            on c1_0.id=l1_0.confeiteiro_id 
    where
        l1_0.confeiteiro_id=?
DEBUG: Filtro processado com sucesso para: bia@gmail.com | Permissões: [ROLE_CLIENTE]
Hibernate: 
    select
        c1_0.id,
        c1_0.bairro,
        c1_0.cep,
        c1_0.cidade,
        c1_0.cod_status,
        c1_0.complemento,
        c1_0.cpf,
        c1_0.data_nascimento,
        c1_0.email,
        c1_0.endereco,
        c1_0.foto_perfil,
        c1_0.nome,
        c1_0.numero,
        c1_0.preferencias,
        c1_0.restricoes,
        c1_0.senha,
        c1_0.telefone,
        c1_0.tipo_usuario,
        c1_0.uf,
        c1_0.categoria,
        c1_0.promocao,
        c1_0.proprietario 
    from
        usuario c1_0 
    where
        c1_0.tipo_usuario='CONFEITEIRO'
Hibernate: 
    select
        c1_0.id,
        c1_0.bairro,
        c1_0.cep,
        c1_0.cidade,
        c1_0.cod_status,
        c1_0.complemento,
        c1_0.cpf,
        c1_0.data_nascimento,
        c1_0.email,
        c1_0.endereco,
        c1_0.foto_perfil,
        c1_0.nome,
        c1_0.numero,
        c1_0.preferencias,
        c1_0.restricoes,
        c1_0.senha,
        c1_0.telefone,
        c1_0.tipo_usuario,
        c1_0.uf,
        c1_0.categoria,
        c1_0.promocao,
        c1_0.proprietario 
    from
        usuario c1_0 
    where
        c1_0.tipo_usuario='CONFEITEIRO'
Hibernate: 
    select
        l1_0.id,
        l1_0.cnpj,
        c1_0.id,
        c1_0.bairro,
        c1_0.cep,
        c1_0.cidade,
        c1_0.cod_status,
        c1_0.complemento,
        c1_0.cpf,
        c1_0.data_nascimento,
        c1_0.email,
        c1_0.endereco,
        c1_0.foto_perfil,
        c1_0.nome,
        c1_0.numero,
        c1_0.preferencias,
        c1_0.restricoes,
        c1_0.senha,
        c1_0.telefone,
        c1_0.tipo_usuario,
        c1_0.uf,
        c1_0.categoria,
        c1_0.promocao,
        c1_0.proprietario,
        l1_0.data_cadastro,
        l1_0.descricao,
        l1_0.endereco,
        l1_0.foto_url,
        l1_0.nome_fantasia,
        l1_0.status,
        l1_0.telefone 
    from
        loja l1_0 
    left join
        (select
            * from usuario t 
        where
            t.tipo_usuario='CONFEITEIRO') c1_0 
            on c1_0.id=l1_0.confeiteiro_id 
    where
        l1_0.confeiteiro_id=?
2026-06-16T14:45:22.262-03:00  WARN 8456 --- [docelivery] [nio-8080-exec-6] .m.m.a.ExceptionHandlerExceptionResolver : Resolved [org.springframework.web.servlet.resource.NoResourceFoundException: No static resource api/favoritos/lojas for request '/api/favoritos/lojas'.]
2026-06-16T14:45:22.264-03:00  WARN 8456 --- [docelivery] [nio-8080-exec-9] .m.m.a.ExceptionHandlerExceptionResolver : Resolved [org.springframework.web.servlet.resource.NoResourceFoundException: No static resource api/favoritos/lojas for request '/api/favoritos/lojas'.]
Hibernate: 
    select
        l1_0.id,
        l1_0.cnpj,
        c1_0.id,
        c1_0.bairro,
        c1_0.cep,
        c1_0.cidade,
        c1_0.cod_status,
        c1_0.complemento,
        c1_0.cpf,
        c1_0.data_nascimento,
        c1_0.email,
        c1_0.endereco,
        c1_0.foto_perfil,
        c1_0.nome,
        c1_0.numero,
        c1_0.preferencias,
        c1_0.restricoes,
        c1_0.senha,
        c1_0.telefone,
        c1_0.tipo_usuario,
        c1_0.uf,
        c1_0.categoria,
        c1_0.promocao,
        c1_0.proprietario,
        l1_0.data_cadastro,
        l1_0.descricao,
        l1_0.endereco,
        l1_0.foto_url,
        l1_0.nome_fantasia,
        l1_0.status,
        l1_0.telefone 
    from
        loja l1_0 
    left join
        (select
            * from usuario t 
        where
            t.tipo_usuario='CONFEITEIRO') c1_0 
            on c1_0.id=l1_0.confeiteiro_id 
    where
        l1_0.confeiteiro_id=?
2026-06-16T14:45:22.272-03:00  WARN 8456 --- [docelivery] [nio-8080-exec-2] .m.m.a.ExceptionHandlerExceptionResolver : Resolved [org.springframework.web.servlet.resource.NoResourceFoundException: No static resource api/favoritos/produtos for request '/api/favoritos/produtos'.]
Hibernate: 
    select
        u1_0.id,
        u1_0.tipo_usuario,
        u1_0.bairro,
        u1_0.cep,
        u1_0.cidade,
        u1_0.cod_status,
        u1_0.complemento,
        u1_0.cpf,
        u1_0.data_nascimento,
        u1_0.email,
        u1_0.endereco,
        u1_0.foto_perfil,
        u1_0.nome,
        u1_0.numero,
        u1_0.preferencias,
        u1_0.restricoes,
        u1_0.senha,
        u1_0.telefone,
        u1_0.tipo_usuario,
        u1_0.uf,
        u1_0.nivel_acesso,
        u1_0.apelido,
        u1_0.categoria,
        u1_0.promocao,
        u1_0.proprietario,
        u1_0.cnh,
        u1_0.placa_veiculo,
        u1_0.veiculo 
    from
        usuario u1_0 
    where
        u1_0.email=?
Hibernate: 
    select
        c1_0.id,
        c1_0.bairro,
        c1_0.cep,
        c1_0.cidade,
        c1_0.cod_status,
        c1_0.complemento,
        c1_0.cpf,
        c1_0.data_nascimento,
        c1_0.email,
        c1_0.endereco,
        c1_0.foto_perfil,
        c1_0.nome,
        c1_0.numero,
        c1_0.preferencias,
        c1_0.restricoes,
        c1_0.senha,
        c1_0.telefone,
        c1_0.tipo_usuario,
        c1_0.uf,
        c1_0.categoria,
        c1_0.promocao,
        c1_0.proprietario 
    from
        usuario c1_0 
    where
        c1_0.tipo_usuario='CONFEITEIRO'
Hibernate: 
    select
        l1_0.id,
        l1_0.cnpj,
        c1_0.id,
        c1_0.bairro,
        c1_0.cep,
        c1_0.cidade,
        c1_0.cod_status,
        c1_0.complemento,
        c1_0.cpf,
        c1_0.data_nascimento,
        c1_0.email,
        c1_0.endereco,
        c1_0.foto_perfil,
        c1_0.nome,
        c1_0.numero,
        c1_0.preferencias,
        c1_0.restricoes,
        c1_0.senha,
        c1_0.telefone,
        c1_0.tipo_usuario,
        c1_0.uf,
        c1_0.categoria,
        c1_0.promocao,
        c1_0.proprietario,
        l1_0.data_cadastro,
        l1_0.descricao,
        l1_0.endereco,
        l1_0.foto_url,
        l1_0.nome_fantasia,
        l1_0.status,
        l1_0.telefone 
    from
        loja l1_0 
    left join
        (select
            * from usuario t 
        where
            t.tipo_usuario='CONFEITEIRO') c1_0 
            on c1_0.id=l1_0.confeiteiro_id 
    where
        l1_0.confeiteiro_id=?
Hibernate: 
    select
        l1_0.id,
        l1_0.cnpj,
        c1_0.id,
        c1_0.bairro,
        c1_0.cep,
        c1_0.cidade,
        c1_0.cod_status,
        c1_0.complemento,
        c1_0.cpf,
        c1_0.data_nascimento,
        c1_0.email,
        c1_0.endereco,
        c1_0.foto_perfil,
        c1_0.nome,
        c1_0.numero,
        c1_0.preferencias,
        c1_0.restricoes,
        c1_0.senha,
        c1_0.telefone,
        c1_0.tipo_usuario,
        c1_0.uf,
        c1_0.categoria,
        c1_0.promocao,
        c1_0.proprietario,
        l1_0.data_cadastro,
        l1_0.descricao,
        l1_0.endereco,
        l1_0.foto_url,
        l1_0.nome_fantasia,
        l1_0.status,
        l1_0.telefone 
    from
        loja l1_0 
    left join
        (select
            * from usuario t 
        where
            t.tipo_usuario='CONFEITEIRO') c1_0 
            on c1_0.id=l1_0.confeiteiro_id 
    where
        l1_0.confeiteiro_id=?
DEBUG: Filtro processado com sucesso para: bia@gmail.com | Permissões: [ROLE_CLIENTE]
2026-06-16T14:45:22.343-03:00  WARN 8456 --- [docelivery] [nio-8080-exec-5] .m.m.a.ExceptionHandlerExceptionResolver : Resolved [org.springframework.web.servlet.resource.NoResourceFoundException: No static resource api/favoritos/lojas for request '/api/favoritos/lojas'.]
Hibernate: 
    select
        u1_0.id,
        u1_0.tipo_usuario,
        u1_0.bairro,
        u1_0.cep,
        u1_0.cidade,
        u1_0.cod_status,
        u1_0.complemento,
        u1_0.cpf,
        u1_0.data_nascimento,
        u1_0.email,
        u1_0.endereco,
        u1_0.foto_perfil,
        u1_0.nome,
        u1_0.numero,
        u1_0.preferencias,
        u1_0.restricoes,
        u1_0.senha,
        u1_0.telefone,
        u1_0.tipo_usuario,
        u1_0.uf,
        u1_0.nivel_acesso,
        u1_0.apelido,
        u1_0.categoria,
        u1_0.promocao,
        u1_0.proprietario,
        u1_0.cnh,
        u1_0.placa_veiculo,
        u1_0.veiculo 
    from
        usuario u1_0 
    where
        u1_0.email=?
Hibernate: 
    select
        l1_0.id,
        l1_0.cnpj,
        c1_0.id,
        c1_0.bairro,
        c1_0.cep,
        c1_0.cidade,
        c1_0.cod_status,
        c1_0.complemento,
        c1_0.cpf,
        c1_0.data_nascimento,
        c1_0.email,
        c1_0.endereco,
        c1_0.foto_perfil,
        c1_0.nome,
        c1_0.numero,
        c1_0.preferencias,
        c1_0.restricoes,
        c1_0.senha,
        c1_0.telefone,
        c1_0.tipo_usuario,
        c1_0.uf,
        c1_0.categoria,
        c1_0.promocao,
        c1_0.proprietario,
        l1_0.data_cadastro,
        l1_0.descricao,
        l1_0.endereco,
        l1_0.foto_url,
        l1_0.nome_fantasia,
        l1_0.status,
        l1_0.telefone 
    from
        loja l1_0 
    left join
        (select
            * from usuario t 
        where
            t.tipo_usuario='CONFEITEIRO') c1_0 
            on c1_0.id=l1_0.confeiteiro_id 
    where
        l1_0.confeiteiro_id=?
DEBUG: Filtro processado com sucesso para: bia@gmail.com | Permissões: [ROLE_CLIENTE]
LOG PERFIL: GET /api/cliente/perfil chamado
LOG PERFIL: Usuário autenticado: bia@gmail.com | Role: [ROLE_CLIENTE] | Tipo: CLIENTE
Hibernate: 
    select
        c1_0.id,
        c1_0.bairro,
        c1_0.cep,
        c1_0.cidade,
        c1_0.cod_status,
        c1_0.complemento,
        c1_0.cpf,
        c1_0.data_nascimento,
        c1_0.email,
        c1_0.endereco,
        c1_0.foto_perfil,
        l1_0.id,
        l1_0.cnpj,
        l1_0.confeiteiro_id,
        l1_0.data_cadastro,
        l1_0.descricao,
        l1_0.endereco,
        l1_0.foto_url,
        l1_0.nome_fantasia,
        l1_0.status,
        l1_0.telefone,
        c1_0.nome,
        c1_0.numero,
        c1_0.preferencias,
        c1_0.restricoes,
        c1_0.senha,
        c1_0.telefone,
        c1_0.tipo_usuario,
        c1_0.uf,
        c1_0.apelido 
    from
        usuario c1_0 
    left join
        loja l1_0 
            on c1_0.id=l1_0.confeiteiro_id 
    where
        c1_0.tipo_usuario='CLIENTE' 
        and c1_0.id=?
LOG CPF       : 19199467349
LOG DATA_NASC : 2007-07-19
LOG APELIDO   : Mari
LOG FOTO      : http://192.168.1.102:8080/uploads/fotos/perfil_2_1781629656670.jpg
LOG PREF      : ["Bolos","Cupcakes"]
LOG DTO CPF   : 19199467349
LOG DTO DATA  : 2007-07-19
LOG DTO JSON  : {"id":2,"nome":"Marina Gonçalves de Brito","apelido":"Mari","cpf":"19199467349","dataNascimento":"2007-07-19","email":"bia@gmail.com","telefone":"97675537678","cep":"06660485","logradouro":"Rua Francana","numero":"0","complemento":null,"bairro":"Vila Santa Rita","cidade":"Itapevi","estado":"SP","fotoPerfil":"http://192.168.1.102:8080/uploads/fotos/perfil_2_1781629656670.jpg","preferencias":["Bolos","Cupcakes"],"restricoes":["Sem Glúten","Sem Lactose"]}
Hibernate: 
    select
        u1_0.id,
        u1_0.tipo_usuario,
        u1_0.bairro,
        u1_0.cep,
        u1_0.cidade,
        u1_0.cod_status,
        u1_0.complemento,
        u1_0.cpf,
        u1_0.data_nascimento,
        u1_0.email,
        u1_0.endereco,
        u1_0.foto_perfil,
        u1_0.nome,
        u1_0.numero,
        u1_0.preferencias,
        u1_0.restricoes,
        u1_0.senha,
        u1_0.telefone,
        u1_0.tipo_usuario,
        u1_0.uf,
        u1_0.nivel_acesso,
        u1_0.apelido,
        u1_0.categoria,
        u1_0.promocao,
        u1_0.proprietario,
        u1_0.cnh,
        u1_0.placa_veiculo,
        u1_0.veiculo 
    from
        usuario u1_0 
    where
        u1_0.email=?
Hibernate: 
    select
        l1_0.id,
        l1_0.cnpj,
        c1_0.id,
        c1_0.bairro,
        c1_0.cep,
        c1_0.cidade,
        c1_0.cod_status,
        c1_0.complemento,
        c1_0.cpf,
        c1_0.data_nascimento,
        c1_0.email,
        c1_0.endereco,
        c1_0.foto_perfil,
        c1_0.nome,
        c1_0.numero,
        c1_0.preferencias,
        c1_0.restricoes,
        c1_0.senha,
        c1_0.telefone,
        c1_0.tipo_usuario,
        c1_0.uf,
        c1_0.categoria,
        c1_0.promocao,
        c1_0.proprietario,
        l1_0.data_cadastro,
        l1_0.descricao,
        l1_0.endereco,
        l1_0.foto_url,
        l1_0.nome_fantasia,
        l1_0.status,
        l1_0.telefone 
    from
        loja l1_0 
    left join
        (select
            * from usuario t 
        where
            t.tipo_usuario='CONFEITEIRO') c1_0 
            on c1_0.id=l1_0.confeiteiro_id 
    where
        l1_0.confeiteiro_id=?
DEBUG: Filtro processado com sucesso para: bia@gmail.com | Permissões: [ROLE_CLIENTE]
2026-06-16T14:45:27.511-03:00  WARN 8456 --- [docelivery] [io-8080-exec-10] .m.m.a.ExceptionHandlerExceptionResolver : Resolved [org.springframework.web.servlet.resource.NoResourceFoundException: No static resource api/favoritos/produtos/1 for request '/api/favoritos/produtos/1'.]
Hibernate: 
    select
        u1_0.id,
        u1_0.tipo_usuario,
        u1_0.bairro,
        u1_0.cep,
        u1_0.cidade,
        u1_0.cod_status,
        u1_0.complemento,
        u1_0.cpf,
        u1_0.data_nascimento,
        u1_0.email,
        u1_0.endereco,
        u1_0.foto_perfil,
        u1_0.nome,
        u1_0.numero,
        u1_0.preferencias,
        u1_0.restricoes,
        u1_0.senha,
        u1_0.telefone,
        u1_0.tipo_usuario,
        u1_0.uf,
        u1_0.nivel_acesso,
        u1_0.apelido,
        u1_0.categoria,
        u1_0.promocao,
        u1_0.proprietario,
        u1_0.cnh,
        u1_0.placa_veiculo,
        u1_0.veiculo 
    from
        usuario u1_0 
    where
        u1_0.email=?
Hibernate: 
    select
        l1_0.id,
        l1_0.cnpj,
        c1_0.id,
        c1_0.bairro,
        c1_0.cep,
        c1_0.cidade,
        c1_0.cod_status,
        c1_0.complemento,
        c1_0.cpf,
        c1_0.data_nascimento,
        c1_0.email,
        c1_0.endereco,
        c1_0.foto_perfil,
        c1_0.nome,
        c1_0.numero,
        c1_0.preferencias,
        c1_0.restricoes,
        c1_0.senha,
        c1_0.telefone,
        c1_0.tipo_usuario,
        c1_0.uf,
        c1_0.categoria,
        c1_0.promocao,
        c1_0.proprietario,
        l1_0.data_cadastro,
        l1_0.descricao,
        l1_0.endereco,
        l1_0.foto_url,
        l1_0.nome_fantasia,
        l1_0.status,
        l1_0.telefone 
    from
        loja l1_0 
    left join
        (select
            * from usuario t 
        where
            t.tipo_usuario='CONFEITEIRO') c1_0 
            on c1_0.id=l1_0.confeiteiro_id 
    where
        l1_0.confeiteiro_id=?
DEBUG: Filtro processado com sucesso para: bia@gmail.com | Permissões: [ROLE_CLIENTE]
2026-06-16T14:45:32.457-03:00  WARN 8456 --- [docelivery] [nio-8080-exec-4] .m.m.a.ExceptionHandlerExceptionResolver : Resolved [org.springframework.web.servlet.resource.NoResourceFoundException: No static resource api/favoritos/lojas/1 for request '/api/favoritos/lojas/1'.]
Hibernate: 
    select
        u1_0.id,
        u1_0.tipo_usuario,
        u1_0.bairro,
        u1_0.cep,
        u1_0.cidade,
        u1_0.cod_status,
        u1_0.complemento,
        u1_0.cpf,
        u1_0.data_nascimento,
        u1_0.email,
        u1_0.endereco,
        u1_0.foto_perfil,
        u1_0.nome,
        u1_0.numero,
        u1_0.preferencias,
        u1_0.restricoes,
        u1_0.senha,
        u1_0.telefone,
        u1_0.tipo_usuario,
        u1_0.uf,
        u1_0.nivel_acesso,
        u1_0.apelido,
        u1_0.categoria,
        u1_0.promocao,
        u1_0.proprietario,
        u1_0.cnh,
        u1_0.placa_veiculo,
        u1_0.veiculo 
    from
        usuario u1_0 
    where
        u1_0.email=?
Hibernate: 
    select
        u1_0.id,
        u1_0.tipo_usuario,
        u1_0.bairro,
        u1_0.cep,
        u1_0.cidade,
        u1_0.cod_status,
        u1_0.complemento,
        u1_0.cpf,
        u1_0.data_nascimento,
        u1_0.email,
        u1_0.endereco,
        u1_0.foto_perfil,
        u1_0.nome,
        u1_0.numero,
        u1_0.preferencias,
        u1_0.restricoes,
        u1_0.senha,
        u1_0.telefone,
        u1_0.tipo_usuario,
        u1_0.uf,
        u1_0.nivel_acesso,
        u1_0.apelido,
        u1_0.categoria,
        u1_0.promocao,
        u1_0.proprietario,
        u1_0.cnh,
        u1_0.placa_veiculo,
        u1_0.veiculo 
    from
        usuario u1_0 
    where
        u1_0.email=?
Hibernate: 
    select
        l1_0.id,
        l1_0.cnpj,
        c1_0.id,
        c1_0.bairro,
        c1_0.cep,
        c1_0.cidade,
        c1_0.cod_status,
        c1_0.complemento,
        c1_0.cpf,
        c1_0.data_nascimento,
        c1_0.email,
        c1_0.endereco,
        c1_0.foto_perfil,
        c1_0.nome,
        c1_0.numero,
        c1_0.preferencias,
        c1_0.restricoes,
        c1_0.senha,
        c1_0.telefone,
        c1_0.tipo_usuario,
        c1_0.uf,
        c1_0.categoria,
        c1_0.promocao,
        c1_0.proprietario,
        l1_0.data_cadastro,
        l1_0.descricao,
        l1_0.endereco,
        l1_0.foto_url,
        l1_0.nome_fantasia,
        l1_0.status,
        l1_0.telefone 
    from
        loja l1_0 
    left join
        (select
            * from usuario t 
        where
            t.tipo_usuario='CONFEITEIRO') c1_0 
            on c1_0.id=l1_0.confeiteiro_id 
    where
        l1_0.confeiteiro_id=?
Hibernate: 
    select
        l1_0.id,
        l1_0.cnpj,
        c1_0.id,
        c1_0.bairro,
        c1_0.cep,
        c1_0.cidade,
        c1_0.cod_status,
        c1_0.complemento,
        c1_0.cpf,
        c1_0.data_nascimento,
        c1_0.email,
        c1_0.endereco,
        c1_0.foto_perfil,
        c1_0.nome,
        c1_0.numero,
        c1_0.preferencias,
        c1_0.restricoes,
        c1_0.senha,
        c1_0.telefone,
        c1_0.tipo_usuario,
        c1_0.uf,
        c1_0.categoria,
        c1_0.promocao,
        c1_0.proprietario,
        l1_0.data_cadastro,
        l1_0.descricao,
        l1_0.endereco,
        l1_0.foto_url,
        l1_0.nome_fantasia,
        l1_0.status,
        l1_0.telefone 
    from
        loja l1_0 
    left join
        (select
            * from usuario t 
        where
            t.tipo_usuario='CONFEITEIRO') c1_0 
            on c1_0.id=l1_0.confeiteiro_id 
    where
        l1_0.confeiteiro_id=?
DEBUG: Filtro processado com sucesso para: bia@gmail.com | Permissões: [ROLE_CLIENTE]
DEBUG: Filtro processado com sucesso para: bia@gmail.com | Permissões: [ROLE_CLIENTE]
2026-06-16T14:45:36.674-03:00  WARN 8456 --- [docelivery] [nio-8080-exec-9] .m.m.a.ExceptionHandlerExceptionResolver : Resolved [org.springframework.web.servlet.resource.NoResourceFoundException: No static resource api/favoritos/lojas for request '/api/favoritos/lojas'.]
2026-06-16T14:45:36.674-03:00  WARN 8456 --- [docelivery] [nio-8080-exec-6] .m.m.a.ExceptionHandlerExceptionResolver : Resolved [org.springframework.web.servlet.resource.NoResourceFoundException: No static resource api/favoritos/produtos for request '/api/favoritos/produtos'.]
Hibernate: 
    select
        u1_0.id,
        u1_0.tipo_usuario,
        u1_0.bairro,
        u1_0.cep,
        u1_0.cidade,
        u1_0.cod_status,
        u1_0.complemento,
        u1_0.cpf,
        u1_0.data_nascimento,
        u1_0.email,
        u1_0.endereco,
        u1_0.foto_perfil,
        u1_0.nome,
        u1_0.numero,
        u1_0.preferencias,
        u1_0.restricoes,
        u1_0.senha,
        u1_0.telefone,
        u1_0.tipo_usuario,
        u1_0.uf,
        u1_0.nivel_acesso,
        u1_0.apelido,
        u1_0.categoria,
        u1_0.promocao,
        u1_0.proprietario,
        u1_0.cnh,
        u1_0.placa_veiculo,
        u1_0.veiculo 
    from
        usuario u1_0 
    where
        u1_0.email=?
Hibernate: 
    select
        u1_0.id,
        u1_0.tipo_usuario,
        u1_0.bairro,
        u1_0.cep,
        u1_0.cidade,
        u1_0.cod_status,
        u1_0.complemento,
        u1_0.cpf,
        u1_0.data_nascimento,
        u1_0.email,
        u1_0.endereco,
        u1_0.foto_perfil,
        u1_0.nome,
        u1_0.numero,
        u1_0.preferencias,
        u1_0.restricoes,
        u1_0.senha,
        u1_0.telefone,
        u1_0.tipo_usuario,
        u1_0.uf,
        u1_0.nivel_acesso,
        u1_0.apelido,
        u1_0.categoria,
        u1_0.promocao,
        u1_0.proprietario,
        u1_0.cnh,
        u1_0.placa_veiculo,
        u1_0.veiculo 
    from
        usuario u1_0 
    where
        u1_0.email=?
Hibernate: 
    select
        l1_0.id,
        l1_0.cnpj,
        c1_0.id,
        c1_0.bairro,
        c1_0.cep,
        c1_0.cidade,
        c1_0.cod_status,
        c1_0.complemento,
        c1_0.cpf,
        c1_0.data_nascimento,
        c1_0.email,
        c1_0.endereco,
        c1_0.foto_perfil,
        c1_0.nome,
        c1_0.numero,
        c1_0.preferencias,
        c1_0.restricoes,
        c1_0.senha,
        c1_0.telefone,
        c1_0.tipo_usuario,
        c1_0.uf,
        c1_0.categoria,
        c1_0.promocao,
        c1_0.proprietario,
        l1_0.data_cadastro,
        l1_0.descricao,
        l1_0.endereco,
        l1_0.foto_url,
        l1_0.nome_fantasia,
        l1_0.status,
        l1_0.telefone 
    from
        loja l1_0 
    left join
        (select
            * from usuario t 
        where
            t.tipo_usuario='CONFEITEIRO') c1_0 
            on c1_0.id=l1_0.confeiteiro_id 
    where
        l1_0.confeiteiro_id=?
Hibernate: 
    select
        l1_0.id,
        l1_0.cnpj,
        c1_0.id,
        c1_0.bairro,
        c1_0.cep,
        c1_0.cidade,
        c1_0.cod_status,
        c1_0.complemento,
        c1_0.cpf,
        c1_0.data_nascimento,
        c1_0.email,
        c1_0.endereco,
        c1_0.foto_perfil,
        c1_0.nome,
        c1_0.numero,
        c1_0.preferencias,
        c1_0.restricoes,
        c1_0.senha,
        c1_0.telefone,
        c1_0.tipo_usuario,
        c1_0.uf,
        c1_0.categoria,
        c1_0.promocao,
        c1_0.proprietario,
        l1_0.data_cadastro,
        l1_0.descricao,
        l1_0.endereco,
        l1_0.foto_url,
        l1_0.nome_fantasia,
        l1_0.status,
        l1_0.telefone 
    from
        loja l1_0 
    left join
        (select
            * from usuario t 
        where
            t.tipo_usuario='CONFEITEIRO') c1_0 
            on c1_0.id=l1_0.confeiteiro_id 
    where
        l1_0.confeiteiro_id=?
DEBUG: Filtro processado com sucesso para: bia@gmail.com | Permissões: [ROLE_CLIENTE]
DEBUG: Filtro processado com sucesso para: bia@gmail.com | Permissões: [ROLE_CLIENTE]
2026-06-16T14:45:39.538-03:00  WARN 8456 --- [docelivery] [nio-8080-exec-8] .m.m.a.ExceptionHandlerExceptionResolver : Resolved [org.springframework.web.servlet.resource.NoResourceFoundException: No static resource api/favoritos/lojas for request '/api/favoritos/lojas'.]
2026-06-16T14:45:39.550-03:00  WARN 8456 --- [docelivery] [nio-8080-exec-2] .m.m.a.ExceptionHandlerExceptionResolver : Resolved [org.springframework.web.servlet.resource.NoResourceFoundException: No static resource api/favoritos/produtos for request '/api/favoritos/produtos'.]
Hibernate: 
    select
        u1_0.id,
        u1_0.tipo_usuario,
        u1_0.bairro,
        u1_0.cep,
        u1_0.cidade,
        u1_0.cod_status,
        u1_0.complemento,
        u1_0.cpf,
        u1_0.data_nascimento,
        u1_0.email,
        u1_0.endereco,
        u1_0.foto_perfil,
        u1_0.nome,
        u1_0.numero,
        u1_0.preferencias,
        u1_0.restricoes,
        u1_0.senha,
        u1_0.telefone,
        u1_0.tipo_usuario,
        u1_0.uf,
        u1_0.nivel_acesso,
        u1_0.apelido,
        u1_0.categoria,
        u1_0.promocao,
        u1_0.proprietario,
        u1_0.cnh,
        u1_0.placa_veiculo,
        u1_0.veiculo 
    from
        usuario u1_0 
    where
        u1_0.email=?
Hibernate: 
    select
        u1_0.id,
        u1_0.tipo_usuario,
        u1_0.bairro,
        u1_0.cep,
        u1_0.cidade,
        u1_0.cod_status,
        u1_0.complemento,
        u1_0.cpf,
        u1_0.data_nascimento,
        u1_0.email,
        u1_0.endereco,
        u1_0.foto_perfil,
        u1_0.nome,
        u1_0.numero,
        u1_0.preferencias,
        u1_0.restricoes,
        u1_0.senha,
        u1_0.telefone,
        u1_0.tipo_usuario,
        u1_0.uf,
        u1_0.nivel_acesso,
        u1_0.apelido,
        u1_0.categoria,
        u1_0.promocao,
        u1_0.proprietario,
        u1_0.cnh,
        u1_0.placa_veiculo,
        u1_0.veiculo 
    from
        usuario u1_0 
    where
        u1_0.email=?
Hibernate: 
    select
        l1_0.id,
        l1_0.cnpj,
        c1_0.id,
        c1_0.bairro,
        c1_0.cep,
        c1_0.cidade,
        c1_0.cod_status,
        c1_0.complemento,
        c1_0.cpf,
        c1_0.data_nascimento,
        c1_0.email,
        c1_0.endereco,
        c1_0.foto_perfil,
        c1_0.nome,
        c1_0.numero,
        c1_0.preferencias,
        c1_0.restricoes,
        c1_0.senha,
        c1_0.telefone,
        c1_0.tipo_usuario,
        c1_0.uf,
        c1_0.categoria,
        c1_0.promocao,
        c1_0.proprietario,
        l1_0.data_cadastro,
        l1_0.descricao,
        l1_0.endereco,
        l1_0.foto_url,
        l1_0.nome_fantasia,
        l1_0.status,
        l1_0.telefone 
    from
        loja l1_0 
    left join
        (select
            * from usuario t 
        where
            t.tipo_usuario='CONFEITEIRO') c1_0 
            on c1_0.id=l1_0.confeiteiro_id 
    where
        l1_0.confeiteiro_id=?
Hibernate: 
    select
        l1_0.id,
        l1_0.cnpj,
        c1_0.id,
        c1_0.bairro,
        c1_0.cep,
        c1_0.cidade,
        c1_0.cod_status,
        c1_0.complemento,
        c1_0.cpf,
        c1_0.data_nascimento,
        c1_0.email,
        c1_0.endereco,
        c1_0.foto_perfil,
        c1_0.nome,
        c1_0.numero,
        c1_0.preferencias,
        c1_0.restricoes,
        c1_0.senha,
        c1_0.telefone,
        c1_0.tipo_usuario,
        c1_0.uf,
        c1_0.categoria,
        c1_0.promocao,
        c1_0.proprietario,
        l1_0.data_cadastro,
        l1_0.descricao,
        l1_0.endereco,
        l1_0.foto_url,
        l1_0.nome_fantasia,
        l1_0.status,
        l1_0.telefone 
    from
        loja l1_0 
    left join
        (select
            * from usuario t 
        where
            t.tipo_usuario='CONFEITEIRO') c1_0 
            on c1_0.id=l1_0.confeiteiro_id 
    where
        l1_0.confeiteiro_id=?
DEBUG: Filtro processado com sucesso para: bia@gmail.com | Permissões: [ROLE_CLIENTE]
DEBUG: Filtro processado com sucesso para: bia@gmail.com | Permissões: [ROLE_CLIENTE]
2026-06-16T14:45:40.804-03:00  WARN 8456 --- [docelivery] [nio-8080-exec-7] .m.m.a.ExceptionHandlerExceptionResolver : Resolved [org.springframework.web.servlet.resource.NoResourceFoundException: No static resource api/favoritos/lojas for request '/api/favoritos/lojas'.]
2026-06-16T14:45:40.804-03:00  WARN 8456 --- [docelivery] [nio-8080-exec-1] .m.m.a.ExceptionHandlerExceptionResolver : Resolved [org.springframework.web.servlet.resource.NoResourceFoundException: No static resource api/favoritos/produtos for request '/api/favoritos/produtos'.]
Hibernate: 
    select
        u1_0.id,
        u1_0.tipo_usuario,
        u1_0.bairro,
        u1_0.cep,
        u1_0.cidade,
        u1_0.cod_status,
        u1_0.complemento,
        u1_0.cpf,
        u1_0.data_nascimento,
        u1_0.email,
        u1_0.endereco,
        u1_0.foto_perfil,
        u1_0.nome,
        u1_0.numero,
        u1_0.preferencias,
        u1_0.restricoes,
        u1_0.senha,
        u1_0.telefone,
        u1_0.tipo_usuario,
        u1_0.uf,
        u1_0.nivel_acesso,
        u1_0.apelido,
        u1_0.categoria,
        u1_0.promocao,
        u1_0.proprietario,
        u1_0.cnh,
        u1_0.placa_veiculo,
        u1_0.veiculo 
    from
        usuario u1_0 
    where
        u1_0.email=?
Hibernate: 
    select
        u1_0.id,
        u1_0.tipo_usuario,
        u1_0.bairro,
        u1_0.cep,
        u1_0.cidade,
        u1_0.cod_status,
        u1_0.complemento,
        u1_0.cpf,
        u1_0.data_nascimento,
        u1_0.email,
        u1_0.endereco,
        u1_0.foto_perfil,
        u1_0.nome,
        u1_0.numero,
        u1_0.preferencias,
        u1_0.restricoes,
        u1_0.senha,
        u1_0.telefone,
        u1_0.tipo_usuario,
        u1_0.uf,
        u1_0.nivel_acesso,
        u1_0.apelido,
        u1_0.categoria,
        u1_0.promocao,
        u1_0.proprietario,
        u1_0.cnh,
        u1_0.placa_veiculo,
        u1_0.veiculo 
    from
        usuario u1_0 
    where
        u1_0.email=?
Hibernate: 
    select
        l1_0.id,
        l1_0.cnpj,
        c1_0.id,
        c1_0.bairro,
        c1_0.cep,
        c1_0.cidade,
        c1_0.cod_status,
        c1_0.complemento,
        c1_0.cpf,
        c1_0.data_nascimento,
        c1_0.email,
        c1_0.endereco,
        c1_0.foto_perfil,
        c1_0.nome,
        c1_0.numero,
        c1_0.preferencias,
        c1_0.restricoes,
        c1_0.senha,
        c1_0.telefone,
        c1_0.tipo_usuario,
        c1_0.uf,
        c1_0.categoria,
        c1_0.promocao,
        c1_0.proprietario,
        l1_0.data_cadastro,
        l1_0.descricao,
        l1_0.endereco,
        l1_0.foto_url,
        l1_0.nome_fantasia,
        l1_0.status,
        l1_0.telefone 
    from
        loja l1_0 
    left join
        (select
            * from usuario t 
        where
            t.tipo_usuario='CONFEITEIRO') c1_0 
            on c1_0.id=l1_0.confeiteiro_id 
    where
        l1_0.confeiteiro_id=?
Hibernate: 
    select
        l1_0.id,
        l1_0.cnpj,
        c1_0.id,
        c1_0.bairro,
        c1_0.cep,
        c1_0.cidade,
        c1_0.cod_status,
        c1_0.complemento,
        c1_0.cpf,
        c1_0.data_nascimento,
        c1_0.email,
        c1_0.endereco,
        c1_0.foto_perfil,
        c1_0.nome,
        c1_0.numero,
        c1_0.preferencias,
        c1_0.restricoes,
        c1_0.senha,
        c1_0.telefone,
        c1_0.tipo_usuario,
        c1_0.uf,
        c1_0.categoria,
        c1_0.promocao,
        c1_0.proprietario,
        l1_0.data_cadastro,
        l1_0.descricao,
        l1_0.endereco,
        l1_0.foto_url,
        l1_0.nome_fantasia,
        l1_0.status,
        l1_0.telefone 
    from
        loja l1_0 
    left join
        (select
            * from usuario t 
        where
            t.tipo_usuario='CONFEITEIRO') c1_0 
            on c1_0.id=l1_0.confeiteiro_id 
    where
        l1_0.confeiteiro_id=?
DEBUG: Filtro processado com sucesso para: bia@gmail.com | Permissões: [ROLE_CLIENTE]
DEBUG: Filtro processado com sucesso para: bia@gmail.com | Permissões: [ROLE_CLIENTE]
2026-06-16T14:47:16.702-03:00  WARN 8456 --- [docelivery] [nio-8080-exec-3] .m.m.a.ExceptionHandlerExceptionResolver : Resolved [org.springframework.web.servlet.resource.NoResourceFoundException: No static resource api/favoritos/produtos for request '/api/favoritos/produtos'.]
2026-06-16T14:47:16.702-03:00  WARN 8456 --- [docelivery] [nio-8080-exec-5] .m.m.a.ExceptionHandlerExceptionResolver : Resolved [org.springframework.web.servlet.resource.NoResourceFoundException: No static resource api/favoritos/lojas for request '/api/favoritos/lojas'.]
Hibernate: 
    select
        c1_0.id,
        c1_0.bairro,
        c1_0.cep,
        c1_0.cidade,
        c1_0.cod_status,
        c1_0.complemento,
        c1_0.cpf,
        c1_0.data_nascimento,
        c1_0.email,
        c1_0.endereco,
        c1_0.foto_perfil,
        c1_0.nome,
        c1_0.numero,
        c1_0.preferencias,
        c1_0.restricoes,
        c1_0.senha,
        c1_0.telefone,
        c1_0.tipo_usuario,
        c1_0.uf,
        c1_0.categoria,
        c1_0.promocao,
        c1_0.proprietario 
    from
        usuario c1_0 
    where
        c1_0.tipo_usuario='CONFEITEIRO'
Hibernate: 
    select
        l1_0.id,
        l1_0.cnpj,
        c1_0.id,
        c1_0.bairro,
        c1_0.cep,
        c1_0.cidade,
        c1_0.cod_status,
        c1_0.complemento,
        c1_0.cpf,
        c1_0.data_nascimento,
        c1_0.email,
        c1_0.endereco,
        c1_0.foto_perfil,
        c1_0.nome,
        c1_0.numero,
        c1_0.preferencias,
        c1_0.restricoes,
        c1_0.senha,
        c1_0.telefone,
        c1_0.tipo_usuario,
        c1_0.uf,
        c1_0.categoria,
        c1_0.promocao,
        c1_0.proprietario,
        l1_0.data_cadastro,
        l1_0.descricao,
        l1_0.endereco,
        l1_0.foto_url,
        l1_0.nome_fantasia,
        l1_0.status,
        l1_0.telefone 
    from
        loja l1_0 
    left join
        (select
            * from usuario t 
        where
            t.tipo_usuario='CONFEITEIRO') c1_0 
            on c1_0.id=l1_0.confeiteiro_id 
    where
        l1_0.confeiteiro_id=?
Hibernate: 
    select
        u1_0.id,
        u1_0.tipo_usuario,
        u1_0.bairro,
        u1_0.cep,
        u1_0.cidade,
        u1_0.cod_status,
        u1_0.complemento,
        u1_0.cpf,
        u1_0.data_nascimento,
        u1_0.email,
        u1_0.endereco,
        u1_0.foto_perfil,
        u1_0.nome,
        u1_0.numero,
        u1_0.preferencias,
        u1_0.restricoes,
        u1_0.senha,
        u1_0.telefone,
        u1_0.tipo_usuario,
        u1_0.uf,
        u1_0.nivel_acesso,
        u1_0.apelido,
        u1_0.categoria,
        u1_0.promocao,
        u1_0.proprietario,
        u1_0.cnh,
        u1_0.placa_veiculo,
        u1_0.veiculo 
    from
        usuario u1_0 
    where
        u1_0.email=?
Hibernate: 
    select
        u1_0.id,
        u1_0.tipo_usuario,
        u1_0.bairro,
        u1_0.cep,
        u1_0.cidade,
        u1_0.cod_status,
        u1_0.complemento,
        u1_0.cpf,
        u1_0.data_nascimento,
        u1_0.email,
        u1_0.endereco,
        u1_0.foto_perfil,
        u1_0.nome,
        u1_0.numero,
        u1_0.preferencias,
        u1_0.restricoes,
        u1_0.senha,
        u1_0.telefone,
        u1_0.tipo_usuario,
        u1_0.uf,
        u1_0.nivel_acesso,
        u1_0.apelido,
        u1_0.categoria,
        u1_0.promocao,
        u1_0.proprietario,
        u1_0.cnh,
        u1_0.placa_veiculo,
        u1_0.veiculo 
    from
        usuario u1_0 
    where
        u1_0.email=?
Hibernate: 
    select
        u1_0.id,
        u1_0.tipo_usuario,
        u1_0.bairro,
        u1_0.cep,
        u1_0.cidade,
        u1_0.cod_status,
        u1_0.complemento,
        u1_0.cpf,
        u1_0.data_nascimento,
        u1_0.email,
        u1_0.endereco,
        u1_0.foto_perfil,
        u1_0.nome,
        u1_0.numero,
        u1_0.preferencias,
        u1_0.restricoes,
        u1_0.senha,
        u1_0.telefone,
        u1_0.tipo_usuario,
        u1_0.uf,
        u1_0.nivel_acesso,
        u1_0.apelido,
        u1_0.categoria,
        u1_0.promocao,
        u1_0.proprietario,
        u1_0.cnh,
        u1_0.placa_veiculo,
        u1_0.veiculo 
    from
        usuario u1_0 
    where
        u1_0.email=?
Hibernate: 
    select
        c1_0.id,
        c1_0.bairro,
        c1_0.cep,
        c1_0.cidade,
        c1_0.cod_status,
        c1_0.complemento,
        c1_0.cpf,
        c1_0.data_nascimento,
        c1_0.email,
        c1_0.endereco,
        c1_0.foto_perfil,
        c1_0.nome,
        c1_0.numero,
        c1_0.preferencias,
        c1_0.restricoes,
        c1_0.senha,
        c1_0.telefone,
        c1_0.tipo_usuario,
        c1_0.uf,
        c1_0.categoria,
        c1_0.promocao,
        c1_0.proprietario 
    from
        usuario c1_0 
    where
        c1_0.tipo_usuario='CONFEITEIRO'
Hibernate: 
    select
        c1_0.id,
        c1_0.bairro,
        c1_0.cep,
        c1_0.cidade,
        c1_0.cod_status,
        c1_0.complemento,
        c1_0.cpf,
        c1_0.data_nascimento,
        c1_0.email,
        c1_0.endereco,
        c1_0.foto_perfil,
        c1_0.nome,
        c1_0.numero,
        c1_0.preferencias,
        c1_0.restricoes,
        c1_0.senha,
        c1_0.telefone,
        c1_0.tipo_usuario,
        c1_0.uf,
        c1_0.categoria,
        c1_0.promocao,
        c1_0.proprietario 
    from
        usuario c1_0 
    where
        c1_0.tipo_usuario='CONFEITEIRO'
Hibernate: 
    select
        l1_0.id,
        l1_0.cnpj,
        c1_0.id,
        c1_0.bairro,
        c1_0.cep,
        c1_0.cidade,
        c1_0.cod_status,
        c1_0.complemento,
        c1_0.cpf,
        c1_0.data_nascimento,
        c1_0.email,
        c1_0.endereco,
        c1_0.foto_perfil,
        c1_0.nome,
        c1_0.numero,
        c1_0.preferencias,
        c1_0.restricoes,
        c1_0.senha,
        c1_0.telefone,
        c1_0.tipo_usuario,
        c1_0.uf,
        c1_0.categoria,
        c1_0.promocao,
        c1_0.proprietario,
        l1_0.data_cadastro,
        l1_0.descricao,
        l1_0.endereco,
        l1_0.foto_url,
        l1_0.nome_fantasia,
        l1_0.status,
        l1_0.telefone 
    from
        loja l1_0 
    left join
        (select
            * from usuario t 
        where
            t.tipo_usuario='CONFEITEIRO') c1_0 
            on c1_0.id=l1_0.confeiteiro_id 
    where
        l1_0.confeiteiro_id=?
Hibernate: 
    select
        l1_0.id,
        l1_0.cnpj,
        c1_0.id,
        c1_0.bairro,
        c1_0.cep,
        c1_0.cidade,
        c1_0.cod_status,
        c1_0.complemento,
        c1_0.cpf,
        c1_0.data_nascimento,
        c1_0.email,
        c1_0.endereco,
        c1_0.foto_perfil,
        c1_0.nome,
        c1_0.numero,
        c1_0.preferencias,
        c1_0.restricoes,
        c1_0.senha,
        c1_0.telefone,
        c1_0.tipo_usuario,
        c1_0.uf,
        c1_0.categoria,
        c1_0.promocao,
        c1_0.proprietario,
        l1_0.data_cadastro,
        l1_0.descricao,
        l1_0.endereco,
        l1_0.foto_url,
        l1_0.nome_fantasia,
        l1_0.status,
        l1_0.telefone 
    from
        loja l1_0 
    left join
        (select
            * from usuario t 
        where
            t.tipo_usuario='CONFEITEIRO') c1_0 
            on c1_0.id=l1_0.confeiteiro_id 
    where
        l1_0.confeiteiro_id=?
Hibernate: 
    select
        l1_0.id,
        l1_0.cnpj,
        c1_0.id,
        c1_0.bairro,
        c1_0.cep,
        c1_0.cidade,
        c1_0.cod_status,
        c1_0.complemento,
        c1_0.cpf,
        c1_0.data_nascimento,
        c1_0.email,
        c1_0.endereco,
        c1_0.foto_perfil,
        c1_0.nome,
        c1_0.numero,
        c1_0.preferencias,
        c1_0.restricoes,
        c1_0.senha,
        c1_0.telefone,
        c1_0.tipo_usuario,
        c1_0.uf,
        c1_0.categoria,
        c1_0.promocao,
        c1_0.proprietario,
        l1_0.data_cadastro,
        l1_0.descricao,
        l1_0.endereco,
        l1_0.foto_url,
        l1_0.nome_fantasia,
        l1_0.status,
        l1_0.telefone 
    from
        loja l1_0 
    left join
        (select
            * from usuario t 
        where
            t.tipo_usuario='CONFEITEIRO') c1_0 
            on c1_0.id=l1_0.confeiteiro_id 
    where
        l1_0.confeiteiro_id=?
Hibernate: 
    select
        l1_0.id,
        l1_0.cnpj,
        c1_0.id,
        c1_0.bairro,
        c1_0.cep,
        c1_0.cidade,
        c1_0.cod_status,
        c1_0.complemento,
        c1_0.cpf,
        c1_0.data_nascimento,
        c1_0.email,
        c1_0.endereco,
        c1_0.foto_perfil,
        c1_0.nome,
        c1_0.numero,
        c1_0.preferencias,
        c1_0.restricoes,
        c1_0.senha,
        c1_0.telefone,
        c1_0.tipo_usuario,
        c1_0.uf,
        c1_0.categoria,
        c1_0.promocao,
        c1_0.proprietario,
        l1_0.data_cadastro,
        l1_0.descricao,
        l1_0.endereco,
        l1_0.foto_url,
        l1_0.nome_fantasia,
        l1_0.status,
        l1_0.telefone 
    from
        loja l1_0 
    left join
        (select
            * from usuario t 
        where
            t.tipo_usuario='CONFEITEIRO') c1_0 
            on c1_0.id=l1_0.confeiteiro_id 
    where
        l1_0.confeiteiro_id=?
Hibernate: 
    select
        l1_0.id,
        l1_0.cnpj,
        c1_0.id,
        c1_0.bairro,
        c1_0.cep,
        c1_0.cidade,
        c1_0.cod_status,
        c1_0.complemento,
        c1_0.cpf,
        c1_0.data_nascimento,
        c1_0.email,
        c1_0.endereco,
        c1_0.foto_perfil,
        c1_0.nome,
        c1_0.numero,
        c1_0.preferencias,
        c1_0.restricoes,
        c1_0.senha,
        c1_0.telefone,
        c1_0.tipo_usuario,
        c1_0.uf,
        c1_0.categoria,
        c1_0.promocao,
        c1_0.proprietario,
        l1_0.data_cadastro,
        l1_0.descricao,
        l1_0.endereco,
        l1_0.foto_url,
        l1_0.nome_fantasia,
        l1_0.status,
        l1_0.telefone 
    from
        loja l1_0 
    left join
        (select
            * from usuario t 
        where
            t.tipo_usuario='CONFEITEIRO') c1_0 
            on c1_0.id=l1_0.confeiteiro_id 
    where
        l1_0.confeiteiro_id=?
DEBUG: Filtro processado com sucesso para: bia@gmail.com | Permissões: [ROLE_CLIENTE]
DEBUG: Filtro processado com sucesso para: bia@gmail.com | Permissões: [ROLE_CLIENTE]
DEBUG: Filtro processado com sucesso para: bia@gmail.com | Permissões: [ROLE_CLIENTE]
LOG PERFIL: GET /api/cliente/perfil chamado
LOG PERFIL: Usuário autenticado: bia@gmail.com | Role: [ROLE_CLIENTE] | Tipo: CLIENTE
Hibernate: 
    select
        c1_0.id,
        c1_0.bairro,
        c1_0.cep,
        c1_0.cidade,
        c1_0.cod_status,
        c1_0.complemento,
        c1_0.cpf,
        c1_0.data_nascimento,
        c1_0.email,
        c1_0.endereco,
        c1_0.foto_perfil,
        l1_0.id,
        l1_0.cnpj,
        l1_0.confeiteiro_id,
        l1_0.data_cadastro,
        l1_0.descricao,
        l1_0.endereco,
        l1_0.foto_url,
        l1_0.nome_fantasia,
        l1_0.status,
        l1_0.telefone,
        c1_0.nome,
        c1_0.numero,
        c1_0.preferencias,
        c1_0.restricoes,
        c1_0.senha,
        c1_0.telefone,
        c1_0.tipo_usuario,
        c1_0.uf,
        c1_0.apelido 
    from
        usuario c1_0 
    left join
        loja l1_0 
            on c1_0.id=l1_0.confeiteiro_id 
    where
        c1_0.tipo_usuario='CLIENTE' 
        and c1_0.id=?
LOG CPF       : 19199467349
LOG DATA_NASC : 2007-07-19
LOG APELIDO   : Mari
LOG FOTO      : http://192.168.1.102:8080/uploads/fotos/perfil_2_1781629656670.jpg
LOG PREF      : ["Bolos","Cupcakes"]
LOG DTO CPF   : 19199467349
LOG DTO DATA  : 2007-07-19
Hibernate: 
    select
        c1_0.id,
        c1_0.bairro,
        c1_0.cep,
        c1_0.cidade,
        c1_0.cod_status,
        c1_0.complemento,
        c1_0.cpf,
        c1_0.data_nascimento,
        c1_0.email,
        c1_0.endereco,
        c1_0.foto_perfil,
        c1_0.nome,
        c1_0.numero,
        c1_0.preferencias,
        c1_0.restricoes,
        c1_0.senha,
        c1_0.telefone,
        c1_0.tipo_usuario,
        c1_0.uf,
        c1_0.categoria,
        c1_0.promocao,
        c1_0.proprietario 
    from
        usuario c1_0 
    where
        c1_0.tipo_usuario='CONFEITEIRO'
Hibernate: 
    select
        l1_0.id,
        l1_0.cnpj,
        c1_0.id,
        c1_0.bairro,
        c1_0.cep,
        c1_0.cidade,
        c1_0.cod_status,
        c1_0.complemento,
        c1_0.cpf,
        c1_0.data_nascimento,
        c1_0.email,
        c1_0.endereco,
        c1_0.foto_perfil,
        c1_0.nome,
        c1_0.numero,
        c1_0.preferencias,
        c1_0.restricoes,
        c1_0.senha,
        c1_0.telefone,
        c1_0.tipo_usuario,
        c1_0.uf,
        c1_0.categoria,
        c1_0.promocao,
        c1_0.proprietario,
        l1_0.data_cadastro,
        l1_0.descricao,
        l1_0.endereco,
        l1_0.foto_url,
        l1_0.nome_fantasia,
        l1_0.status,
        l1_0.telefone 
    from
        loja l1_0 
    left join
        (select
            * from usuario t 
        where
            t.tipo_usuario='CONFEITEIRO') c1_0 
            on c1_0.id=l1_0.confeiteiro_id 
    where
        l1_0.confeiteiro_id=?
Hibernate: 
    select
        u1_0.id,
        u1_0.tipo_usuario,
        u1_0.bairro,
        u1_0.cep,
        u1_0.cidade,
        u1_0.cod_status,
        u1_0.complemento,
        u1_0.cpf,
        u1_0.data_nascimento,
        u1_0.email,
        u1_0.endereco,
        u1_0.foto_perfil,
        u1_0.nome,
        u1_0.numero,
        u1_0.preferencias,
        u1_0.restricoes,
        u1_0.senha,
        u1_0.telefone,
        u1_0.tipo_usuario,
        u1_0.uf,
        u1_0.nivel_acesso,
        u1_0.apelido,
        u1_0.categoria,
        u1_0.promocao,
        u1_0.proprietario,
        u1_0.cnh,
        u1_0.placa_veiculo,
        u1_0.veiculo 
    from
        usuario u1_0 
    where
        u1_0.email=?
Hibernate: 
    select
        l1_0.id,
        l1_0.cnpj,
        c1_0.id,
        c1_0.bairro,
        c1_0.cep,
        c1_0.cidade,
        c1_0.cod_status,
        c1_0.complemento,
        c1_0.cpf,
        c1_0.data_nascimento,
        c1_0.email,
        c1_0.endereco,
        c1_0.foto_perfil,
        c1_0.nome,
        c1_0.numero,
        c1_0.preferencias,
        c1_0.restricoes,
        c1_0.senha,
        c1_0.telefone,
        c1_0.tipo_usuario,
        c1_0.uf,
        c1_0.categoria,
        c1_0.promocao,
        c1_0.proprietario,
        l1_0.data_cadastro,
        l1_0.descricao,
        l1_0.endereco,
        l1_0.foto_url,
        l1_0.nome_fantasia,
        l1_0.status,
        l1_0.telefone 
    from
        loja l1_0 
    left join
        (select
            * from usuario t 
        where
            t.tipo_usuario='CONFEITEIRO') c1_0 
            on c1_0.id=l1_0.confeiteiro_id 
    where
        l1_0.confeiteiro_id=?
DEBUG: Filtro processado com sucesso para: bia@gmail.com | Permissões: [ROLE_CLIENTE]
Hibernate: 
    select
        u1_0.id,
        u1_0.tipo_usuario,
        u1_0.bairro,
        u1_0.cep,
        u1_0.cidade,
        u1_0.cod_status,
        u1_0.complemento,
        u1_0.cpf,
        u1_0.data_nascimento,
        u1_0.email,
        u1_0.endereco,
        u1_0.foto_perfil,
        u1_0.nome,
        u1_0.numero,
        u1_0.preferencias,
        u1_0.restricoes,
        u1_0.senha,
        u1_0.telefone,
        u1_0.tipo_usuario,
        u1_0.uf,
        u1_0.nivel_acesso,
        u1_0.apelido,
        u1_0.categoria,
        u1_0.promocao,
        u1_0.proprietario,
        u1_0.cnh,
        u1_0.placa_veiculo,
        u1_0.veiculo 
    from
        usuario u1_0 
    where
        u1_0.email=?
Hibernate: 
    select
        l1_0.id,
        l1_0.cnpj,
        c1_0.id,
        c1_0.bairro,
        c1_0.cep,
        c1_0.cidade,
        c1_0.cod_status,
        c1_0.complemento,
        c1_0.cpf,
        c1_0.data_nascimento,
        c1_0.email,
        c1_0.endereco,
        c1_0.foto_perfil,
        c1_0.nome,
        c1_0.numero,
        c1_0.preferencias,
        c1_0.restricoes,
        c1_0.senha,
        c1_0.telefone,
        c1_0.tipo_usuario,
        c1_0.uf,
        c1_0.categoria,
        c1_0.promocao,
        c1_0.proprietario,
        l1_0.data_cadastro,
        l1_0.descricao,
        l1_0.endereco,
        l1_0.foto_url,
        l1_0.nome_fantasia,
        l1_0.status,
        l1_0.telefone 
    from
        loja l1_0 
    left join
        (select
            * from usuario t 
        where
            t.tipo_usuario='CONFEITEIRO') c1_0 
            on c1_0.id=l1_0.confeiteiro_id 
    where
        l1_0.confeiteiro_id=?
DEBUG: Filtro processado com sucesso para: bia@gmail.com | Permissões: [ROLE_CLIENTE]
LOG DTO JSON  : {"id":2,"nome":"Marina Gonçalves de Brito","apelido":"Mari","cpf":"19199467349","dataNascimento":"2007-07-19","email":"bia@gmail.com","telefone":"97675537678","cep":"06660485","logradouro":"Rua Francana","numero":"0","complemento":null,"bairro":"Vila Santa Rita","cidade":"Itapevi","estado":"SP","fotoPerfil":"http://192.168.1.102:8080/uploads/fotos/perfil_2_1781629656670.jpg","preferencias":["Bolos","Cupcakes"],"restricoes":["Sem Glúten","Sem Lactose"]}
2026-06-16T15:05:01.428-03:00  WARN 8456 --- [docelivery] [io-8080-exec-10] .m.m.a.ExceptionHandlerExceptionResolver : Resolved [org.springframework.web.servlet.resource.NoResourceFoundException: No static resource api/favoritos/lojas for request '/api/favoritos/lojas'.]
2026-06-16T15:05:01.445-03:00  WARN 8456 --- [docelivery] [nio-8080-exec-5] .m.m.a.ExceptionHandlerExceptionResolver : Resolved [org.springframework.web.servlet.resource.NoResourceFoundException: No static resource api/favoritos/produtos for request '/api/favoritos/produtos'.]
2026-06-16T15:05:01.439-03:00  WARN 8456 --- [docelivery] [nio-8080-exec-4] .m.m.a.ExceptionHandlerExceptionResolver : Resolved [org.springframework.web.servlet.resource.NoResourceFoundException: No static resource api/favoritos/lojas for request '/api/favoritos/lojas'.]
2026-06-16T15:05:01.428-03:00  WARN 8456 --- [docelivery] [nio-8080-exec-1] .m.m.a.ExceptionHandlerExceptionResolver : Resolved [org.springframework.web.servlet.resource.NoResourceFoundException: No static resource api/favoritos/lojas for request '/api/favoritos/lojas'.]
Hibernate: 
    select
        u1_0.id,
        u1_0.tipo_usuario,
        u1_0.bairro,
        u1_0.cep,
        u1_0.cidade,
        u1_0.cod_status,
        u1_0.complemento,
        u1_0.cpf,
        u1_0.data_nascimento,
        u1_0.email,
        u1_0.endereco,
        u1_0.foto_perfil,
        u1_0.nome,
        u1_0.numero,
        u1_0.preferencias,
        u1_0.restricoes,
        u1_0.senha,
        u1_0.telefone,
        u1_0.tipo_usuario,
        u1_0.uf,
        u1_0.nivel_acesso,
        u1_0.apelido,
        u1_0.categoria,
        u1_0.promocao,
        u1_0.proprietario,
        u1_0.cnh,
        u1_0.placa_veiculo,
        u1_0.veiculo 
    from
        usuario u1_0 
    where
        u1_0.email=?
Hibernate: 
    select
        u1_0.id,
        u1_0.tipo_usuario,
        u1_0.bairro,
        u1_0.cep,
        u1_0.cidade,
        u1_0.cod_status,
        u1_0.complemento,
        u1_0.cpf,
        u1_0.data_nascimento,
        u1_0.email,
        u1_0.endereco,
        u1_0.foto_perfil,
        u1_0.nome,
        u1_0.numero,
        u1_0.preferencias,
        u1_0.restricoes,
        u1_0.senha,
        u1_0.telefone,
        u1_0.tipo_usuario,
        u1_0.uf,
        u1_0.nivel_acesso,
        u1_0.apelido,
        u1_0.categoria,
        u1_0.promocao,
        u1_0.proprietario,
        u1_0.cnh,
        u1_0.placa_veiculo,
        u1_0.veiculo 
    from
        usuario u1_0 
    where
        u1_0.email=?
Hibernate: 
    select
        l1_0.id,
        l1_0.cnpj,
        c1_0.id,
        c1_0.bairro,
        c1_0.cep,
        c1_0.cidade,
        c1_0.cod_status,
        c1_0.complemento,
        c1_0.cpf,
        c1_0.data_nascimento,
        c1_0.email,
        c1_0.endereco,
        c1_0.foto_perfil,
        c1_0.nome,
        c1_0.numero,
        c1_0.preferencias,
        c1_0.restricoes,
        c1_0.senha,
        c1_0.telefone,
        c1_0.tipo_usuario,
        c1_0.uf,
        c1_0.categoria,
        c1_0.promocao,
        c1_0.proprietario,
        l1_0.data_cadastro,
        l1_0.descricao,
        l1_0.endereco,
        l1_0.foto_url,
        l1_0.nome_fantasia,
        l1_0.status,
        l1_0.telefone 
    from
        loja l1_0 
    left join
        (select
            * from usuario t 
        where
            t.tipo_usuario='CONFEITEIRO') c1_0 
            on c1_0.id=l1_0.confeiteiro_id 
    where
        l1_0.confeiteiro_id=?
Hibernate: 
    select
        l1_0.id,
        l1_0.cnpj,
        c1_0.id,
        c1_0.bairro,
        c1_0.cep,
        c1_0.cidade,
        c1_0.cod_status,
        c1_0.complemento,
        c1_0.cpf,
        c1_0.data_nascimento,
        c1_0.email,
        c1_0.endereco,
        c1_0.foto_perfil,
        c1_0.nome,
        c1_0.numero,
        c1_0.preferencias,
        c1_0.restricoes,
        c1_0.senha,
        c1_0.telefone,
        c1_0.tipo_usuario,
        c1_0.uf,
        c1_0.categoria,
        c1_0.promocao,
        c1_0.proprietario,
        l1_0.data_cadastro,
        l1_0.descricao,
        l1_0.endereco,
        l1_0.foto_url,
        l1_0.nome_fantasia,
        l1_0.status,
        l1_0.telefone 
    from
        loja l1_0 
    left join
        (select
            * from usuario t 
        where
            t.tipo_usuario='CONFEITEIRO') c1_0 
            on c1_0.id=l1_0.confeiteiro_id 
    where
        l1_0.confeiteiro_id=?
DEBUG: Filtro processado com sucesso para: bia@gmail.com | Permissões: [ROLE_CLIENTE]
2026-06-16T15:05:04.797-03:00  WARN 8456 --- [docelivery] [nio-8080-exec-6] .m.m.a.ExceptionHandlerExceptionResolver : Resolved [org.springframework.web.servlet.resource.NoResourceFoundException: No static resource api/favoritos/produtos for request '/api/favoritos/produtos'.]
DEBUG: Filtro processado com sucesso para: bia@gmail.com | Permissões: [ROLE_CLIENTE]
2026-06-16T15:05:04.810-03:00  WARN 8456 --- [docelivery] [nio-8080-exec-9] .m.m.a.ExceptionHandlerExceptionResolver : Resolved [org.springframework.web.servlet.resource.NoResourceFoundException: No static resource api/favoritos/lojas for request '/api/favoritos/lojas'.]
Hibernate: 
    select
        u1_0.id,
        u1_0.tipo_usuario,
        u1_0.bairro,
        u1_0.cep,
        u1_0.cidade,
        u1_0.cod_status,
        u1_0.complemento,
        u1_0.cpf,
        u1_0.data_nascimento,
        u1_0.email,
        u1_0.endereco,
        u1_0.foto_perfil,
        u1_0.nome,
        u1_0.numero,
        u1_0.preferencias,
        u1_0.restricoes,
        u1_0.senha,
        u1_0.telefone,
        u1_0.tipo_usuario,
        u1_0.uf,
        u1_0.nivel_acesso,
        u1_0.apelido,
        u1_0.categoria,
        u1_0.promocao,
        u1_0.proprietario,
        u1_0.cnh,
        u1_0.placa_veiculo,
        u1_0.veiculo 
    from
        usuario u1_0 
    where
        u1_0.email=?
Hibernate: 
    select
        l1_0.id,
        l1_0.cnpj,
        c1_0.id,
        c1_0.bairro,
        c1_0.cep,
        c1_0.cidade,
        c1_0.cod_status,
        c1_0.complemento,
        c1_0.cpf,
        c1_0.data_nascimento,
        c1_0.email,
        c1_0.endereco,
        c1_0.foto_perfil,
        c1_0.nome,
        c1_0.numero,
        c1_0.preferencias,
        c1_0.restricoes,
        c1_0.senha,
        c1_0.telefone,
        c1_0.tipo_usuario,
        c1_0.uf,
        c1_0.categoria,
        c1_0.promocao,
        c1_0.proprietario,
        l1_0.data_cadastro,
        l1_0.descricao,
        l1_0.endereco,
        l1_0.foto_url,
        l1_0.nome_fantasia,
        l1_0.status,
        l1_0.telefone 
    from
        loja l1_0 
    left join
        (select
            * from usuario t 
        where
            t.tipo_usuario='CONFEITEIRO') c1_0 
            on c1_0.id=l1_0.confeiteiro_id 
    where
        l1_0.confeiteiro_id=?
DEBUG: Filtro processado com sucesso para: bia@gmail.com | Permissões: [ROLE_CLIENTE]
2026-06-16T15:05:08.471-03:00  WARN 8456 --- [docelivery] [nio-8080-exec-2] .m.m.a.ExceptionHandlerExceptionResolver : Resolved [org.springframework.web.servlet.resource.NoResourceFoundException: No static resource api/favoritos/lojas/1 for request '/api/favoritos/lojas/1'.]
Hibernate: 
    select
        u1_0.id,
        u1_0.tipo_usuario,
        u1_0.bairro,
        u1_0.cep,
        u1_0.cidade,
        u1_0.cod_status,
        u1_0.complemento,
        u1_0.cpf,
        u1_0.data_nascimento,
        u1_0.email,
        u1_0.endereco,
        u1_0.foto_perfil,
        u1_0.nome,
        u1_0.numero,
        u1_0.preferencias,
        u1_0.restricoes,
        u1_0.senha,
        u1_0.telefone,
        u1_0.tipo_usuario,
        u1_0.uf,
        u1_0.nivel_acesso,
        u1_0.apelido,
        u1_0.categoria,
        u1_0.promocao,
        u1_0.proprietario,
        u1_0.cnh,
        u1_0.placa_veiculo,
        u1_0.veiculo 
    from
        usuario u1_0 
    where
        u1_0.email=?
Hibernate: 
    select
        l1_0.id,
        l1_0.cnpj,
        c1_0.id,
        c1_0.bairro,
        c1_0.cep,
        c1_0.cidade,
        c1_0.cod_status,
        c1_0.complemento,
        c1_0.cpf,
        c1_0.data_nascimento,
        c1_0.email,
        c1_0.endereco,
        c1_0.foto_perfil,
        c1_0.nome,
        c1_0.numero,
        c1_0.preferencias,
        c1_0.restricoes,
        c1_0.senha,
        c1_0.telefone,
        c1_0.tipo_usuario,
        c1_0.uf,
        c1_0.categoria,
        c1_0.promocao,
        c1_0.proprietario,
        l1_0.data_cadastro,
        l1_0.descricao,
        l1_0.endereco,
        l1_0.foto_url,
        l1_0.nome_fantasia,
        l1_0.status,
        l1_0.telefone 
    from
        loja l1_0 
    left join
        (select
            * from usuario t 
        where
            t.tipo_usuario='CONFEITEIRO') c1_0 
            on c1_0.id=l1_0.confeiteiro_id 
    where
        l1_0.confeiteiro_id=?
DEBUG: Filtro processado com sucesso para: bia@gmail.com | Permissões: [ROLE_CLIENTE]
2026-06-16T15:05:10.650-03:00  WARN 8456 --- [docelivery] [nio-8080-exec-7] .m.m.a.ExceptionHandlerExceptionResolver : Resolved [org.springframework.web.servlet.resource.NoResourceFoundException: No static resource api/favoritos/produtos/1 for request '/api/favoritos/produtos/1'.]
Hibernate: 
    select
        u1_0.id,
        u1_0.tipo_usuario,
        u1_0.bairro,
        u1_0.cep,
        u1_0.cidade,
        u1_0.cod_status,
        u1_0.complemento,
        u1_0.cpf,
        u1_0.data_nascimento,
        u1_0.email,
        u1_0.endereco,
        u1_0.foto_perfil,
        u1_0.nome,
        u1_0.numero,
        u1_0.preferencias,
        u1_0.restricoes,
        u1_0.senha,
        u1_0.telefone,
        u1_0.tipo_usuario,
        u1_0.uf,
        u1_0.nivel_acesso,
        u1_0.apelido,
        u1_0.categoria,
        u1_0.promocao,
        u1_0.proprietario,
        u1_0.cnh,
        u1_0.placa_veiculo,
        u1_0.veiculo 
    from
        usuario u1_0 
    where
        u1_0.email=?
Hibernate: 
    select
        u1_0.id,
        u1_0.tipo_usuario,
        u1_0.bairro,
        u1_0.cep,
        u1_0.cidade,
        u1_0.cod_status,
        u1_0.complemento,
        u1_0.cpf,
        u1_0.data_nascimento,
        u1_0.email,
        u1_0.endereco,
        u1_0.foto_perfil,
        u1_0.nome,
        u1_0.numero,
        u1_0.preferencias,
        u1_0.restricoes,
        u1_0.senha,
        u1_0.telefone,
        u1_0.tipo_usuario,
        u1_0.uf,
        u1_0.nivel_acesso,
        u1_0.apelido,
        u1_0.categoria,
        u1_0.promocao,
        u1_0.proprietario,
        u1_0.cnh,
        u1_0.placa_veiculo,
        u1_0.veiculo 
    from
        usuario u1_0 
    where
        u1_0.email=?
Hibernate: 
    select
        l1_0.id,
        l1_0.cnpj,
        c1_0.id,
        c1_0.bairro,
        c1_0.cep,
        c1_0.cidade,
        c1_0.cod_status,
        c1_0.complemento,
        c1_0.cpf,
        c1_0.data_nascimento,
        c1_0.email,
        c1_0.endereco,
        c1_0.foto_perfil,
        c1_0.nome,
        c1_0.numero,
        c1_0.preferencias,
        c1_0.restricoes,
        c1_0.senha,
        c1_0.telefone,
        c1_0.tipo_usuario,
        c1_0.uf,
        c1_0.categoria,
        c1_0.promocao,
        c1_0.proprietario,
        l1_0.data_cadastro,
        l1_0.descricao,
        l1_0.endereco,
        l1_0.foto_url,
        l1_0.nome_fantasia,
        l1_0.status,
        l1_0.telefone 
    from
        loja l1_0 
    left join
        (select
            * from usuario t 
        where
            t.tipo_usuario='CONFEITEIRO') c1_0 
            on c1_0.id=l1_0.confeiteiro_id 
    where
        l1_0.confeiteiro_id=?
Hibernate: 
    select
        l1_0.id,
        l1_0.cnpj,
        c1_0.id,
        c1_0.bairro,
        c1_0.cep,
        c1_0.cidade,
        c1_0.cod_status,
        c1_0.complemento,
        c1_0.cpf,
        c1_0.data_nascimento,
        c1_0.email,
        c1_0.endereco,
        c1_0.foto_perfil,
        c1_0.nome,
        c1_0.numero,
        c1_0.preferencias,
        c1_0.restricoes,
        c1_0.senha,
        c1_0.telefone,
        c1_0.tipo_usuario,
        c1_0.uf,
        c1_0.categoria,
        c1_0.promocao,
        c1_0.proprietario,
        l1_0.data_cadastro,
        l1_0.descricao,
        l1_0.endereco,
        l1_0.foto_url,
        l1_0.nome_fantasia,
        l1_0.status,
        l1_0.telefone 
    from
        loja l1_0 
    left join
        (select
            * from usuario t 
        where
            t.tipo_usuario='CONFEITEIRO') c1_0 
            on c1_0.id=l1_0.confeiteiro_id 
    where
        l1_0.confeiteiro_id=?
DEBUG: Filtro processado com sucesso para: bia@gmail.com | Permissões: [ROLE_CLIENTE]
2026-06-16T15:05:12.974-03:00  WARN 8456 --- [docelivery] [nio-8080-exec-8] .m.m.a.ExceptionHandlerExceptionResolver : Resolved [org.springframework.web.servlet.resource.NoResourceFoundException: No static resource api/favoritos/produtos for request '/api/favoritos/produtos'.]
DEBUG: Filtro processado com sucesso para: bia@gmail.com | Permissões: [ROLE_CLIENTE]
2026-06-16T15:05:12.997-03:00  WARN 8456 --- [docelivery] [nio-8080-exec-3] .m.m.a.ExceptionHandlerExceptionResolver : Resolved [org.springframework.web.servlet.resource.NoResourceFoundException: No static resource api/favoritos/lojas for request '/api/favoritos/lojas'.]
Hibernate: 
    select
        u1_0.id,
        u1_0.tipo_usuario,
        u1_0.bairro,
        u1_0.cep,
        u1_0.cidade,
        u1_0.cod_status,
        u1_0.complemento,
        u1_0.cpf,
        u1_0.data_nascimento,
        u1_0.email,
        u1_0.endereco,
        u1_0.foto_perfil,
        u1_0.nome,
        u1_0.numero,
        u1_0.preferencias,
        u1_0.restricoes,
        u1_0.senha,
        u1_0.telefone,
        u1_0.tipo_usuario,
        u1_0.uf,
        u1_0.nivel_acesso,
        u1_0.apelido,
        u1_0.categoria,
        u1_0.promocao,
        u1_0.proprietario,
        u1_0.cnh,
        u1_0.placa_veiculo,
        u1_0.veiculo 
    from
        usuario u1_0 
    where
        u1_0.email=?
Hibernate: 
    select
        l1_0.id,
        l1_0.cnpj,
        c1_0.id,
        c1_0.bairro,
        c1_0.cep,
        c1_0.cidade,
        c1_0.cod_status,
        c1_0.complemento,
        c1_0.cpf,
        c1_0.data_nascimento,
        c1_0.email,
        c1_0.endereco,
        c1_0.foto_perfil,
        c1_0.nome,
        c1_0.numero,
        c1_0.preferencias,
        c1_0.restricoes,
        c1_0.senha,
        c1_0.telefone,
        c1_0.tipo_usuario,
        c1_0.uf,
        c1_0.categoria,
        c1_0.promocao,
        c1_0.proprietario,
        l1_0.data_cadastro,
        l1_0.descricao,
        l1_0.endereco,
        l1_0.foto_url,
        l1_0.nome_fantasia,
        l1_0.status,
        l1_0.telefone 
    from
        loja l1_0 
    left join
        (select
            * from usuario t 
        where
            t.tipo_usuario='CONFEITEIRO') c1_0 
            on c1_0.id=l1_0.confeiteiro_id 
    where
        l1_0.confeiteiro_id=?
DEBUG: Filtro processado com sucesso para: bia@gmail.com | Permissões: [ROLE_CLIENTE]
LOG PERFIL: GET /api/cliente/perfil chamado
LOG PERFIL: Usuário autenticado: bia@gmail.com | Role: [ROLE_CLIENTE] | Tipo: CLIENTE
Hibernate: 
    select
        c1_0.id,
        c1_0.bairro,
        c1_0.cep,
        c1_0.cidade,
        c1_0.cod_status,
        c1_0.complemento,
        c1_0.cpf,
        c1_0.data_nascimento,
        c1_0.email,
        c1_0.endereco,
        c1_0.foto_perfil,
        l1_0.id,
        l1_0.cnpj,
        l1_0.confeiteiro_id,
        l1_0.data_cadastro,
        l1_0.descricao,
        l1_0.endereco,
        l1_0.foto_url,
        l1_0.nome_fantasia,
        l1_0.status,
        l1_0.telefone,
        c1_0.nome,
        c1_0.numero,
        c1_0.preferencias,
        c1_0.restricoes,
        c1_0.senha,
        c1_0.telefone,
        c1_0.tipo_usuario,
        c1_0.uf,
        c1_0.apelido 
    from
        usuario c1_0 
    left join
        loja l1_0 
            on c1_0.id=l1_0.confeiteiro_id 
    where
        c1_0.tipo_usuario='CLIENTE' 
        and c1_0.id=?
LOG CPF       : 19199467349
LOG DATA_NASC : 2007-07-19
LOG APELIDO   : Mari
LOG FOTO      : http://192.168.1.102:8080/uploads/fotos/perfil_2_1781629656670.jpg
LOG PREF      : ["Bolos","Cupcakes"]
LOG DTO CPF   : 19199467349
LOG DTO DATA  : 2007-07-19
LOG DTO JSON  : {"id":2,"nome":"Marina Gonçalves de Brito","apelido":"Mari","cpf":"19199467349","dataNascimento":"2007-07-19","email":"bia@gmail.com","telefone":"97675537678","cep":"06660485","logradouro":"Rua Francana","numero":"0","complemento":null,"bairro":"Vila Santa Rita","cidade":"Itapevi","estado":"SP","fotoPerfil":"http://192.168.1.102:8080/uploads/fotos/perfil_2_1781629656670.jpg","preferencias":["Bolos","Cupcakes"],"restricoes":["Sem Glúten","Sem Lactose"]}
Hibernate: 
    select
        u1_0.id,
        u1_0.tipo_usuario,
        u1_0.bairro,
        u1_0.cep,
        u1_0.cidade,
        u1_0.cod_status,
        u1_0.complemento,
        u1_0.cpf,
        u1_0.data_nascimento,
        u1_0.email,
        u1_0.endereco,
        u1_0.foto_perfil,
        u1_0.nome,
        u1_0.numero,
        u1_0.preferencias,
        u1_0.restricoes,
        u1_0.senha,
        u1_0.telefone,
        u1_0.tipo_usuario,
        u1_0.uf,
        u1_0.nivel_acesso,
        u1_0.apelido,
        u1_0.categoria,
        u1_0.promocao,
        u1_0.proprietario,
        u1_0.cnh,
        u1_0.placa_veiculo,
        u1_0.veiculo 
    from
        usuario u1_0 
    where
        u1_0.email=?
Hibernate: 
    select
        l1_0.id,
        l1_0.cnpj,
        c1_0.id,
        c1_0.bairro,
        c1_0.cep,
        c1_0.cidade,
        c1_0.cod_status,
        c1_0.complemento,
        c1_0.cpf,
        c1_0.data_nascimento,
        c1_0.email,
        c1_0.endereco,
        c1_0.foto_perfil,
        c1_0.nome,
        c1_0.numero,
        c1_0.preferencias,
        c1_0.restricoes,
        c1_0.senha,
        c1_0.telefone,
        c1_0.tipo_usuario,
        c1_0.uf,
        c1_0.categoria,
        c1_0.promocao,
        c1_0.proprietario,
        l1_0.data_cadastro,
        l1_0.descricao,
        l1_0.endereco,
        l1_0.foto_url,
        l1_0.nome_fantasia,
        l1_0.status,
        l1_0.telefone 
    from
        loja l1_0 
    left join
        (select
            * from usuario t 
        where
            t.tipo_usuario='CONFEITEIRO') c1_0 
            on c1_0.id=l1_0.confeiteiro_id 
    where
        l1_0.confeiteiro_id=?
DEBUG: Filtro processado com sucesso para: bia@gmail.com | Permissões: [ROLE_CLIENTE]
LOG PERFIL: PUT /api/cliente/perfil chamado
LOG PERFIL: Usuário autenticado: bia@gmail.com | Role: [ROLE_CLIENTE] | Tipo: CLIENTE
Hibernate: 
    select
        c1_0.id,
        c1_0.bairro,
        c1_0.cep,
        c1_0.cidade,
        c1_0.cod_status,
        c1_0.complemento,
        c1_0.cpf,
        c1_0.data_nascimento,
        c1_0.email,
        c1_0.endereco,
        c1_0.foto_perfil,
        l1_0.id,
        l1_0.cnpj,
        l1_0.confeiteiro_id,
        l1_0.data_cadastro,
        l1_0.descricao,
        l1_0.endereco,
        l1_0.foto_url,
        l1_0.nome_fantasia,
        l1_0.status,
        l1_0.telefone,
        c1_0.nome,
        c1_0.numero,
        c1_0.preferencias,
        c1_0.restricoes,
        c1_0.senha,
        c1_0.telefone,
        c1_0.tipo_usuario,
        c1_0.uf,
        c1_0.apelido 
    from
        usuario c1_0 
    left join
        loja l1_0 
            on c1_0.id=l1_0.confeiteiro_id 
    where
        c1_0.tipo_usuario='CLIENTE' 
        and c1_0.id=?
LOG PERFIL: Perfil salvo com sucesso para: bia@gmail.com
Hibernate: 
    select
        u1_0.id,
        u1_0.tipo_usuario,
        u1_0.bairro,
        u1_0.cep,
        u1_0.cidade,
        u1_0.cod_status,
        u1_0.complemento,
        u1_0.cpf,
        u1_0.data_nascimento,
        u1_0.email,
        u1_0.endereco,
        u1_0.foto_perfil,
        u1_0.nome,
        u1_0.numero,
        u1_0.preferencias,
        u1_0.restricoes,
        u1_0.senha,
        u1_0.telefone,
        u1_0.tipo_usuario,
        u1_0.uf,
        u1_0.nivel_acesso,
        u1_0.apelido,
        u1_0.categoria,
        u1_0.promocao,
        u1_0.proprietario,
        u1_0.cnh,
        u1_0.placa_veiculo,
        u1_0.veiculo 
    from
        usuario u1_0 
    where
        u1_0.email=?
Hibernate: 
    select
        l1_0.id,
        l1_0.cnpj,
        c1_0.id,
        c1_0.bairro,
        c1_0.cep,
        c1_0.cidade,
        c1_0.cod_status,
        c1_0.complemento,
        c1_0.cpf,
        c1_0.data_nascimento,
        c1_0.email,
        c1_0.endereco,
        c1_0.foto_perfil,
        c1_0.nome,
        c1_0.numero,
        c1_0.preferencias,
        c1_0.restricoes,
        c1_0.senha,
        c1_0.telefone,
        c1_0.tipo_usuario,
        c1_0.uf,
        c1_0.categoria,
        c1_0.promocao,
        c1_0.proprietario,
        l1_0.data_cadastro,
        l1_0.descricao,
        l1_0.endereco,
        l1_0.foto_url,
        l1_0.nome_fantasia,
        l1_0.status,
        l1_0.telefone 
    from
        loja l1_0 
    left join
        (select
            * from usuario t 
        where
            t.tipo_usuario='CONFEITEIRO') c1_0 
            on c1_0.id=l1_0.confeiteiro_id 
    where
        l1_0.confeiteiro_id=?
Hibernate: 
    select
        c1_0.id,
        c1_0.bairro,
        c1_0.cep,
        c1_0.cidade,
        c1_0.cod_status,
        c1_0.complemento,
        c1_0.cpf,
        c1_0.data_nascimento,
        c1_0.email,
        c1_0.endereco,
        c1_0.foto_perfil,
        l1_0.id,
        l1_0.cnpj,
        l1_0.data_cadastro,
        l1_0.descricao,
        l1_0.endereco,
        l1_0.foto_url,
        l1_0.nome_fantasia,
        l1_0.status,
        l1_0.telefone,
        c1_0.nome,
        c1_0.numero,
        c1_0.preferencias,
        c1_0.restricoes,
        c1_0.senha,
        c1_0.telefone,
        c1_0.tipo_usuario,
        c1_0.uf,
        c1_0.categoria,
        c1_0.promocao,
        c1_0.proprietario 
    from
        usuario c1_0 
    left join
        loja l1_0 
            on c1_0.id=l1_0.confeiteiro_id 
    where
        c1_0.tipo_usuario='CONFEITEIRO' 
        and c1_0.id=?
Hibernate: 
    select
        u1_0.id,
        u1_0.tipo_usuario,
        u1_0.bairro,
        u1_0.cep,
        u1_0.cidade,
        u1_0.cod_status,
        u1_0.complemento,
        u1_0.cpf,
        u1_0.data_nascimento,
        u1_0.email,
        u1_0.endereco,
        u1_0.foto_perfil,
        u1_0.nome,
        u1_0.numero,
        u1_0.preferencias,
        u1_0.restricoes,
        u1_0.senha,
        u1_0.telefone,
        u1_0.tipo_usuario,
        u1_0.uf,
        u1_0.nivel_acesso,
        u1_0.apelido,
        u1_0.categoria,
        u1_0.promocao,
        u1_0.proprietario,
        u1_0.cnh,
        u1_0.placa_veiculo,
        u1_0.veiculo 
    from
        usuario u1_0 
    where
        u1_0.email=?
Hibernate: 
    select
        l1_0.id,
        l1_0.cnpj,
        c1_0.id,
        c1_0.bairro,
        c1_0.cep,
        c1_0.cidade,
        c1_0.cod_status,
        c1_0.complemento,
        c1_0.cpf,
        c1_0.data_nascimento,
        c1_0.email,
        c1_0.endereco,
        c1_0.foto_perfil,
        c1_0.nome,
        c1_0.numero,
        c1_0.preferencias,
        c1_0.restricoes,
        c1_0.senha,
        c1_0.telefone,
        c1_0.tipo_usuario,
        c1_0.uf,
        c1_0.categoria,
        c1_0.promocao,
        c1_0.proprietario,
        l1_0.data_cadastro,
        l1_0.descricao,
        l1_0.endereco,
        l1_0.foto_url,
        l1_0.nome_fantasia,
        l1_0.status,
        l1_0.telefone 
    from
        loja l1_0 
    left join
        (select
            * from usuario t 
        where
            t.tipo_usuario='CONFEITEIRO') c1_0 
            on c1_0.id=l1_0.confeiteiro_id 
    where
        l1_0.confeiteiro_id=?
Hibernate: 
    select
        p1_0.id,
        p1_0.agendado,
        p1_0.cliente_id,
        p1_0.cod_status,
        p1_0.confeiteiro_id,
        p1_0.data_entrega_agendada,
        p1_0.data_hora_pedido,
        p1_0.entregador_id,
        p1_0.loja_id,
        p1_0.numero_pedido,
        p1_0.status,
        p1_0.valor_pedido 
    from
        pedido p1_0 
    where
        p1_0.status=? 
        and p1_0.data_entrega_agendada<?
Hibernate: 
    select
        u1_0.id,
        u1_0.tipo_usuario,
        u1_0.bairro,
        u1_0.cep,
        u1_0.cidade,
        u1_0.cod_status,
        u1_0.complemento,
        u1_0.cpf,
        u1_0.data_nascimento,
        u1_0.email,
        u1_0.endereco,
        u1_0.foto_perfil,
        u1_0.nome,
        u1_0.numero,
        u1_0.preferencias,
        u1_0.restricoes,
        u1_0.senha,
        u1_0.telefone,
        u1_0.tipo_usuario,
        u1_0.uf,
        u1_0.nivel_acesso,
        u1_0.apelido,
        u1_0.categoria,
        u1_0.promocao,
        u1_0.proprietario,
        u1_0.cnh,
        u1_0.placa_veiculo,
        u1_0.veiculo 
    from
        usuario u1_0 
    where
        u1_0.email=?
Hibernate: 
    select
        u1_0.id,
        u1_0.tipo_usuario,
        u1_0.bairro,
        u1_0.cep,
        u1_0.cidade,
        u1_0.cod_status,
        u1_0.complemento,
        u1_0.cpf,
        u1_0.data_nascimento,
        u1_0.email,
        u1_0.endereco,
        u1_0.foto_perfil,
        u1_0.nome,
        u1_0.numero,
        u1_0.preferencias,
        u1_0.restricoes,
        u1_0.senha,
        u1_0.telefone,
        u1_0.tipo_usuario,
        u1_0.uf,
        u1_0.nivel_acesso,
        u1_0.apelido,
        u1_0.categoria,
        u1_0.promocao,
        u1_0.proprietario,
        u1_0.cnh,
        u1_0.placa_veiculo,
        u1_0.veiculo 
    from
        usuario u1_0 
    where
        u1_0.email=?
Hibernate: 
    select
        u1_0.id,
        u1_0.tipo_usuario,
        u1_0.bairro,
        u1_0.cep,
        u1_0.cidade,
        u1_0.cod_status,
        u1_0.complemento,
        u1_0.cpf,
        u1_0.data_nascimento,
        u1_0.email,
        u1_0.endereco,
        u1_0.foto_perfil,
        u1_0.nome,
        u1_0.numero,
        u1_0.preferencias,
        u1_0.restricoes,
        u1_0.senha,
        u1_0.telefone,
        u1_0.tipo_usuario,
        u1_0.uf,
        u1_0.nivel_acesso,
        u1_0.apelido,
        u1_0.categoria,
        u1_0.promocao,
        u1_0.proprietario,
        u1_0.cnh,
        u1_0.placa_veiculo,
        u1_0.veiculo 
    from
        usuario u1_0 
    where
        u1_0.email=?
Hibernate: 
    select
        l1_0.id,
        l1_0.cnpj,
        c1_0.id,
        c1_0.bairro,
        c1_0.cep,
        c1_0.cidade,
        c1_0.cod_status,
        c1_0.complemento,
        c1_0.cpf,
        c1_0.data_nascimento,
        c1_0.email,
        c1_0.endereco,
        c1_0.foto_perfil,
        c1_0.nome,
        c1_0.numero,
        c1_0.preferencias,
        c1_0.restricoes,
        c1_0.senha,
        c1_0.telefone,
        c1_0.tipo_usuario,
        c1_0.uf,
        c1_0.categoria,
        c1_0.promocao,
        c1_0.proprietario,
        l1_0.data_cadastro,
        l1_0.descricao,
        l1_0.endereco,
        l1_0.foto_url,
        l1_0.nome_fantasia,
        l1_0.status,
        l1_0.telefone 
    from
        loja l1_0 
    left join
        (select
            * from usuario t 
        where
            t.tipo_usuario='CONFEITEIRO') c1_0 
            on c1_0.id=l1_0.confeiteiro_id 
    where
        l1_0.confeiteiro_id=?
Hibernate: 
    select
        l1_0.id,
        l1_0.cnpj,
        c1_0.id,
        c1_0.bairro,
        c1_0.cep,
        c1_0.cidade,
        c1_0.cod_status,
        c1_0.complemento,
        c1_0.cpf,
        c1_0.data_nascimento,
        c1_0.email,
        c1_0.endereco,
        c1_0.foto_perfil,
        c1_0.nome,
        c1_0.numero,
        c1_0.preferencias,
        c1_0.restricoes,
        c1_0.senha,
        c1_0.telefone,
        c1_0.tipo_usuario,
        c1_0.uf,
        c1_0.categoria,
        c1_0.promocao,
        c1_0.proprietario,
        l1_0.data_cadastro,
        l1_0.descricao,
        l1_0.endereco,
        l1_0.foto_url,
        l1_0.nome_fantasia,
        l1_0.status,
        l1_0.telefone 
    from
        loja l1_0 
    left join
        (select
            * from usuario t 
        where
            t.tipo_usuario='CONFEITEIRO') c1_0 
            on c1_0.id=l1_0.confeiteiro_id 
    where
        l1_0.confeiteiro_id=?
DEBUG: Filtro processado com sucesso para: bia@gmail.com | Permissões: [ROLE_CLIENTE]
DEBUG: Filtro processado com sucesso para: bia@gmail.com | Permissões: [ROLE_CLIENTE]
2026-06-16T15:06:12.458-03:00  WARN 8456 --- [docelivery] [nio-8080-exec-2] .m.m.a.ExceptionHandlerExceptionResolver : Resolved [org.springframework.web.servlet.resource.NoResourceFoundException: No static resource api/favoritos/lojas for request '/api/favoritos/lojas'.]
2026-06-16T15:06:12.462-03:00  WARN 8456 --- [docelivery] [nio-8080-exec-3] .m.m.a.ExceptionHandlerExceptionResolver : Resolved [org.springframework.web.servlet.resource.NoResourceFoundException: No static resource api/favoritos/lojas for request '/api/favoritos/lojas'.]
Hibernate: 
    select
        l1_0.id,
        l1_0.cnpj,
        c1_0.id,
        c1_0.bairro,
        c1_0.cep,
        c1_0.cidade,
        c1_0.cod_status,
        c1_0.complemento,
        c1_0.cpf,
        c1_0.data_nascimento,
        c1_0.email,
        c1_0.endereco,
        c1_0.foto_perfil,
        c1_0.nome,
        c1_0.numero,
        c1_0.preferencias,
        c1_0.restricoes,
        c1_0.senha,
        c1_0.telefone,
        c1_0.tipo_usuario,
        c1_0.uf,
        c1_0.categoria,
        c1_0.promocao,
        c1_0.proprietario,
        l1_0.data_cadastro,
        l1_0.descricao,
        l1_0.endereco,
        l1_0.foto_url,
        l1_0.nome_fantasia,
        l1_0.status,
        l1_0.telefone 
    from
        loja l1_0 
    left join
        (select
            * from usuario t 
        where
            t.tipo_usuario='CONFEITEIRO') c1_0 
            on c1_0.id=l1_0.confeiteiro_id 
    where
        l1_0.confeiteiro_id=?
DEBUG: Filtro processado com sucesso para: bia@gmail.com | Permissões: [ROLE_CLIENTE]
2026-06-16T15:06:12.477-03:00  WARN 8456 --- [docelivery] [nio-8080-exec-7] .m.m.a.ExceptionHandlerExceptionResolver : Resolved [org.springframework.web.servlet.resource.NoResourceFoundException: No static resource api/favoritos/produtos for request '/api/favoritos/produtos'.]
Hibernate: 
    select
        u1_0.id,
        u1_0.tipo_usuario,
        u1_0.bairro,
        u1_0.cep,
        u1_0.cidade,
        u1_0.cod_status,
        u1_0.complemento,
        u1_0.cpf,
        u1_0.data_nascimento,
        u1_0.email,
        u1_0.endereco,
        u1_0.foto_perfil,
        u1_0.nome,
        u1_0.numero,
        u1_0.preferencias,
        u1_0.restricoes,
        u1_0.senha,
        u1_0.telefone,
        u1_0.tipo_usuario,
        u1_0.uf,
        u1_0.nivel_acesso,
        u1_0.apelido,
        u1_0.categoria,
        u1_0.promocao,
        u1_0.proprietario,
        u1_0.cnh,
        u1_0.placa_veiculo,
        u1_0.veiculo 
    from
        usuario u1_0 
    where
        u1_0.email=?
Hibernate: 
    select
        l1_0.id,
        l1_0.cnpj,
        c1_0.id,
        c1_0.bairro,
        c1_0.cep,
        c1_0.cidade,
        c1_0.cod_status,
        c1_0.complemento,
        c1_0.cpf,
        c1_0.data_nascimento,
        c1_0.email,
        c1_0.endereco,
        c1_0.foto_perfil,
        c1_0.nome,
        c1_0.numero,
        c1_0.preferencias,
        c1_0.restricoes,
        c1_0.senha,
        c1_0.telefone,
        c1_0.tipo_usuario,
        c1_0.uf,
        c1_0.categoria,
        c1_0.promocao,
        c1_0.proprietario,
        l1_0.data_cadastro,
        l1_0.descricao,
        l1_0.endereco,
        l1_0.foto_url,
        l1_0.nome_fantasia,
        l1_0.status,
        l1_0.telefone 
    from
        loja l1_0 
    left join
        (select
            * from usuario t 
        where
            t.tipo_usuario='CONFEITEIRO') c1_0 
            on c1_0.id=l1_0.confeiteiro_id 
    where
        l1_0.confeiteiro_id=?
DEBUG: Filtro processado com sucesso para: bia@gmail.com | Permissões: [ROLE_CLIENTE]
2026-06-16T15:06:12.510-03:00  WARN 8456 --- [docelivery] [nio-8080-exec-1] .m.m.a.ExceptionHandlerExceptionResolver : Resolved [org.springframework.web.servlet.resource.NoResourceFoundException: No static resource api/favoritos/lojas for request '/api/favoritos/lojas'.]
Hibernate: 
    select
        c1_0.id,
        c1_0.bairro,
        c1_0.cep,
        c1_0.cidade,
        c1_0.cod_status,
        c1_0.complemento,
        c1_0.cpf,
        c1_0.data_nascimento,
        c1_0.email,
        c1_0.endereco,
        c1_0.foto_perfil,
        c1_0.nome,
        c1_0.numero,
        c1_0.preferencias,
        c1_0.restricoes,
        c1_0.senha,
        c1_0.telefone,
        c1_0.tipo_usuario,
        c1_0.uf,
        c1_0.categoria,
        c1_0.promocao,
        c1_0.proprietario 
    from
        usuario c1_0 
    where
        c1_0.tipo_usuario='CONFEITEIRO'
Hibernate: 
    select
        c1_0.id,
        c1_0.bairro,
        c1_0.cep,
        c1_0.cidade,
        c1_0.cod_status,
        c1_0.complemento,
        c1_0.cpf,
        c1_0.data_nascimento,
        c1_0.email,
        c1_0.endereco,
        c1_0.foto_perfil,
        c1_0.nome,
        c1_0.numero,
        c1_0.preferencias,
        c1_0.restricoes,
        c1_0.senha,
        c1_0.telefone,
        c1_0.tipo_usuario,
        c1_0.uf,
        c1_0.categoria,
        c1_0.promocao,
        c1_0.proprietario 
    from
        usuario c1_0 
    where
        c1_0.tipo_usuario='CONFEITEIRO'
Hibernate: 
    select
        c1_0.id,
        c1_0.bairro,
        c1_0.cep,
        c1_0.cidade,
        c1_0.cod_status,
        c1_0.complemento,
        c1_0.cpf,
        c1_0.data_nascimento,
        c1_0.email,
        c1_0.endereco,
        c1_0.foto_perfil,
        c1_0.nome,
        c1_0.numero,
        c1_0.preferencias,
        c1_0.restricoes,
        c1_0.senha,
        c1_0.telefone,
        c1_0.tipo_usuario,
        c1_0.uf,
        c1_0.categoria,
        c1_0.promocao,
        c1_0.proprietario 
    from
        usuario c1_0 
    where
        c1_0.tipo_usuario='CONFEITEIRO'
Hibernate: 
    select
        l1_0.id,
        l1_0.cnpj,
        c1_0.id,
        c1_0.bairro,
        c1_0.cep,
        c1_0.cidade,
        c1_0.cod_status,
        c1_0.complemento,
        c1_0.cpf,
        c1_0.data_nascimento,
        c1_0.email,
        c1_0.endereco,
        c1_0.foto_perfil,
        c1_0.nome,
        c1_0.numero,
        c1_0.preferencias,
        c1_0.restricoes,
        c1_0.senha,
        c1_0.telefone,
        c1_0.tipo_usuario,
        c1_0.uf,
        c1_0.categoria,
        c1_0.promocao,
        c1_0.proprietario,
        l1_0.data_cadastro,
        l1_0.descricao,
        l1_0.endereco,
        l1_0.foto_url,
        l1_0.nome_fantasia,
        l1_0.status,
        l1_0.telefone 
    from
        loja l1_0 
    left join
        (select
            * from usuario t 
        where
            t.tipo_usuario='CONFEITEIRO') c1_0 
            on c1_0.id=l1_0.confeiteiro_id 
    where
        l1_0.confeiteiro_id=?
Hibernate: 
    select
        l1_0.id,
        l1_0.cnpj,
        c1_0.id,
        c1_0.bairro,
        c1_0.cep,
        c1_0.cidade,
        c1_0.cod_status,
        c1_0.complemento,
        c1_0.cpf,
        c1_0.data_nascimento,
        c1_0.email,
        c1_0.endereco,
        c1_0.foto_perfil,
        c1_0.nome,
        c1_0.numero,
        c1_0.preferencias,
        c1_0.restricoes,
        c1_0.senha,
        c1_0.telefone,
        c1_0.tipo_usuario,
        c1_0.uf,
        c1_0.categoria,
        c1_0.promocao,
        c1_0.proprietario,
        l1_0.data_cadastro,
        l1_0.descricao,
        l1_0.endereco,
        l1_0.foto_url,
        l1_0.nome_fantasia,
        l1_0.status,
        l1_0.telefone 
    from
        loja l1_0 
    left join
        (select
            * from usuario t 
        where
            t.tipo_usuario='CONFEITEIRO') c1_0 
            on c1_0.id=l1_0.confeiteiro_id 
    where
        l1_0.confeiteiro_id=?
Hibernate: 
    select
        l1_0.id,
        l1_0.cnpj,
        c1_0.id,
        c1_0.bairro,
        c1_0.cep,
        c1_0.cidade,
        c1_0.cod_status,
        c1_0.complemento,
        c1_0.cpf,
        c1_0.data_nascimento,
        c1_0.email,
        c1_0.endereco,
        c1_0.foto_perfil,
        c1_0.nome,
        c1_0.numero,
        c1_0.preferencias,
        c1_0.restricoes,
        c1_0.senha,
        c1_0.telefone,
        c1_0.tipo_usuario,
        c1_0.uf,
        c1_0.categoria,
        c1_0.promocao,
        c1_0.proprietario,
        l1_0.data_cadastro,
        l1_0.descricao,
        l1_0.endereco,
        l1_0.foto_url,
        l1_0.nome_fantasia,
        l1_0.status,
        l1_0.telefone 
    from
        loja l1_0 
    left join
        (select
            * from usuario t 
        where
            t.tipo_usuario='CONFEITEIRO') c1_0 
            on c1_0.id=l1_0.confeiteiro_id 
    where
        l1_0.confeiteiro_id=?
Hibernate: 
    select
        u1_0.id,
        u1_0.tipo_usuario,
        u1_0.bairro,
        u1_0.cep,
        u1_0.cidade,
        u1_0.cod_status,
        u1_0.complemento,
        u1_0.cpf,
        u1_0.data_nascimento,
        u1_0.email,
        u1_0.endereco,
        u1_0.foto_perfil,
        u1_0.nome,
        u1_0.numero,
        u1_0.preferencias,
        u1_0.restricoes,
        u1_0.senha,
        u1_0.telefone,
        u1_0.tipo_usuario,
        u1_0.uf,
        u1_0.nivel_acesso,
        u1_0.apelido,
        u1_0.categoria,
        u1_0.promocao,
        u1_0.proprietario,
        u1_0.cnh,
        u1_0.placa_veiculo,
        u1_0.veiculo 
    from
        usuario u1_0 
    where
        u1_0.email=?
Hibernate: 
    select
        l1_0.id,
        l1_0.cnpj,
        c1_0.id,
        c1_0.bairro,
        c1_0.cep,
        c1_0.cidade,
        c1_0.cod_status,
        c1_0.complemento,
        c1_0.cpf,
        c1_0.data_nascimento,
        c1_0.email,
        c1_0.endereco,
        c1_0.foto_perfil,
        c1_0.nome,
        c1_0.numero,
        c1_0.preferencias,
        c1_0.restricoes,
        c1_0.senha,
        c1_0.telefone,
        c1_0.tipo_usuario,
        c1_0.uf,
        c1_0.categoria,
        c1_0.promocao,
        c1_0.proprietario,
        l1_0.data_cadastro,
        l1_0.descricao,
        l1_0.endereco,
        l1_0.foto_url,
        l1_0.nome_fantasia,
        l1_0.status,
        l1_0.telefone 
    from
        loja l1_0 
    left join
        (select
            * from usuario t 
        where
            t.tipo_usuario='CONFEITEIRO') c1_0 
            on c1_0.id=l1_0.confeiteiro_id 
    where
        l1_0.confeiteiro_id=?
DEBUG: Filtro processado com sucesso para: bia@gmail.com | Permissões: [ROLE_CLIENTE]
LOG PERFIL: GET /api/cliente/perfil chamado
LOG PERFIL: Usuário autenticado: bia@gmail.com | Role: [ROLE_CLIENTE] | Tipo: CLIENTE
Hibernate: 
    select
        c1_0.id,
        c1_0.bairro,
        c1_0.cep,
        c1_0.cidade,
        c1_0.cod_status,
        c1_0.complemento,
        c1_0.cpf,
        c1_0.data_nascimento,
        c1_0.email,
        c1_0.endereco,
        c1_0.foto_perfil,
        l1_0.id,
        l1_0.cnpj,
        l1_0.confeiteiro_id,
        l1_0.data_cadastro,
        l1_0.descricao,
        l1_0.endereco,
        l1_0.foto_url,
        l1_0.nome_fantasia,
        l1_0.status,
        l1_0.telefone,
        c1_0.nome,
        c1_0.numero,
        c1_0.preferencias,
        c1_0.restricoes,
        c1_0.senha,
        c1_0.telefone,
        c1_0.tipo_usuario,
        c1_0.uf,
        c1_0.apelido 
    from
        usuario c1_0 
    left join
        loja l1_0 
            on c1_0.id=l1_0.confeiteiro_id 
    where
        c1_0.tipo_usuario='CLIENTE' 
        and c1_0.id=?
LOG CPF       : 19199467349
LOG DATA_NASC : 2007-07-19
LOG APELIDO   : Mari
LOG FOTO      : http://192.168.1.102:8080/uploads/fotos/perfil_2_1781629656670.jpg
LOG PREF      : ["Bolos","Cupcakes"]
LOG DTO CPF   : 19199467349
LOG DTO DATA  : 2007-07-19
LOG DTO JSON  : {"id":2,"nome":"Marina Gonçalves de Brito","apelido":"Mari","cpf":"19199467349","dataNascimento":"2007-07-19","email":"bia@gmail.com","telefone":"97675537678","cep":"06660485","logradouro":"Rua Francana","numero":"0","complemento":null,"bairro":"Vila Santa Rita","cidade":"Itapevi","estado":"SP","fotoPerfil":"http://192.168.1.102:8080/uploads/fotos/perfil_2_1781629656670.jpg","preferencias":["Bolos","Cupcakes"],"restricoes":["Sem Glúten","Sem Lactose"]}
Hibernate: 
    select
        u1_0.id,
        u1_0.tipo_usuario,
        u1_0.bairro,
        u1_0.cep,
        u1_0.cidade,
        u1_0.cod_status,
        u1_0.complemento,
        u1_0.cpf,
        u1_0.data_nascimento,
        u1_0.email,
        u1_0.endereco,
        u1_0.foto_perfil,
        u1_0.nome,
        u1_0.numero,
        u1_0.preferencias,
        u1_0.restricoes,
        u1_0.senha,
        u1_0.telefone,
        u1_0.tipo_usuario,
        u1_0.uf,
        u1_0.nivel_acesso,
        u1_0.apelido,
        u1_0.categoria,
        u1_0.promocao,
        u1_0.proprietario,
        u1_0.cnh,
        u1_0.placa_veiculo,
        u1_0.veiculo 
    from
        usuario u1_0 
    where
        u1_0.email=?
Hibernate: 
    select
        l1_0.id,
        l1_0.cnpj,
        c1_0.id,
        c1_0.bairro,
        c1_0.cep,
        c1_0.cidade,
        c1_0.cod_status,
        c1_0.complemento,
        c1_0.cpf,
        c1_0.data_nascimento,
        c1_0.email,
        c1_0.endereco,
        c1_0.foto_perfil,
        c1_0.nome,
        c1_0.numero,
        c1_0.preferencias,
        c1_0.restricoes,
        c1_0.senha,
        c1_0.telefone,
        c1_0.tipo_usuario,
        c1_0.uf,
        c1_0.categoria,
        c1_0.promocao,
        c1_0.proprietario,
        l1_0.data_cadastro,
        l1_0.descricao,
        l1_0.endereco,
        l1_0.foto_url,
        l1_0.nome_fantasia,
        l1_0.status,
        l1_0.telefone 
    from
        loja l1_0 
    left join
        (select
            * from usuario t 
        where
            t.tipo_usuario='CONFEITEIRO') c1_0 
            on c1_0.id=l1_0.confeiteiro_id 
    where
        l1_0.confeiteiro_id=?
DEBUG: Filtro processado com sucesso para: bia@gmail.com | Permissões: [ROLE_CLIENTE]
2026-06-16T15:06:16.680-03:00  WARN 8456 --- [docelivery] [nio-8080-exec-4] .m.m.a.ExceptionHandlerExceptionResolver : Resolved [org.springframework.web.servlet.resource.NoResourceFoundException: No static resource api/favoritos/produtos/1 for request '/api/favoritos/produtos/1'.]
Hibernate: 
    select
        u1_0.id,
        u1_0.tipo_usuario,
        u1_0.bairro,
        u1_0.cep,
        u1_0.cidade,
        u1_0.cod_status,
        u1_0.complemento,
        u1_0.cpf,
        u1_0.data_nascimento,
        u1_0.email,
        u1_0.endereco,
        u1_0.foto_perfil,
        u1_0.nome,
        u1_0.numero,
        u1_0.preferencias,
        u1_0.restricoes,
        u1_0.senha,
        u1_0.telefone,
        u1_0.tipo_usuario,
        u1_0.uf,
        u1_0.nivel_acesso,
        u1_0.apelido,
        u1_0.categoria,
        u1_0.promocao,
        u1_0.proprietario,
        u1_0.cnh,
        u1_0.placa_veiculo,
        u1_0.veiculo 
    from
        usuario u1_0 
    where
        u1_0.email=?
Hibernate: 
    select
        l1_0.id,
        l1_0.cnpj,
        c1_0.id,
        c1_0.bairro,
        c1_0.cep,
        c1_0.cidade,
        c1_0.cod_status,
        c1_0.complemento,
        c1_0.cpf,
        c1_0.data_nascimento,
        c1_0.email,
        c1_0.endereco,
        c1_0.foto_perfil,
        c1_0.nome,
        c1_0.numero,
        c1_0.preferencias,
        c1_0.restricoes,
        c1_0.senha,
        c1_0.telefone,
        c1_0.tipo_usuario,
        c1_0.uf,
        c1_0.categoria,
        c1_0.promocao,
        c1_0.proprietario,
        l1_0.data_cadastro,
        l1_0.descricao,
        l1_0.endereco,
        l1_0.foto_url,
        l1_0.nome_fantasia,
        l1_0.status,
        l1_0.telefone 
    from
        loja l1_0 
    left join
        (select
            * from usuario t 
        where
            t.tipo_usuario='CONFEITEIRO') c1_0 
            on c1_0.id=l1_0.confeiteiro_id 
    where
        l1_0.confeiteiro_id=?
DEBUG: Filtro processado com sucesso para: bia@gmail.com | Permissões: [ROLE_CLIENTE]
2026-06-16T15:06:18.591-03:00  WARN 8456 --- [docelivery] [nio-8080-exec-6] .m.m.a.ExceptionHandlerExceptionResolver : Resolved [org.springframework.web.servlet.resource.NoResourceFoundException: No static resource api/favoritos/lojas/1 for request '/api/favoritos/lojas/1'.]
Hibernate: 
    select
        u1_0.id,
        u1_0.tipo_usuario,
        u1_0.bairro,
        u1_0.cep,
        u1_0.cidade,
        u1_0.cod_status,
        u1_0.complemento,
        u1_0.cpf,
        u1_0.data_nascimento,
        u1_0.email,
        u1_0.endereco,
        u1_0.foto_perfil,
        u1_0.nome,
        u1_0.numero,
        u1_0.preferencias,
        u1_0.restricoes,
        u1_0.senha,
        u1_0.telefone,
        u1_0.tipo_usuario,
        u1_0.uf,
        u1_0.nivel_acesso,
        u1_0.apelido,
        u1_0.categoria,
        u1_0.promocao,
        u1_0.proprietario,
        u1_0.cnh,
        u1_0.placa_veiculo,
        u1_0.veiculo 
    from
        usuario u1_0 
    where
        u1_0.email=?
Hibernate: 
    select
        u1_0.id,
        u1_0.tipo_usuario,
        u1_0.bairro,
        u1_0.cep,
        u1_0.cidade,
        u1_0.cod_status,
        u1_0.complemento,
        u1_0.cpf,
        u1_0.data_nascimento,
        u1_0.email,
        u1_0.endereco,
        u1_0.foto_perfil,
        u1_0.nome,
        u1_0.numero,
        u1_0.preferencias,
        u1_0.restricoes,
        u1_0.senha,
        u1_0.telefone,
        u1_0.tipo_usuario,
        u1_0.uf,
        u1_0.nivel_acesso,
        u1_0.apelido,
        u1_0.categoria,
        u1_0.promocao,
        u1_0.proprietario,
        u1_0.cnh,
        u1_0.placa_veiculo,
        u1_0.veiculo 
    from
        usuario u1_0 
    where
        u1_0.email=?
Hibernate: 
    select
        l1_0.id,
        l1_0.cnpj,
        c1_0.id,
        c1_0.bairro,
        c1_0.cep,
        c1_0.cidade,
        c1_0.cod_status,
        c1_0.complemento,
        c1_0.cpf,
        c1_0.data_nascimento,
        c1_0.email,
        c1_0.endereco,
        c1_0.foto_perfil,
        c1_0.nome,
        c1_0.numero,
        c1_0.preferencias,
        c1_0.restricoes,
        c1_0.senha,
        c1_0.telefone,
        c1_0.tipo_usuario,
        c1_0.uf,
        c1_0.categoria,
        c1_0.promocao,
        c1_0.proprietario,
        l1_0.data_cadastro,
        l1_0.descricao,
        l1_0.endereco,
        l1_0.foto_url,
        l1_0.nome_fantasia,
        l1_0.status,
        l1_0.telefone 
    from
        loja l1_0 
    left join
        (select
            * from usuario t 
        where
            t.tipo_usuario='CONFEITEIRO') c1_0 
            on c1_0.id=l1_0.confeiteiro_id 
    where
        l1_0.confeiteiro_id=?
Hibernate: 
    select
        l1_0.id,
        l1_0.cnpj,
        c1_0.id,
        c1_0.bairro,
        c1_0.cep,
        c1_0.cidade,
        c1_0.cod_status,
        c1_0.complemento,
        c1_0.cpf,
        c1_0.data_nascimento,
        c1_0.email,
        c1_0.endereco,
        c1_0.foto_perfil,
        c1_0.nome,
        c1_0.numero,
        c1_0.preferencias,
        c1_0.restricoes,
        c1_0.senha,
        c1_0.telefone,
        c1_0.tipo_usuario,
        c1_0.uf,
        c1_0.categoria,
        c1_0.promocao,
        c1_0.proprietario,
        l1_0.data_cadastro,
        l1_0.descricao,
        l1_0.endereco,
        l1_0.foto_url,
        l1_0.nome_fantasia,
        l1_0.status,
        l1_0.telefone 
    from
        loja l1_0 
    left join
        (select
            * from usuario t 
        where
            t.tipo_usuario='CONFEITEIRO') c1_0 
            on c1_0.id=l1_0.confeiteiro_id 
    where
        l1_0.confeiteiro_id=?
DEBUG: Filtro processado com sucesso para: bia@gmail.com | Permissões: [ROLE_CLIENTE]
DEBUG: Filtro processado com sucesso para: bia@gmail.com | Permissões: [ROLE_CLIENTE]
2026-06-16T15:06:20.852-03:00  WARN 8456 --- [docelivery] [nio-8080-exec-3] .m.m.a.ExceptionHandlerExceptionResolver : Resolved [org.springframework.web.servlet.resource.NoResourceFoundException: No static resource api/favoritos/produtos for request '/api/favoritos/produtos'.]
2026-06-16T15:06:20.852-03:00  WARN 8456 --- [docelivery] [nio-8080-exec-2] .m.m.a.ExceptionHandlerExceptionResolver : Resolved [org.springframework.web.servlet.resource.NoResourceFoundException: No static resource api/favoritos/lojas for request '/api/favoritos/lojas'.]
Hibernate: 
    select
        u1_0.id,
        u1_0.tipo_usuario,
        u1_0.bairro,
        u1_0.cep,
        u1_0.cidade,
        u1_0.cod_status,
        u1_0.complemento,
        u1_0.cpf,
        u1_0.data_nascimento,
        u1_0.email,
        u1_0.endereco,
        u1_0.foto_perfil,
        u1_0.nome,
        u1_0.numero,
        u1_0.preferencias,
        u1_0.restricoes,
        u1_0.senha,
        u1_0.telefone,
        u1_0.tipo_usuario,
        u1_0.uf,
        u1_0.nivel_acesso,
        u1_0.apelido,
        u1_0.categoria,
        u1_0.promocao,
        u1_0.proprietario,
        u1_0.cnh,
        u1_0.placa_veiculo,
        u1_0.veiculo 
    from
        usuario u1_0 
    where
        u1_0.email=?
Hibernate: 
    select
        u1_0.id,
        u1_0.tipo_usuario,
        u1_0.bairro,
        u1_0.cep,
        u1_0.cidade,
        u1_0.cod_status,
        u1_0.complemento,
        u1_0.cpf,
        u1_0.data_nascimento,
        u1_0.email,
        u1_0.endereco,
        u1_0.foto_perfil,
        u1_0.nome,
        u1_0.numero,
        u1_0.preferencias,
        u1_0.restricoes,
        u1_0.senha,
        u1_0.telefone,
        u1_0.tipo_usuario,
        u1_0.uf,
        u1_0.nivel_acesso,
        u1_0.apelido,
        u1_0.categoria,
        u1_0.promocao,
        u1_0.proprietario,
        u1_0.cnh,
        u1_0.placa_veiculo,
        u1_0.veiculo 
    from
        usuario u1_0 
    where
        u1_0.email=?
Hibernate: 
    select
        l1_0.id,
        l1_0.cnpj,
        c1_0.id,
        c1_0.bairro,
        c1_0.cep,
        c1_0.cidade,
        c1_0.cod_status,
        c1_0.complemento,
        c1_0.cpf,
        c1_0.data_nascimento,
        c1_0.email,
        c1_0.endereco,
        c1_0.foto_perfil,
        c1_0.nome,
        c1_0.numero,
        c1_0.preferencias,
        c1_0.restricoes,
        c1_0.senha,
        c1_0.telefone,
        c1_0.tipo_usuario,
        c1_0.uf,
        c1_0.categoria,
        c1_0.promocao,
        c1_0.proprietario,
        l1_0.data_cadastro,
        l1_0.descricao,
        l1_0.endereco,
        l1_0.foto_url,
        l1_0.nome_fantasia,
        l1_0.status,
        l1_0.telefone 
    from
        loja l1_0 
    left join
        (select
            * from usuario t 
        where
            t.tipo_usuario='CONFEITEIRO') c1_0 
            on c1_0.id=l1_0.confeiteiro_id 
    where
        l1_0.confeiteiro_id=?
Hibernate: 
    select
        l1_0.id,
        l1_0.cnpj,
        c1_0.id,
        c1_0.bairro,
        c1_0.cep,
        c1_0.cidade,
        c1_0.cod_status,
        c1_0.complemento,
        c1_0.cpf,
        c1_0.data_nascimento,
        c1_0.email,
        c1_0.endereco,
        c1_0.foto_perfil,
        c1_0.nome,
        c1_0.numero,
        c1_0.preferencias,
        c1_0.restricoes,
        c1_0.senha,
        c1_0.telefone,
        c1_0.tipo_usuario,
        c1_0.uf,
        c1_0.categoria,
        c1_0.promocao,
        c1_0.proprietario,
        l1_0.data_cadastro,
        l1_0.descricao,
        l1_0.endereco,
        l1_0.foto_url,
        l1_0.nome_fantasia,
        l1_0.status,
        l1_0.telefone 
    from
        loja l1_0 
    left join
        (select
            * from usuario t 
        where
            t.tipo_usuario='CONFEITEIRO') c1_0 
            on c1_0.id=l1_0.confeiteiro_id 
    where
        l1_0.confeiteiro_id=?
DEBUG: Filtro processado com sucesso para: bia@gmail.com | Permissões: [ROLE_CLIENTE]
2026-06-16T15:06:22.735-03:00  WARN 8456 --- [docelivery] [nio-8080-exec-7] .m.m.a.ExceptionHandlerExceptionResolver : Resolved [org.springframework.web.servlet.resource.NoResourceFoundException: No static resource api/favoritos/lojas for request '/api/favoritos/lojas'.]
DEBUG: Filtro processado com sucesso para: bia@gmail.com | Permissões: [ROLE_CLIENTE]
2026-06-16T15:06:22.739-03:00  WARN 8456 --- [docelivery] [nio-8080-exec-1] .m.m.a.ExceptionHandlerExceptionResolver : Resolved [org.springframework.web.servlet.resource.NoResourceFoundException: No static resource api/favoritos/produtos for request '/api/favoritos/produtos'.]
Hibernate: 
    select
        u1_0.id,
        u1_0.tipo_usuario,
        u1_0.bairro,
        u1_0.cep,
        u1_0.cidade,
        u1_0.cod_status,
        u1_0.complemento,
        u1_0.cpf,
        u1_0.data_nascimento,
        u1_0.email,
        u1_0.endereco,
        u1_0.foto_perfil,
        u1_0.nome,
        u1_0.numero,
        u1_0.preferencias,
        u1_0.restricoes,
        u1_0.senha,
        u1_0.telefone,
        u1_0.tipo_usuario,
        u1_0.uf,
        u1_0.nivel_acesso,
        u1_0.apelido,
        u1_0.categoria,
        u1_0.promocao,
        u1_0.proprietario,
        u1_0.cnh,
        u1_0.placa_veiculo,
        u1_0.veiculo 
    from
        usuario u1_0 
    where
        u1_0.email=?
Hibernate: 
    select
        u1_0.id,
        u1_0.tipo_usuario,
        u1_0.bairro,
        u1_0.cep,
        u1_0.cidade,
        u1_0.cod_status,
        u1_0.complemento,
        u1_0.cpf,
        u1_0.data_nascimento,
        u1_0.email,
        u1_0.endereco,
        u1_0.foto_perfil,
        u1_0.nome,
        u1_0.numero,
        u1_0.preferencias,
        u1_0.restricoes,
        u1_0.senha,
        u1_0.telefone,
        u1_0.tipo_usuario,
        u1_0.uf,
        u1_0.nivel_acesso,
        u1_0.apelido,
        u1_0.categoria,
        u1_0.promocao,
        u1_0.proprietario,
        u1_0.cnh,
        u1_0.placa_veiculo,
        u1_0.veiculo 
    from
        usuario u1_0 
    where
        u1_0.email=?
Hibernate: 
    select
        l1_0.id,
        l1_0.cnpj,
        c1_0.id,
        c1_0.bairro,
        c1_0.cep,
        c1_0.cidade,
        c1_0.cod_status,
        c1_0.complemento,
        c1_0.cpf,
        c1_0.data_nascimento,
        c1_0.email,
        c1_0.endereco,
        c1_0.foto_perfil,
        c1_0.nome,
        c1_0.numero,
        c1_0.preferencias,
        c1_0.restricoes,
        c1_0.senha,
        c1_0.telefone,
        c1_0.tipo_usuario,
        c1_0.uf,
        c1_0.categoria,
        c1_0.promocao,
        c1_0.proprietario,
        l1_0.data_cadastro,
        l1_0.descricao,
        l1_0.endereco,
        l1_0.foto_url,
        l1_0.nome_fantasia,
        l1_0.status,
        l1_0.telefone 
    from
        loja l1_0 
    left join
        (select
            * from usuario t 
        where
            t.tipo_usuario='CONFEITEIRO') c1_0 
            on c1_0.id=l1_0.confeiteiro_id 
    where
        l1_0.confeiteiro_id=?
Hibernate: 
    select
        l1_0.id,
        l1_0.cnpj,
        c1_0.id,
        c1_0.bairro,
        c1_0.cep,
        c1_0.cidade,
        c1_0.cod_status,
        c1_0.complemento,
        c1_0.cpf,
        c1_0.data_nascimento,
        c1_0.email,
        c1_0.endereco,
        c1_0.foto_perfil,
        c1_0.nome,
        c1_0.numero,
        c1_0.preferencias,
        c1_0.restricoes,
        c1_0.senha,
        c1_0.telefone,
        c1_0.tipo_usuario,
        c1_0.uf,
        c1_0.categoria,
        c1_0.promocao,
        c1_0.proprietario,
        l1_0.data_cadastro,
        l1_0.descricao,
        l1_0.endereco,
        l1_0.foto_url,
        l1_0.nome_fantasia,
        l1_0.status,
        l1_0.telefone 
    from
        loja l1_0 
    left join
        (select
            * from usuario t 
        where
            t.tipo_usuario='CONFEITEIRO') c1_0 
            on c1_0.id=l1_0.confeiteiro_id 
    where
        l1_0.confeiteiro_id=?
DEBUG: Filtro processado com sucesso para: bia@gmail.com | Permissões: [ROLE_CLIENTE]
2026-06-16T15:06:23.906-03:00  WARN 8456 --- [docelivery] [nio-8080-exec-9] .m.m.a.ExceptionHandlerExceptionResolver : Resolved [org.springframework.web.servlet.resource.NoResourceFoundException: No static resource api/favoritos/lojas for request '/api/favoritos/lojas'.]
DEBUG: Filtro processado com sucesso para: bia@gmail.com | Permissões: [ROLE_CLIENTE]
2026-06-16T15:06:23.915-03:00  WARN 8456 --- [docelivery] [nio-8080-exec-8] .m.m.a.ExceptionHandlerExceptionResolver : Resolved [org.springframework.web.servlet.resource.NoResourceFoundException: No static resource api/favoritos/produtos for request '/api/favoritos/produtos'.]
Hibernate: 
    select
        u1_0.id,
        u1_0.tipo_usuario,
        u1_0.bairro,
        u1_0.cep,
        u1_0.cidade,
        u1_0.cod_status,
        u1_0.complemento,
        u1_0.cpf,
        u1_0.data_nascimento,
        u1_0.email,
        u1_0.endereco,
        u1_0.foto_perfil,
        u1_0.nome,
        u1_0.numero,
        u1_0.preferencias,
        u1_0.restricoes,
        u1_0.senha,
        u1_0.telefone,
        u1_0.tipo_usuario,
        u1_0.uf,
        u1_0.nivel_acesso,
        u1_0.apelido,
        u1_0.categoria,
        u1_0.promocao,
        u1_0.proprietario,
        u1_0.cnh,
        u1_0.placa_veiculo,
        u1_0.veiculo 
    from
        usuario u1_0 
    where
        u1_0.email=?
Hibernate: 
    select
        l1_0.id,
        l1_0.cnpj,
        c1_0.id,
        c1_0.bairro,
        c1_0.cep,
        c1_0.cidade,
        c1_0.cod_status,
        c1_0.complemento,
        c1_0.cpf,
        c1_0.data_nascimento,
        c1_0.email,
        c1_0.endereco,
        c1_0.foto_perfil,
        c1_0.nome,
        c1_0.numero,
        c1_0.preferencias,
        c1_0.restricoes,
        c1_0.senha,
        c1_0.telefone,
        c1_0.tipo_usuario,
        c1_0.uf,
        c1_0.categoria,
        c1_0.promocao,
        c1_0.proprietario,
        l1_0.data_cadastro,
        l1_0.descricao,
        l1_0.endereco,
        l1_0.foto_url,
        l1_0.nome_fantasia,
        l1_0.status,
        l1_0.telefone 
    from
        loja l1_0 
    left join
        (select
            * from usuario t 
        where
            t.tipo_usuario='CONFEITEIRO') c1_0 
            on c1_0.id=l1_0.confeiteiro_id 
    where
        l1_0.confeiteiro_id=?
DEBUG: Filtro processado com sucesso para: bia@gmail.com | Permissões: [ROLE_CLIENTE]
LOG PERFIL: GET /api/cliente/perfil chamado
LOG PERFIL: Usuário autenticado: bia@gmail.com | Role: [ROLE_CLIENTE] | Tipo: CLIENTE
Hibernate: 
    select
        c1_0.id,
        c1_0.bairro,
        c1_0.cep,
        c1_0.cidade,
        c1_0.cod_status,
        c1_0.complemento,
        c1_0.cpf,
        c1_0.data_nascimento,
        c1_0.email,
        c1_0.endereco,
        c1_0.foto_perfil,
        l1_0.id,
        l1_0.cnpj,
        l1_0.confeiteiro_id,
        l1_0.data_cadastro,
        l1_0.descricao,
        l1_0.endereco,
        l1_0.foto_url,
        l1_0.nome_fantasia,
        l1_0.status,
        l1_0.telefone,
        c1_0.nome,
        c1_0.numero,
        c1_0.preferencias,
        c1_0.restricoes,
        c1_0.senha,
        c1_0.telefone,
        c1_0.tipo_usuario,
        c1_0.uf,
        c1_0.apelido 
    from
        usuario c1_0 
    left join
        loja l1_0 
            on c1_0.id=l1_0.confeiteiro_id 
    where
        c1_0.tipo_usuario='CLIENTE' 
        and c1_0.id=?
LOG CPF       : 19199467349
LOG DATA_NASC : 2007-07-19
LOG APELIDO   : Mari
LOG FOTO      : http://192.168.1.102:8080/uploads/fotos/perfil_2_1781629656670.jpg
LOG PREF      : ["Bolos","Cupcakes"]
LOG DTO CPF   : 19199467349
LOG DTO DATA  : 2007-07-19
LOG DTO JSON  : {"id":2,"nome":"Marina Gonçalves de Brito","apelido":"Mari","cpf":"19199467349","dataNascimento":"2007-07-19","email":"bia@gmail.com","telefone":"97675537678","cep":"06660485","logradouro":"Rua Francana","numero":"0","complemento":null,"bairro":"Vila Santa Rita","cidade":"Itapevi","estado":"SP","fotoPerfil":"http://192.168.1.102:8080/uploads/fotos/perfil_2_1781629656670.jpg","preferencias":["Bolos","Cupcakes"],"restricoes":["Sem Glúten","Sem Lactose"]}
2026-06-16T15:07:12.480-03:00  INFO 8456 --- [docelivery] [MessageBroker-2] o.s.w.s.c.WebSocketMessageBrokerStats    : WebSocketSession[0 current WS(0)-HttpStream(0)-HttpPoll(0), 0 total, 0 closed abnormally (0 connect failure, 0 send limit, 0 transport error)], stompSubProtocol[processed CONNECT(0)-CONNECTED(0)-DISCONNECT(0)], stompBrokerRelay[null], inboundChannel[pool size = 0, active threads = 0, queued tasks = 0, completed tasks = 0], outboundChannel[pool size = 0, active threads = 0, queued tasks = 0, completed tasks = 0], sockJsScheduler[pool size = 6, active threads = 1, queued tasks = 1, completed tasks = 4]
Hibernate: 
    select
        u1_0.id,
        u1_0.tipo_usuario,
        u1_0.bairro,
        u1_0.cep,
        u1_0.cidade,
        u1_0.cod_status,
        u1_0.complemento,
        u1_0.cpf,
        u1_0.data_nascimento,
        u1_0.email,
        u1_0.endereco,
        u1_0.foto_perfil,
        u1_0.nome,
        u1_0.numero,
        u1_0.preferencias,
        u1_0.restricoes,
        u1_0.senha,
        u1_0.telefone,
        u1_0.tipo_usuario,
        u1_0.uf,
        u1_0.nivel_acesso,
        u1_0.apelido,
        u1_0.categoria,
        u1_0.promocao,
        u1_0.proprietario,
        u1_0.cnh,
        u1_0.placa_veiculo,
        u1_0.veiculo 
    from
        usuario u1_0 
    where
        u1_0.email=?
Hibernate: 
    select
        u1_0.id,
        u1_0.tipo_usuario,
        u1_0.bairro,
        u1_0.cep,
        u1_0.cidade,
        u1_0.cod_status,
        u1_0.complemento,
        u1_0.cpf,
        u1_0.data_nascimento,
        u1_0.email,
        u1_0.endereco,
        u1_0.foto_perfil,
        u1_0.nome,
        u1_0.numero,
        u1_0.preferencias,
        u1_0.restricoes,
        u1_0.senha,
        u1_0.telefone,
        u1_0.tipo_usuario,
        u1_0.uf,
        u1_0.nivel_acesso,
        u1_0.apelido,
        u1_0.categoria,
        u1_0.promocao,
        u1_0.proprietario,
        u1_0.cnh,
        u1_0.placa_veiculo,
        u1_0.veiculo 
    from
        usuario u1_0 
    where
        u1_0.email=?
Hibernate: 
    select
        l1_0.id,
        l1_0.cnpj,
        c1_0.id,
        c1_0.bairro,
        c1_0.cep,
        c1_0.cidade,
        c1_0.cod_status,
        c1_0.complemento,
        c1_0.cpf,
        c1_0.data_nascimento,
        c1_0.email,
        c1_0.endereco,
        c1_0.foto_perfil,
        c1_0.nome,
        c1_0.numero,
        c1_0.preferencias,
        c1_0.restricoes,
        c1_0.senha,
        c1_0.telefone,
        c1_0.tipo_usuario,
        c1_0.uf,
        c1_0.categoria,
        c1_0.promocao,
        c1_0.proprietario,
        l1_0.data_cadastro,
        l1_0.descricao,
        l1_0.endereco,
        l1_0.foto_url,
        l1_0.nome_fantasia,
        l1_0.status,
        l1_0.telefone 
    from
        loja l1_0 
    left join
        (select
            * from usuario t 
        where
            t.tipo_usuario='CONFEITEIRO') c1_0 
            on c1_0.id=l1_0.confeiteiro_id 
    where
        l1_0.confeiteiro_id=?
Hibernate: 
    select
        l1_0.id,
        l1_0.cnpj,
        c1_0.id,
        c1_0.bairro,
        c1_0.cep,
        c1_0.cidade,
        c1_0.cod_status,
        c1_0.complemento,
        c1_0.cpf,
        c1_0.data_nascimento,
        c1_0.email,
        c1_0.endereco,
        c1_0.foto_perfil,
        c1_0.nome,
        c1_0.numero,
        c1_0.preferencias,
        c1_0.restricoes,
        c1_0.senha,
        c1_0.telefone,
        c1_0.tipo_usuario,
        c1_0.uf,
        c1_0.categoria,
        c1_0.promocao,
        c1_0.proprietario,
        l1_0.data_cadastro,
        l1_0.descricao,
        l1_0.endereco,
        l1_0.foto_url,
        l1_0.nome_fantasia,
        l1_0.status,
        l1_0.telefone 
    from
        loja l1_0 
    left join
        (select
            * from usuario t 
        where
            t.tipo_usuario='CONFEITEIRO') c1_0 
            on c1_0.id=l1_0.confeiteiro_id 
    where
        l1_0.confeiteiro_id=?
DEBUG: Filtro processado com sucesso para: bia@gmail.com | Permissões: [ROLE_CLIENTE]
DEBUG: Filtro processado com sucesso para: bia@gmail.com | Permissões: [ROLE_CLIENTE]
2026-06-16T15:07:29.291-03:00  WARN 8456 --- [docelivery] [nio-8080-exec-4] .m.m.a.ExceptionHandlerExceptionResolver : Resolved [org.springframework.web.servlet.resource.NoResourceFoundException: No static resource api/favoritos/produtos for request '/api/favoritos/produtos'.]
2026-06-16T15:07:29.291-03:00  WARN 8456 --- [docelivery] [io-8080-exec-10] .m.m.a.ExceptionHandlerExceptionResolver : Resolved [org.springframework.web.servlet.resource.NoResourceFoundException: No static resource api/favoritos/lojas for request '/api/favoritos/lojas'.]
Hibernate: 
    select
        u1_0.id,
        u1_0.tipo_usuario,
        u1_0.bairro,
        u1_0.cep,
        u1_0.cidade,
        u1_0.cod_status,
        u1_0.complemento,
        u1_0.cpf,
        u1_0.data_nascimento,
        u1_0.email,
        u1_0.endereco,
        u1_0.foto_perfil,
        u1_0.nome,
        u1_0.numero,
        u1_0.preferencias,
        u1_0.restricoes,
        u1_0.senha,
        u1_0.telefone,
        u1_0.tipo_usuario,
        u1_0.uf,
        u1_0.nivel_acesso,
        u1_0.apelido,
        u1_0.categoria,
        u1_0.promocao,
        u1_0.proprietario,
        u1_0.cnh,
        u1_0.placa_veiculo,
        u1_0.veiculo 
    from
        usuario u1_0 
    where
        u1_0.email=?
Hibernate: 
    select
        u1_0.id,
        u1_0.tipo_usuario,
        u1_0.bairro,
        u1_0.cep,
        u1_0.cidade,
        u1_0.cod_status,
        u1_0.complemento,
        u1_0.cpf,
        u1_0.data_nascimento,
        u1_0.email,
        u1_0.endereco,
        u1_0.foto_perfil,
        u1_0.nome,
        u1_0.numero,
        u1_0.preferencias,
        u1_0.restricoes,
        u1_0.senha,
        u1_0.telefone,
        u1_0.tipo_usuario,
        u1_0.uf,
        u1_0.nivel_acesso,
        u1_0.apelido,
        u1_0.categoria,
        u1_0.promocao,
        u1_0.proprietario,
        u1_0.cnh,
        u1_0.placa_veiculo,
        u1_0.veiculo 
    from
        usuario u1_0 
    where
        u1_0.email=?
Hibernate: 
    select
        u1_0.id,
        u1_0.tipo_usuario,
        u1_0.bairro,
        u1_0.cep,
        u1_0.cidade,
        u1_0.cod_status,
        u1_0.complemento,
        u1_0.cpf,
        u1_0.data_nascimento,
        u1_0.email,
        u1_0.endereco,
        u1_0.foto_perfil,
        u1_0.nome,
        u1_0.numero,
        u1_0.preferencias,
        u1_0.restricoes,
        u1_0.senha,
        u1_0.telefone,
        u1_0.tipo_usuario,
        u1_0.uf,
        u1_0.nivel_acesso,
        u1_0.apelido,
        u1_0.categoria,
        u1_0.promocao,
        u1_0.proprietario,
        u1_0.cnh,
        u1_0.placa_veiculo,
        u1_0.veiculo 
    from
        usuario u1_0 
    where
        u1_0.email=?
Hibernate: 
    select
        c1_0.id,
        c1_0.bairro,
        c1_0.cep,
        c1_0.cidade,
        c1_0.cod_status,
        c1_0.complemento,
        c1_0.cpf,
        c1_0.data_nascimento,
        c1_0.email,
        c1_0.endereco,
        c1_0.foto_perfil,
        c1_0.nome,
        c1_0.numero,
        c1_0.preferencias,
        c1_0.restricoes,
        c1_0.senha,
        c1_0.telefone,
        c1_0.tipo_usuario,
        c1_0.uf,
        c1_0.categoria,
        c1_0.promocao,
        c1_0.proprietario 
    from
        usuario c1_0 
    where
        c1_0.tipo_usuario='CONFEITEIRO'
Hibernate: 
    select
        c1_0.id,
        c1_0.bairro,
        c1_0.cep,
        c1_0.cidade,
        c1_0.cod_status,
        c1_0.complemento,
        c1_0.cpf,
        c1_0.data_nascimento,
        c1_0.email,
        c1_0.endereco,
        c1_0.foto_perfil,
        c1_0.nome,
        c1_0.numero,
        c1_0.preferencias,
        c1_0.restricoes,
        c1_0.senha,
        c1_0.telefone,
        c1_0.tipo_usuario,
        c1_0.uf,
        c1_0.categoria,
        c1_0.promocao,
        c1_0.proprietario 
    from
        usuario c1_0 
    where
        c1_0.tipo_usuario='CONFEITEIRO'
Hibernate: 
    select
        l1_0.id,
        l1_0.cnpj,
        c1_0.id,
        c1_0.bairro,
        c1_0.cep,
        c1_0.cidade,
        c1_0.cod_status,
        c1_0.complemento,
        c1_0.cpf,
        c1_0.data_nascimento,
        c1_0.email,
        c1_0.endereco,
        c1_0.foto_perfil,
        c1_0.nome,
        c1_0.numero,
        c1_0.preferencias,
        c1_0.restricoes,
        c1_0.senha,
        c1_0.telefone,
        c1_0.tipo_usuario,
        c1_0.uf,
        c1_0.categoria,
        c1_0.promocao,
        c1_0.proprietario,
        l1_0.data_cadastro,
        l1_0.descricao,
        l1_0.endereco,
        l1_0.foto_url,
        l1_0.nome_fantasia,
        l1_0.status,
        l1_0.telefone 
    from
        loja l1_0 
    left join
        (select
            * from usuario t 
        where
            t.tipo_usuario='CONFEITEIRO') c1_0 
            on c1_0.id=l1_0.confeiteiro_id 
    where
        l1_0.confeiteiro_id=?
Hibernate: 
    select
        l1_0.id,
        l1_0.cnpj,
        c1_0.id,
        c1_0.bairro,
        c1_0.cep,
        c1_0.cidade,
        c1_0.cod_status,
        c1_0.complemento,
        c1_0.cpf,
        c1_0.data_nascimento,
        c1_0.email,
        c1_0.endereco,
        c1_0.foto_perfil,
        c1_0.nome,
        c1_0.numero,
        c1_0.preferencias,
        c1_0.restricoes,
        c1_0.senha,
        c1_0.telefone,
        c1_0.tipo_usuario,
        c1_0.uf,
        c1_0.categoria,
        c1_0.promocao,
        c1_0.proprietario,
        l1_0.data_cadastro,
        l1_0.descricao,
        l1_0.endereco,
        l1_0.foto_url,
        l1_0.nome_fantasia,
        l1_0.status,
        l1_0.telefone 
    from
        loja l1_0 
    left join
        (select
            * from usuario t 
        where
            t.tipo_usuario='CONFEITEIRO') c1_0 
            on c1_0.id=l1_0.confeiteiro_id 
    where
        l1_0.confeiteiro_id=?
Hibernate: 
    select
        l1_0.id,
        l1_0.cnpj,
        c1_0.id,
        c1_0.bairro,
        c1_0.cep,
        c1_0.cidade,
        c1_0.cod_status,
        c1_0.complemento,
        c1_0.cpf,
        c1_0.data_nascimento,
        c1_0.email,
        c1_0.endereco,
        c1_0.foto_perfil,
        c1_0.nome,
        c1_0.numero,
        c1_0.preferencias,
        c1_0.restricoes,
        c1_0.senha,
        c1_0.telefone,
        c1_0.tipo_usuario,
        c1_0.uf,
        c1_0.categoria,
        c1_0.promocao,
        c1_0.proprietario,
        l1_0.data_cadastro,
        l1_0.descricao,
        l1_0.endereco,
        l1_0.foto_url,
        l1_0.nome_fantasia,
        l1_0.status,
        l1_0.telefone 
    from
        loja l1_0 
    left join
        (select
            * from usuario t 
        where
            t.tipo_usuario='CONFEITEIRO') c1_0 
            on c1_0.id=l1_0.confeiteiro_id 
    where
        l1_0.confeiteiro_id=?
Hibernate: 
    select
        l1_0.id,
        l1_0.cnpj,
        c1_0.id,
        c1_0.bairro,
        c1_0.cep,
        c1_0.cidade,
        c1_0.cod_status,
        c1_0.complemento,
        c1_0.cpf,
        c1_0.data_nascimento,
        c1_0.email,
        c1_0.endereco,
        c1_0.foto_perfil,
        c1_0.nome,
        c1_0.numero,
        c1_0.preferencias,
        c1_0.restricoes,
        c1_0.senha,
        c1_0.telefone,
        c1_0.tipo_usuario,
        c1_0.uf,
        c1_0.categoria,
        c1_0.promocao,
        c1_0.proprietario,
        l1_0.data_cadastro,
        l1_0.descricao,
        l1_0.endereco,
        l1_0.foto_url,
        l1_0.nome_fantasia,
        l1_0.status,
        l1_0.telefone 
    from
        loja l1_0 
    left join
        (select
            * from usuario t 
        where
            t.tipo_usuario='CONFEITEIRO') c1_0 
            on c1_0.id=l1_0.confeiteiro_id 
    where
        l1_0.confeiteiro_id=?
Hibernate: 
    select
        l1_0.id,
        l1_0.cnpj,
        c1_0.id,
        c1_0.bairro,
        c1_0.cep,
        c1_0.cidade,
        c1_0.cod_status,
        c1_0.complemento,
        c1_0.cpf,
        c1_0.data_nascimento,
        c1_0.email,
        c1_0.endereco,
        c1_0.foto_perfil,
        c1_0.nome,
        c1_0.numero,
        c1_0.preferencias,
        c1_0.restricoes,
        c1_0.senha,
        c1_0.telefone,
        c1_0.tipo_usuario,
        c1_0.uf,
        c1_0.categoria,
        c1_0.promocao,
        c1_0.proprietario,
        l1_0.data_cadastro,
        l1_0.descricao,
        l1_0.endereco,
        l1_0.foto_url,
        l1_0.nome_fantasia,
        l1_0.status,
        l1_0.telefone 
    from
        loja l1_0 
    left join
        (select
            * from usuario t 
        where
            t.tipo_usuario='CONFEITEIRO') c1_0 
            on c1_0.id=l1_0.confeiteiro_id 
    where
        l1_0.confeiteiro_id=?
DEBUG: Filtro processado com sucesso para: bia@gmail.com | Permissões: [ROLE_CLIENTE]
DEBUG: Filtro processado com sucesso para: bia@gmail.com | Permissões: [ROLE_CLIENTE]
DEBUG: Filtro processado com sucesso para: bia@gmail.com | Permissões: [ROLE_CLIENTE]
LOG PERFIL: GET /api/cliente/perfil chamado
LOG PERFIL: Usuário autenticado: bia@gmail.com | Role: [ROLE_CLIENTE] | Tipo: CLIENTE
Hibernate: 
    select
        c1_0.id,
        c1_0.bairro,
        c1_0.cep,
        c1_0.cidade,
        c1_0.cod_status,
        c1_0.complemento,
        c1_0.cpf,
        c1_0.data_nascimento,
        c1_0.email,
        c1_0.endereco,
        c1_0.foto_perfil,
        l1_0.id,
        l1_0.cnpj,
        l1_0.confeiteiro_id,
        l1_0.data_cadastro,
        l1_0.descricao,
        l1_0.endereco,
        l1_0.foto_url,
        l1_0.nome_fantasia,
        l1_0.status,
        l1_0.telefone,
        c1_0.nome,
        c1_0.numero,
        c1_0.preferencias,
        c1_0.restricoes,
        c1_0.senha,
        c1_0.telefone,
        c1_0.tipo_usuario,
        c1_0.uf,
        c1_0.apelido 
    from
        usuario c1_0 
    left join
        loja l1_0 
            on c1_0.id=l1_0.confeiteiro_id 
    where
        c1_0.tipo_usuario='CLIENTE' 
        and c1_0.id=?
LOG CPF       : 19199467349
LOG DATA_NASC : 2007-07-19
LOG APELIDO   : Mari
LOG FOTO      : http://192.168.1.102:8080/uploads/fotos/perfil_2_1781629656670.jpg
LOG PREF      : ["Bolos","Cupcakes"]
LOG DTO CPF   : 19199467349
LOG DTO DATA  : 2007-07-19
Hibernate: 
    select
        u1_0.id,
        u1_0.tipo_usuario,
        u1_0.bairro,
        u1_0.cep,
        u1_0.cidade,
        u1_0.cod_status,
        u1_0.complemento,
        u1_0.cpf,
        u1_0.data_nascimento,
        u1_0.email,
        u1_0.endereco,
        u1_0.foto_perfil,
        u1_0.nome,
        u1_0.numero,
        u1_0.preferencias,
        u1_0.restricoes,
        u1_0.senha,
        u1_0.telefone,
        u1_0.tipo_usuario,
        u1_0.uf,
        u1_0.nivel_acesso,
        u1_0.apelido,
        u1_0.categoria,
        u1_0.promocao,
        u1_0.proprietario,
        u1_0.cnh,
        u1_0.placa_veiculo,
        u1_0.veiculo 
    from
        usuario u1_0 
    where
        u1_0.email=?
Hibernate: 
    select
        c1_0.id,
        c1_0.bairro,
        c1_0.cep,
        c1_0.cidade,
        c1_0.cod_status,
        c1_0.complemento,
        c1_0.cpf,
        c1_0.data_nascimento,
        c1_0.email,
        c1_0.endereco,
        c1_0.foto_perfil,
        c1_0.nome,
        c1_0.numero,
        c1_0.preferencias,
        c1_0.restricoes,
        c1_0.senha,
        c1_0.telefone,
        c1_0.tipo_usuario,
        c1_0.uf,
        c1_0.categoria,
        c1_0.promocao,
        c1_0.proprietario 
    from
        usuario c1_0 
    where
        c1_0.tipo_usuario='CONFEITEIRO'
Hibernate: 
    select
        l1_0.id,
        l1_0.cnpj,
        c1_0.id,
        c1_0.bairro,
        c1_0.cep,
        c1_0.cidade,
        c1_0.cod_status,
        c1_0.complemento,
        c1_0.cpf,
        c1_0.data_nascimento,
        c1_0.email,
        c1_0.endereco,
        c1_0.foto_perfil,
        c1_0.nome,
        c1_0.numero,
        c1_0.preferencias,
        c1_0.restricoes,
        c1_0.senha,
        c1_0.telefone,
        c1_0.tipo_usuario,
        c1_0.uf,
        c1_0.categoria,
        c1_0.promocao,
        c1_0.proprietario,
        l1_0.data_cadastro,
        l1_0.descricao,
        l1_0.endereco,
        l1_0.foto_url,
        l1_0.nome_fantasia,
        l1_0.status,
        l1_0.telefone 
    from
        loja l1_0 
    left join
        (select
            * from usuario t 
        where
            t.tipo_usuario='CONFEITEIRO') c1_0 
            on c1_0.id=l1_0.confeiteiro_id 
    where
        l1_0.confeiteiro_id=?
Hibernate: 
    select
        l1_0.id,
        l1_0.cnpj,
        c1_0.id,
        c1_0.bairro,
        c1_0.cep,
        c1_0.cidade,
        c1_0.cod_status,
        c1_0.complemento,
        c1_0.cpf,
        c1_0.data_nascimento,
        c1_0.email,
        c1_0.endereco,
        c1_0.foto_perfil,
        c1_0.nome,
        c1_0.numero,
        c1_0.preferencias,
        c1_0.restricoes,
        c1_0.senha,
        c1_0.telefone,
        c1_0.tipo_usuario,
        c1_0.uf,
        c1_0.categoria,
        c1_0.promocao,
        c1_0.proprietario,
        l1_0.data_cadastro,
        l1_0.descricao,
        l1_0.endereco,
        l1_0.foto_url,
        l1_0.nome_fantasia,
        l1_0.status,
        l1_0.telefone 
    from
        loja l1_0 
    left join
        (select
            * from usuario t 
        where
            t.tipo_usuario='CONFEITEIRO') c1_0 
            on c1_0.id=l1_0.confeiteiro_id 
    where
        l1_0.confeiteiro_id=?
DEBUG: Filtro processado com sucesso para: bia@gmail.com | Permissões: [ROLE_CLIENTE]
Hibernate: 
    select
        u1_0.id,
        u1_0.tipo_usuario,
        u1_0.bairro,
        u1_0.cep,
        u1_0.cidade,
        u1_0.cod_status,
        u1_0.complemento,
        u1_0.cpf,
        u1_0.data_nascimento,
        u1_0.email,
        u1_0.endereco,
        u1_0.foto_perfil,
        u1_0.nome,
        u1_0.numero,
        u1_0.preferencias,
        u1_0.restricoes,
        u1_0.senha,
        u1_0.telefone,
        u1_0.tipo_usuario,
        u1_0.uf,
        u1_0.nivel_acesso,
        u1_0.apelido,
        u1_0.categoria,
        u1_0.promocao,
        u1_0.proprietario,
        u1_0.cnh,
        u1_0.placa_veiculo,
        u1_0.veiculo 
    from
        usuario u1_0 
    where
        u1_0.email=?
Hibernate: 
    select
        l1_0.id,
        l1_0.cnpj,
        c1_0.id,
        c1_0.bairro,
        c1_0.cep,
        c1_0.cidade,
        c1_0.cod_status,
        c1_0.complemento,
        c1_0.cpf,
        c1_0.data_nascimento,
        c1_0.email,
        c1_0.endereco,
        c1_0.foto_perfil,
        c1_0.nome,
        c1_0.numero,
        c1_0.preferencias,
        c1_0.restricoes,
        c1_0.senha,
        c1_0.telefone,
        c1_0.tipo_usuario,
        c1_0.uf,
        c1_0.categoria,
        c1_0.promocao,
        c1_0.proprietario,
        l1_0.data_cadastro,
        l1_0.descricao,
        l1_0.endereco,
        l1_0.foto_url,
        l1_0.nome_fantasia,
        l1_0.status,
        l1_0.telefone 
    from
        loja l1_0 
    left join
        (select
            * from usuario t 
        where
            t.tipo_usuario='CONFEITEIRO') c1_0 
            on c1_0.id=l1_0.confeiteiro_id 
    where
        l1_0.confeiteiro_id=?
LOG DTO JSON  : {"id":2,"nome":"Marina Gonçalves de Brito","apelido":"Mari","cpf":"19199467349","dataNascimento":"2007-07-19","email":"bia@gmail.com","telefone":"97675537678","cep":"06660485","logradouro":"Rua Francana","numero":"0","complemento":null,"bairro":"Vila Santa Rita","cidade":"Itapevi","estado":"SP","fotoPerfil":"http://192.168.1.102:8080/uploads/fotos/perfil_2_1781629656670.jpg","preferencias":["Bolos","Cupcakes"],"restricoes":["Sem Glúten","Sem Lactose"]}
2026-06-16T15:20:52.844-03:00  WARN 8456 --- [docelivery] [nio-8080-exec-9] .m.m.a.ExceptionHandlerExceptionResolver : Resolved [org.springframework.web.servlet.resource.NoResourceFoundException: No static resource api/favoritos/lojas for request '/api/favoritos/lojas'.]
2026-06-16T15:20:52.844-03:00  WARN 8456 --- [docelivery] [nio-8080-exec-7] .m.m.a.ExceptionHandlerExceptionResolver : Resolved [org.springframework.web.servlet.resource.NoResourceFoundException: No static resource api/favoritos/lojas for request '/api/favoritos/lojas'.]
2026-06-16T15:20:52.844-03:00  WARN 8456 --- [docelivery] [nio-8080-exec-1] .m.m.a.ExceptionHandlerExceptionResolver : Resolved [org.springframework.web.servlet.resource.NoResourceFoundException: No static resource api/favoritos/produtos for request '/api/favoritos/produtos'.]
DEBUG: Filtro processado com sucesso para: bia@gmail.com | Permissões: [ROLE_CLIENTE]
2026-06-16T15:20:52.986-03:00  WARN 8456 --- [docelivery] [nio-8080-exec-5] .m.m.a.ExceptionHandlerExceptionResolver : Resolved [org.springframework.web.servlet.resource.NoResourceFoundException: No static resource api/favoritos/lojas for request '/api/favoritos/lojas'.]
Hibernate: 
    select
        u1_0.id,
        u1_0.tipo_usuario,
        u1_0.bairro,
        u1_0.cep,
        u1_0.cidade,
        u1_0.cod_status,
        u1_0.complemento,
        u1_0.cpf,
        u1_0.data_nascimento,
        u1_0.email,
        u1_0.endereco,
        u1_0.foto_perfil,
        u1_0.nome,
        u1_0.numero,
        u1_0.preferencias,
        u1_0.restricoes,
        u1_0.senha,
        u1_0.telefone,
        u1_0.tipo_usuario,
        u1_0.uf,
        u1_0.nivel_acesso,
        u1_0.apelido,
        u1_0.categoria,
        u1_0.promocao,
        u1_0.proprietario,
        u1_0.cnh,
        u1_0.placa_veiculo,
        u1_0.veiculo 
    from
        usuario u1_0 
    where
        u1_0.email=?
Hibernate: 
    select
        u1_0.id,
        u1_0.tipo_usuario,
        u1_0.bairro,
        u1_0.cep,
        u1_0.cidade,
        u1_0.cod_status,
        u1_0.complemento,
        u1_0.cpf,
        u1_0.data_nascimento,
        u1_0.email,
        u1_0.endereco,
        u1_0.foto_perfil,
        u1_0.nome,
        u1_0.numero,
        u1_0.preferencias,
        u1_0.restricoes,
        u1_0.senha,
        u1_0.telefone,
        u1_0.tipo_usuario,
        u1_0.uf,
        u1_0.nivel_acesso,
        u1_0.apelido,
        u1_0.categoria,
        u1_0.promocao,
        u1_0.proprietario,
        u1_0.cnh,
        u1_0.placa_veiculo,
        u1_0.veiculo 
    from
        usuario u1_0 
    where
        u1_0.email=?
Hibernate: 
    select
        l1_0.id,
        l1_0.cnpj,
        c1_0.id,
        c1_0.bairro,
        c1_0.cep,
        c1_0.cidade,
        c1_0.cod_status,
        c1_0.complemento,
        c1_0.cpf,
        c1_0.data_nascimento,
        c1_0.email,
        c1_0.endereco,
        c1_0.foto_perfil,
        c1_0.nome,
        c1_0.numero,
        c1_0.preferencias,
        c1_0.restricoes,
        c1_0.senha,
        c1_0.telefone,
        c1_0.tipo_usuario,
        c1_0.uf,
        c1_0.categoria,
        c1_0.promocao,
        c1_0.proprietario,
        l1_0.data_cadastro,
        l1_0.descricao,
        l1_0.endereco,
        l1_0.foto_url,
        l1_0.nome_fantasia,
        l1_0.status,
        l1_0.telefone 
    from
        loja l1_0 
    left join
        (select
            * from usuario t 
        where
            t.tipo_usuario='CONFEITEIRO') c1_0 
            on c1_0.id=l1_0.confeiteiro_id 
    where
        l1_0.confeiteiro_id=?
Hibernate: 
    select
        l1_0.id,
        l1_0.cnpj,
        c1_0.id,
        c1_0.bairro,
        c1_0.cep,
        c1_0.cidade,
        c1_0.cod_status,
        c1_0.complemento,
        c1_0.cpf,
        c1_0.data_nascimento,
        c1_0.email,
        c1_0.endereco,
        c1_0.foto_perfil,
        c1_0.nome,
        c1_0.numero,
        c1_0.preferencias,
        c1_0.restricoes,
        c1_0.senha,
        c1_0.telefone,
        c1_0.tipo_usuario,
        c1_0.uf,
        c1_0.categoria,
        c1_0.promocao,
        c1_0.proprietario,
        l1_0.data_cadastro,
        l1_0.descricao,
        l1_0.endereco,
        l1_0.foto_url,
        l1_0.nome_fantasia,
        l1_0.status,
        l1_0.telefone 
    from
        loja l1_0 
    left join
        (select
            * from usuario t 
        where
            t.tipo_usuario='CONFEITEIRO') c1_0 
            on c1_0.id=l1_0.confeiteiro_id 
    where
        l1_0.confeiteiro_id=?
DEBUG: Filtro processado com sucesso para: bia@gmail.com | Permissões: [ROLE_CLIENTE]
DEBUG: Filtro processado com sucesso para: bia@gmail.com | Permissões: [ROLE_CLIENTE]
2026-06-16T15:20:55.156-03:00  WARN 8456 --- [docelivery] [nio-8080-exec-4] .m.m.a.ExceptionHandlerExceptionResolver : Resolved [org.springframework.web.servlet.resource.NoResourceFoundException: No static resource api/favoritos/produtos for request '/api/favoritos/produtos'.]
2026-06-16T15:20:55.159-03:00  WARN 8456 --- [docelivery] [io-8080-exec-10] .m.m.a.ExceptionHandlerExceptionResolver : Resolved [org.springframework.web.servlet.resource.NoResourceFoundException: No static resource api/favoritos/lojas for request '/api/favoritos/lojas'.]
2026-06-16T15:24:48.733-03:00  WARN 8456 --- [docelivery] [nio-8080-exec-3] .m.m.a.ExceptionHandlerExceptionResolver : Resolved [org.springframework.web.HttpRequestMethodNotSupportedException: Request method 'GET' is not supported]
2026-06-16T15:37:12.634-03:00  INFO 8456 --- [docelivery] [MessageBroker-2] o.s.w.s.c.WebSocketMessageBrokerStats    : WebSocketSession[0 current WS(0)-HttpStream(0)-HttpPoll(0), 0 total, 0 closed abnormally (0 connect failure, 0 send limit, 0 transport error)], stompSubProtocol[processed CONNECT(0)-CONNECTED(0)-DISCONNECT(0)], stompBrokerRelay[null], inboundChannel[pool size = 0, active threads = 0, queued tasks = 0, completed tasks = 0], outboundChannel[pool size = 0, active threads = 0, queued tasks = 0, completed tasks = 0], sockJsScheduler[pool size = 7, active threads = 1, queued tasks = 1, completed tasks = 5]
